order_id,date,city,cuisine,order_value_inr,discount_pct,repeat_customer,rating,delivery_time_min,is_weekend
1,2026-04-01,Hyderabad,South Indian,148.4,11.9,False,4.14,28.0,False
2,2026-04-01,Hyderabad,South Indian,324.48,15.44,True,3.81,40.1,False
3,2026-04-01,Surat,Chinese,456.83,14.19,False,4.34,36.6,False
4,2026-04-01,Mumbai,South Indian,236.75,13.48,True,4.55,33.2,False
5,2026-04-01,Chennai,South Indian,302.51,15.59,False,4.19,35.5,False
6,2026-04-01,Chandigarh,North Indian,426.24,15.08,False,4.04,30.7,False
7,2026-04-01,Ahmedabad,North Indian,340.0,16.44,False,4.21,38.1,False
8,2026-04-01,Ahmedabad,North Indian,377.28,16.22,True,3.75,27.6,False
9,2026-04-01,Pune,South Indian,235.56,14.82,False,4.31,29.4,False
10,2026-04-01,Delhi,South Indian,287.85,13.56,True,4.31,38.7,False
11,2026-04-01,Hyderabad,South Indian,163.48,11.61,True,4.29,27.7,False
12,2026-04-01,Bengaluru,South Indian,302.19,12.63,True,4.03,39.9,False
13,2026-04-01,Bengaluru,Chinese,312.94,11.61,False,4.23,34.2,False
14,2026-04-01,Ahmedabad,North Indian,436.57,14.94,True,4.27,44.2,False
15,2026-04-01,Ahmedabad,Desserts & Bakery,191.99,11.75,False,,23.7,False
16,2026-04-01,Chennai,North Indian,604.5,20.33,False,3.4,35.9,False
17,2026-04-01,Pune,Chinese,348.85,16.63,False,3.79,22.3,False
18,2026-04-01,Surat,South Indian,361.13,14.76,True,3.74,27.2,False
19,2026-04-01,Ahmedabad,Italian,615.92,12.69,False,4.1,33.7,False
20,2026-04-01,Guwahati,North Indian,306.75,11.94,False,4.21,33.2,False
21,2026-04-01,Chennai,South Indian,236.49,16.71,True,4.21,25.4,False
22,2026-04-01,Bengaluru,Italian,499.46,13.73,False,4.64,27.7,False
23,2026-04-01,Bhopal,Chinese,347.06,15.18,True,4.38,19.6,False
24,2026-04-01,Chennai,South Indian,209.77,13.83,False,4.16,30.6,False
25,2026-04-01,Pune,South Indian,336.5,14.19,False,,35.7,False
26,2026-04-01,Surat,North Indian,441.09,19.53,False,4.05,23.8,False
27,2026-04-01,Bhopal,North Indian,352.63,13.19,True,3.78,30.3,False
28,2026-04-01,Hyderabad,South Indian,159.46,11.57,True,3.77,46.9,False
29,2026-04-01,Mumbai,South Indian,279.54,17.96,True,4.42,37.0,False
30,2026-04-01,Pune,North Indian,397.99,13.97,True,,37.3,False
31,2026-04-01,Chandigarh,North Indian,424.91,14.5,False,,33.3,False
32,2026-04-01,Bengaluru,Chinese,299.57,12.28,False,,37.4,False
33,2026-04-01,Mumbai,Italian,392.97,13.56,False,4.05,33.3,False
34,2026-04-01,Chennai,Italian,226.37,14.03,False,4.02,21.7,False
35,2026-04-01,Hyderabad,Chinese,428.42,13.84,True,4.03,43.1,False
36,2026-04-01,Guwahati,North Indian,460.57,17.99,False,4.05,34.5,False
37,2026-04-01,Pune,North Indian,492.29,14.12,False,4.79,39.1,False
38,2026-04-01,Guwahati,Desserts & Bakery,186.06,17.52,False,3.8,34.2,False
39,2026-04-01,Ahmedabad,South Indian,222.69,16.81,False,4.26,34.5,False
40,2026-04-01,Nagpur,South Indian,226.19,15.68,True,,36.6,False
41,2026-04-01,Hyderabad,South Indian,321.12,14.97,False,3.85,33.0,False
42,2026-04-01,Mumbai,Desserts & Bakery,161.1,14.25,False,3.86,35.4,False
43,2026-04-01,Chennai,Desserts & Bakery,249.58,16.18,True,4.08,20.0,False
44,2026-04-01,Ahmedabad,North Indian,541.0,11.3,True,3.87,37.1,False
45,2026-04-01,Guwahati,North Indian,206.55,14.61,True,4.4,35.0,False
46,2026-04-01,Delhi,North Indian,354.89,14.14,False,4.01,37.6,False
47,2026-04-01,Delhi,North Indian,235.84,11.91,True,3.91,39.2,False
48,2026-04-01,Guwahati,South Indian,335.94,14.36,True,4.62,34.6,False
49,2026-04-01,Kochi,South Indian,209.2,13.78,False,3.67,36.7,False
50,2026-04-01,Surat,Italian,310.54,16.36,True,3.78,29.4,False
51,2026-04-01,Bhopal,Chinese,388.66,17.14,True,4.52,31.7,False
52,2026-04-01,Guwahati,Chinese,387.62,18.4,True,4.21,41.5,False
53,2026-04-01,Hyderabad,South Indian,277.96,12.83,True,3.76,30.8,False
54,2026-04-01,Hyderabad,North Indian,331.1,15.2,False,4.21,38.3,False
55,2026-04-01,Bhopal,Chinese,360.5,19.7,True,4.18,38.1,False
56,2026-04-01,Chennai,Italian,569.23,12.8,True,4.38,41.6,False
57,2026-04-01,Delhi,North Indian,391.48,16.37,False,,20.1,False
58,2026-04-01,Kochi,North Indian,353.52,11.49,True,5.0,37.0,False
59,2026-04-01,Pune,South Indian,242.99,14.7,True,4.27,38.7,False
60,2026-04-01,Mumbai,Desserts & Bakery,165.18,12.72,False,4.64,30.9,False
61,2026-04-01,Delhi,Chinese,483.93,13.78,True,4.31,23.0,False
62,2026-04-01,Pune,South Indian,123.05,12.93,True,4.24,32.7,False
63,2026-04-01,Surat,North Indian,326.81,15.91,True,4.34,36.1,False
64,2026-04-01,Kochi,Italian,433.8,12.44,True,3.97,27.8,False
65,2026-04-01,Hyderabad,South Indian,216.21,16.3,True,,29.4,False
66,2026-04-01,Hyderabad,South Indian,256.11,15.02,False,3.64,43.4,False
67,2026-04-01,Chennai,Italian,244.3,12.19,False,4.4,48.0,False
68,2026-04-01,Hyderabad,South Indian,352.16,12.06,True,3.57,25.0,False
69,2026-04-01,Bhopal,Desserts & Bakery,221.16,10.95,True,4.6,29.6,False
70,2026-04-01,Nagpur,Italian,571.26,11.13,True,4.23,24.0,False
71,2026-04-01,Bhopal,South Indian,300.83,14.98,True,4.0,34.2,False
72,2026-04-01,Chennai,North Indian,370.71,13.68,False,3.31,45.3,False
73,2026-04-01,Kochi,South Indian,242.24,13.93,False,4.35,37.7,False
74,2026-04-01,Chandigarh,Desserts & Bakery,217.94,13.83,True,3.54,35.2,False
75,2026-04-01,Guwahati,North Indian,574.11,12.29,True,,27.9,False
76,2026-04-01,Surat,Chinese,226.0,14.46,True,4.12,22.1,False
77,2026-04-01,Pune,Chinese,156.87,16.07,False,3.69,39.9,False
78,2026-04-01,Mumbai,North Indian,458.83,15.28,False,4.37,42.8,False
79,2026-04-01,Chandigarh,Italian,470.19,13.54,False,3.99,31.0,False
80,2026-04-01,Chennai,North Indian,211.94,12.85,True,3.81,27.6,False
81,2026-04-01,Chennai,North Indian,324.75,14.39,True,3.83,37.9,False
82,2026-04-01,Hyderabad,North Indian,484.83,12.43,True,3.72,23.1,False
83,2026-04-01,Hyderabad,Italian,509.0,16.76,True,3.83,44.2,False
84,2026-04-01,Pune,North Indian,316.55,15.4,True,,32.7,False
85,2026-04-01,Guwahati,North Indian,494.57,11.26,False,4.57,26.9,False
86,2026-04-01,Kochi,Italian,725.64,15.53,False,4.15,31.9,False
87,2026-04-01,Hyderabad,Desserts & Bakery,262.49,12.66,True,4.3,42.7,False
88,2026-04-01,Hyderabad,North Indian,451.49,10.93,True,3.7,45.8,False
89,2026-04-01,Bhopal,Italian,674.51,14.52,True,4.29,34.4,False
90,2026-04-01,Ranchi,North Indian,586.09,16.29,True,4.17,32.6,False
91,2026-04-01,Surat,North Indian,304.47,15.52,False,4.11,41.0,False
92,2026-04-01,Bengaluru,North Indian,341.92,12.33,True,4.6,41.7,False
93,2026-04-01,Bhopal,Chinese,377.2,14.1,False,3.97,29.6,False
94,2026-04-01,Kochi,South Indian,275.63,12.22,True,3.74,19.2,False
95,2026-04-01,Bhopal,Chinese,350.69,16.93,False,4.7,26.1,False
96,2026-04-01,Guwahati,Italian,482.68,17.35,False,,47.3,False
97,2026-04-01,Hyderabad,Italian,534.99,15.23,False,3.9,40.8,False
98,2026-04-01,Guwahati,North Indian,422.87,15.06,True,4.3,20.4,False
99,2026-04-01,Ranchi,North Indian,414.6,14.67,True,3.68,31.2,False
100,2026-04-01,Chennai,North Indian,326.87,15.95,False,3.46,33.9,False
101,2026-04-01,Pune,Italian,545.8,16.4,False,3.77,36.0,False
102,2026-04-01,Pune,North Indian,262.55,12.83,True,4.16,31.8,False
103,2026-04-01,Kochi,South Indian,287.39,11.43,True,4.1,45.1,False
104,2026-04-01,Guwahati,Italian,373.91,14.64,False,4.29,37.9,False
105,2026-04-01,Bengaluru,Italian,684.31,15.56,True,4.04,27.9,False
106,2026-04-01,Kochi,Chinese,509.07,14.16,True,4.18,34.0,False
107,2026-04-01,Ranchi,Desserts & Bakery,224.3,15.68,True,4.48,40.1,False
108,2026-04-01,Guwahati,South Indian,328.66,15.08,True,3.12,36.7,False
109,2026-04-01,Bhopal,North Indian,464.12,12.18,True,3.98,49.7,False
110,2026-04-01,Bhopal,North Indian,432.11,12.5,False,,24.4,False
111,2026-04-01,Pune,Chinese,362.74,13.93,False,4.37,27.0,False
112,2026-04-01,Chandigarh,South Indian,178.96,15.39,False,4.23,39.1,False
113,2026-04-01,Kochi,Chinese,386.22,13.89,False,4.67,46.6,False
114,2026-04-01,Bhopal,Chinese,420.73,14.74,False,4.13,28.9,False
115,2026-04-01,Hyderabad,North Indian,451.44,15.84,False,4.28,25.4,False
116,2026-04-02,Bhopal,North Indian,325.66,14.6,True,4.37,36.4,False
117,2026-04-02,Guwahati,Chinese,193.05,13.77,False,4.15,41.3,False
118,2026-04-02,Ranchi,South Indian,287.75,13.44,False,3.95,39.6,False
119,2026-04-02,Kochi,Chinese,415.33,14.7,True,3.96,37.8,False
120,2026-04-02,Nagpur,South Indian,248.33,14.72,True,4.67,35.0,False
121,2026-04-02,Pune,South Indian,251.21,17.41,False,3.92,33.6,False
122,2026-04-02,Pune,Italian,511.15,14.11,True,3.59,27.6,False
123,2026-04-02,Mumbai,South Indian,226.45,17.37,True,4.3,34.4,False
124,2026-04-02,Kochi,North Indian,277.37,15.81,True,4.15,39.6,False
125,2026-04-02,Surat,Desserts & Bakery,206.9,17.66,False,4.58,41.9,False
126,2026-04-02,Hyderabad,South Indian,197.23,15.9,False,4.61,39.9,False
127,2026-04-02,Bhopal,Chinese,340.96,14.7,False,4.02,36.5,False
128,2026-04-02,Delhi,North Indian,350.72,14.03,True,4.77,33.3,False
129,2026-04-02,Mumbai,Italian,489.9,13.13,True,4.6,34.4,False
130,2026-04-02,Bhopal,South Indian,358.32,9.86,True,4.16,38.8,False
131,2026-04-02,Delhi,North Indian,515.19,14.87,False,3.95,38.9,False
132,2026-04-02,Hyderabad,Desserts & Bakery,96.77,11.66,True,4.06,23.4,False
133,2026-04-02,Ahmedabad,Italian,726.12,13.68,True,3.48,33.2,False
134,2026-04-02,Hyderabad,Italian,432.83,14.8,True,3.69,40.0,False
135,2026-04-02,Chandigarh,North Indian,292.82,13.87,False,4.1,44.7,False
136,2026-04-02,Chennai,North Indian,598.68,18.42,True,4.67,26.6,False
137,2026-04-02,Bengaluru,North Indian,410.54,13.2,True,3.84,50.0,False
138,2026-04-02,Bengaluru,North Indian,402.82,13.07,True,3.52,18.3,False
139,2026-04-02,Mumbai,South Indian,333.82,15.32,False,,37.7,False
140,2026-04-02,Pune,Chinese,404.84,13.4,False,4.18,36.3,False
141,2026-04-02,Ahmedabad,North Indian,477.12,17.6,False,4.74,30.3,False
142,2026-04-02,Hyderabad,Desserts & Bakery,126.48,14.16,True,4.68,28.4,False
143,2026-04-02,Surat,North Indian,491.56,14.42,True,4.5,34.7,False
144,2026-04-02,Bengaluru,South Indian,253.39,12.83,False,4.36,44.8,False
145,2026-04-02,Guwahati,Desserts & Bakery,181.19,14.55,True,4.28,32.5,False
146,2026-04-02,Bhopal,Chinese,423.03,14.62,False,4.14,48.0,False
147,2026-04-02,Ahmedabad,North Indian,383.54,10.24,True,3.6,29.4,False
148,2026-04-02,Mumbai,Italian,281.54,15.73,True,3.28,27.0,False
149,2026-04-02,Hyderabad,Chinese,266.54,16.11,False,4.35,46.9,False
150,2026-04-02,Delhi,Chinese,454.28,12.98,False,3.6,35.6,False
151,2026-04-02,Chennai,North Indian,408.56,15.98,True,4.46,35.9,False
152,2026-04-02,Nagpur,North Indian,480.79,19.92,False,4.3,37.1,False
153,2026-04-02,Chennai,Desserts & Bakery,225.1,13.04,True,4.06,37.9,False
154,2026-04-02,Nagpur,North Indian,596.76,15.43,True,4.01,32.2,False
155,2026-04-02,Hyderabad,Desserts & Bakery,249.82,13.74,True,4.62,42.7,False
156,2026-04-02,Chandigarh,Desserts & Bakery,228.7,11.29,True,4.34,35.2,False
157,2026-04-02,Kochi,South Indian,96.0,13.87,True,4.18,42.7,False
158,2026-04-02,Delhi,Chinese,306.78,17.45,True,3.5,47.0,False
159,2026-04-02,Bengaluru,Desserts & Bakery,144.87,16.87,True,3.98,29.9,False
160,2026-04-02,Ahmedabad,Chinese,359.3,15.53,False,3.6,42.8,False
161,2026-04-02,Pune,North Indian,511.98,16.44,True,4.08,36.7,False
162,2026-04-02,Pune,South Indian,307.16,16.34,False,4.06,27.5,False
163,2026-04-02,Mumbai,Chinese,353.39,13.62,False,4.54,29.3,False
164,2026-04-02,Delhi,North Indian,406.69,15.08,False,4.04,29.8,False
165,2026-04-02,Delhi,South Indian,237.39,17.43,False,4.18,46.5,False
166,2026-04-02,Surat,Desserts & Bakery,170.56,15.42,False,3.7,24.5,False
167,2026-04-02,Bengaluru,North Indian,523.95,14.47,False,4.09,48.7,False
168,2026-04-02,Ranchi,North Indian,461.58,15.63,False,4.42,28.3,False
169,2026-04-02,Pune,North Indian,436.52,13.27,True,3.77,31.5,False
170,2026-04-02,Chennai,South Indian,300.73,12.14,False,4.61,36.3,False
171,2026-04-02,Chennai,North Indian,416.01,18.5,True,4.34,40.3,False
172,2026-04-02,Hyderabad,South Indian,219.11,17.12,False,3.71,14.8,False
173,2026-04-02,Kochi,Italian,643.42,16.9,True,4.37,37.9,False
174,2026-04-02,Ahmedabad,Italian,749.8,12.58,False,3.82,44.6,False
175,2026-04-02,Kochi,Chinese,351.69,17.23,False,3.87,37.9,False
176,2026-04-02,Mumbai,North Indian,366.25,13.77,False,3.89,39.4,False
177,2026-04-02,Nagpur,Italian,536.01,12.87,False,3.93,25.9,False
178,2026-04-02,Bengaluru,Chinese,361.99,14.06,False,3.64,25.2,False
179,2026-04-02,Delhi,Desserts & Bakery,225.97,16.88,True,3.9,33.2,False
180,2026-04-02,Bhopal,North Indian,328.99,13.59,True,4.09,28.9,False
181,2026-04-02,Ranchi,Chinese,378.9,17.66,False,4.55,42.9,False
182,2026-04-02,Bengaluru,Chinese,400.24,14.89,False,4.25,32.2,False
183,2026-04-02,Bengaluru,Desserts & Bakery,234.58,20.33,False,3.88,38.0,False
184,2026-04-02,Surat,North Indian,437.78,16.76,False,4.28,41.5,False
185,2026-04-02,Pune,South Indian,259.03,15.07,False,4.49,34.1,False
186,2026-04-02,Chennai,Italian,243.83,15.8,True,4.11,42.2,False
187,2026-04-02,Hyderabad,Italian,665.62,15.57,False,3.6,36.7,False
188,2026-04-02,Ranchi,Italian,793.07,12.3,False,4.57,29.1,False
189,2026-04-02,Hyderabad,North Indian,355.44,14.32,False,4.31,32.4,False
190,2026-04-02,Pune,South Indian,218.47,13.94,True,3.96,42.6,False
191,2026-04-02,Delhi,Italian,548.37,14.22,False,,23.0,False
192,2026-04-02,Kochi,Italian,377.11,15.32,False,3.54,35.4,False
193,2026-04-02,Ranchi,South Indian,126.99,14.97,True,4.24,41.2,False
194,2026-04-02,Kochi,Chinese,410.77,14.27,False,3.95,30.3,False
195,2026-04-02,Mumbai,North Indian,290.85,13.17,False,,34.7,False
196,2026-04-02,Nagpur,South Indian,262.15,14.32,False,3.65,30.4,False
197,2026-04-02,Pune,North Indian,344.25,14.72,True,4.33,24.8,False
198,2026-04-02,Chandigarh,North Indian,449.0,13.52,True,3.93,29.4,False
199,2026-04-02,Ahmedabad,Chinese,495.43,19.04,False,3.74,28.6,False
200,2026-04-02,Chandigarh,Chinese,348.57,12.07,True,5.0,30.8,False
201,2026-04-02,Bhopal,Chinese,448.66,15.09,True,3.76,44.2,False
202,2026-04-02,Delhi,Chinese,282.11,15.88,True,3.59,36.1,False
203,2026-04-02,Bengaluru,North Indian,445.3,13.9,False,,31.7,False
204,2026-04-02,Mumbai,North Indian,416.33,15.38,False,4.18,20.6,False
205,2026-04-02,Guwahati,South Indian,314.95,10.59,True,4.15,35.2,False
206,2026-04-02,Ahmedabad,Desserts & Bakery,232.36,13.98,False,4.58,38.5,False
207,2026-04-02,Nagpur,Chinese,483.46,12.75,False,4.17,26.2,False
208,2026-04-02,Ahmedabad,Chinese,377.39,13.98,False,3.94,34.1,False
209,2026-04-02,Mumbai,Chinese,198.61,14.57,False,,38.6,False
210,2026-04-02,Mumbai,North Indian,482.1,15.45,False,,41.3,False
211,2026-04-02,Mumbai,Chinese,274.1,17.33,False,4.21,32.5,False
212,2026-04-02,Guwahati,North Indian,500.57,13.38,False,3.78,21.2,False
213,2026-04-02,Pune,Chinese,231.21,15.95,True,4.19,19.9,False
214,2026-04-02,Surat,South Indian,170.7,15.59,True,3.75,18.9,False
215,2026-04-02,Delhi,Chinese,395.88,13.6,False,4.52,38.2,False
216,2026-04-02,Delhi,Desserts & Bakery,211.5,14.79,False,3.88,37.6,False
217,2026-04-02,Delhi,South Indian,85.68,13.27,False,3.64,26.3,False
218,2026-04-02,Chandigarh,Chinese,355.64,12.12,False,4.45,39.1,False
219,2026-04-02,Bengaluru,Desserts & Bakery,269.76,11.8,False,3.74,29.3,False
220,2026-04-02,Surat,North Indian,306.54,10.14,True,,28.7,False
221,2026-04-02,Pune,Chinese,364.47,14.99,True,4.23,26.8,False
222,2026-04-02,Hyderabad,South Indian,226.48,14.83,True,4.07,28.9,False
223,2026-04-02,Delhi,North Indian,380.23,16.09,True,4.19,45.9,False
224,2026-04-02,Hyderabad,North Indian,440.08,17.65,True,3.95,34.2,False
225,2026-04-02,Chennai,North Indian,438.33,12.97,True,4.29,37.8,False
226,2026-04-02,Delhi,South Indian,282.42,15.11,False,4.92,30.8,False
227,2026-04-02,Hyderabad,North Indian,290.2,16.75,True,4.57,38.4,False
228,2026-04-02,Chennai,Chinese,359.19,17.68,True,3.92,38.1,False
229,2026-04-02,Guwahati,Desserts & Bakery,216.0,14.36,False,4.35,15.8,False
230,2026-04-02,Hyderabad,Desserts & Bakery,187.2,15.82,True,4.41,30.8,False
231,2026-04-02,Mumbai,North Indian,505.25,15.82,False,3.67,27.0,False
232,2026-04-02,Ahmedabad,Italian,391.53,16.03,True,5.0,36.6,False
233,2026-04-02,Nagpur,South Indian,225.52,12.31,False,4.25,36.7,False
234,2026-04-02,Chennai,South Indian,258.15,15.56,True,,24.2,False
235,2026-04-02,Bengaluru,North Indian,367.0,11.93,True,3.4,27.6,False
236,2026-04-02,Delhi,North Indian,434.64,16.54,False,3.99,29.6,False
237,2026-04-02,Bhopal,Italian,535.09,16.14,False,4.45,28.4,False
238,2026-04-02,Delhi,South Indian,161.93,13.07,True,3.97,43.8,False
239,2026-04-02,Kochi,North Indian,456.08,15.49,True,4.32,32.2,False
240,2026-04-02,Kochi,Italian,608.38,15.61,True,4.17,33.8,False
241,2026-04-02,Mumbai,Chinese,393.45,16.64,True,4.02,36.3,False
242,2026-04-02,Nagpur,Chinese,427.03,15.14,False,4.03,52.9,False
243,2026-04-02,Ahmedabad,North Indian,332.9,16.37,True,4.13,39.1,False
244,2026-04-02,Mumbai,Italian,588.75,15.17,False,3.89,30.3,False
245,2026-04-03,Ranchi,Italian,592.46,15.71,True,3.55,28.8,False
246,2026-04-03,Pune,Chinese,336.27,12.07,False,4.32,37.6,False
247,2026-04-03,Delhi,North Indian,441.66,10.78,False,4.16,33.1,False
248,2026-04-03,Pune,Chinese,417.51,12.64,True,4.21,21.0,False
249,2026-04-03,Bengaluru,Chinese,295.58,13.42,False,4.36,41.6,False
250,2026-04-03,Chennai,Italian,589.88,13.63,False,4.6,46.4,False
251,2026-04-03,Ahmedabad,South Indian,254.39,13.2,False,3.88,34.6,False
252,2026-04-03,Nagpur,North Indian,433.95,15.66,False,4.32,26.5,False
253,2026-04-03,Pune,North Indian,323.54,14.42,False,4.04,42.6,False
254,2026-04-03,Chandigarh,North Indian,465.49,13.26,False,,33.6,False
255,2026-04-03,Chandigarh,South Indian,298.62,9.74,True,4.27,35.7,False
256,2026-04-03,Ahmedabad,Desserts & Bakery,173.74,14.78,True,4.43,38.3,False
257,2026-04-03,Bhopal,Italian,567.63,12.32,True,,34.9,False
258,2026-04-03,Ranchi,North Indian,369.5,10.53,True,4.54,35.9,False
259,2026-04-03,Hyderabad,Italian,780.54,16.44,True,4.55,42.4,False
260,2026-04-03,Pune,North Indian,657.7,13.0,True,,30.6,False
261,2026-04-03,Kochi,Chinese,389.25,13.51,True,4.6,35.8,False
262,2026-04-03,Nagpur,Chinese,364.43,15.49,False,4.29,49.6,False
263,2026-04-03,Chennai,North Indian,525.36,14.52,True,3.37,44.3,False
264,2026-04-03,Mumbai,Italian,342.39,15.02,True,,34.6,False
265,2026-04-03,Ranchi,South Indian,308.27,17.46,False,4.08,39.7,False
266,2026-04-03,Ranchi,North Indian,558.79,16.0,True,4.14,35.4,False
267,2026-04-03,Nagpur,Chinese,385.66,16.92,False,3.8,31.5,False
268,2026-04-03,Chennai,North Indian,523.43,13.72,True,3.76,32.3,False
269,2026-04-03,Bhopal,Italian,240.95,15.51,False,4.12,32.1,False
270,2026-04-03,Chandigarh,North Indian,483.21,13.27,False,4.54,33.7,False
271,2026-04-03,Ranchi,North Indian,448.53,12.73,True,,32.7,False
272,2026-04-03,Ahmedabad,South Indian,316.07,15.06,False,4.35,27.9,False
273,2026-04-03,Mumbai,Chinese,172.12,13.43,True,3.55,23.9,False
274,2026-04-03,Nagpur,South Indian,223.84,15.73,False,4.05,44.8,False
275,2026-04-03,Delhi,North Indian,614.68,13.35,True,3.62,41.2,False
276,2026-04-03,Nagpur,South Indian,205.2,12.53,True,,33.1,False
277,2026-04-03,Kochi,Chinese,418.58,16.14,True,,30.8,False
278,2026-04-03,Guwahati,North Indian,382.75,15.58,False,4.18,41.0,False
279,2026-04-03,Hyderabad,North Indian,303.63,11.87,True,3.9,28.6,False
280,2026-04-03,Mumbai,Chinese,361.28,13.58,True,4.35,27.6,False
281,2026-04-03,Surat,South Indian,303.59,13.94,False,4.23,33.7,False
282,2026-04-03,Delhi,Chinese,427.16,17.26,True,4.15,39.7,False
283,2026-04-03,Mumbai,North Indian,520.78,18.92,False,3.96,42.6,False
284,2026-04-03,Delhi,Chinese,398.37,16.94,False,4.28,40.3,False
285,2026-04-03,Hyderabad,North Indian,439.98,16.11,True,4.15,44.1,False
286,2026-04-03,Ahmedabad,South Indian,361.95,14.07,False,,38.8,False
287,2026-04-03,Delhi,North Indian,369.92,16.8,True,4.2,32.8,False
288,2026-04-03,Mumbai,Italian,334.45,15.73,False,4.29,31.8,False
289,2026-04-03,Chennai,North Indian,391.18,18.54,True,3.56,33.2,False
290,2026-04-03,Nagpur,South Indian,238.26,10.3,True,4.67,36.5,False
291,2026-04-03,Kochi,North Indian,524.74,12.62,True,3.52,37.3,False
292,2026-04-03,Bengaluru,Chinese,374.49,14.35,True,3.81,42.9,False
293,2026-04-03,Nagpur,South Indian,255.03,15.18,False,4.18,43.9,False
294,2026-04-03,Nagpur,Italian,766.95,15.44,False,3.86,42.7,False
295,2026-04-03,Hyderabad,North Indian,369.75,17.32,True,4.56,27.7,False
296,2026-04-03,Nagpur,North Indian,297.03,11.16,False,4.01,21.0,False
297,2026-04-03,Ahmedabad,Chinese,298.92,17.81,True,4.69,35.5,False
298,2026-04-03,Ahmedabad,South Indian,343.87,12.87,True,3.8,33.6,False
299,2026-04-03,Kochi,Italian,598.67,16.91,True,4.38,29.9,False
300,2026-04-03,Chennai,Italian,410.54,17.39,False,3.97,36.0,False
301,2026-04-03,Ranchi,North Indian,435.02,17.07,True,3.94,35.9,False
302,2026-04-03,Ahmedabad,Italian,404.65,13.1,True,4.0,34.8,False
303,2026-04-03,Hyderabad,North Indian,359.41,15.88,True,4.32,32.3,False
304,2026-04-03,Chennai,Chinese,219.55,15.41,True,4.5,29.2,False
305,2026-04-03,Bengaluru,Chinese,341.01,17.07,False,3.79,33.6,False
306,2026-04-03,Nagpur,South Indian,288.33,14.79,False,4.45,26.2,False
307,2026-04-03,Delhi,Chinese,346.04,15.3,False,4.11,33.6,False
308,2026-04-03,Delhi,Chinese,348.8,14.64,True,4.51,26.4,False
309,2026-04-03,Surat,North Indian,436.6,13.33,True,4.09,46.9,False
310,2026-04-03,Delhi,Desserts & Bakery,289.81,13.58,False,3.82,32.4,False
311,2026-04-03,Ranchi,North Indian,479.84,12.84,True,4.56,41.3,False
312,2026-04-03,Mumbai,Italian,399.65,15.28,True,4.19,41.6,False
313,2026-04-03,Hyderabad,North Indian,489.31,16.24,False,3.96,40.2,False
314,2026-04-03,Bengaluru,South Indian,360.25,16.15,True,4.35,32.3,False
315,2026-04-03,Surat,Chinese,404.03,13.57,True,4.68,29.4,False
316,2026-04-03,Ahmedabad,North Indian,428.73,14.52,True,3.99,44.4,False
317,2026-04-03,Bhopal,South Indian,322.94,15.85,True,4.35,29.5,False
318,2026-04-03,Hyderabad,Chinese,282.23,12.79,True,3.48,35.9,False
319,2026-04-03,Bengaluru,North Indian,386.33,13.66,True,,30.3,False
320,2026-04-03,Delhi,North Indian,497.91,11.42,True,3.79,34.1,False
321,2026-04-03,Mumbai,South Indian,164.8,19.49,True,4.49,27.0,False
322,2026-04-03,Hyderabad,Desserts & Bakery,220.66,16.89,True,4.53,38.1,False
323,2026-04-03,Guwahati,South Indian,227.53,13.26,False,4.1,44.0,False
324,2026-04-03,Kochi,South Indian,350.11,14.38,True,3.84,23.7,False
325,2026-04-03,Chandigarh,Chinese,273.98,11.99,True,4.17,38.0,False
326,2026-04-03,Chennai,North Indian,244.9,14.73,False,3.96,28.2,False
327,2026-04-03,Pune,North Indian,489.52,16.78,False,4.33,35.0,False
328,2026-04-03,Guwahati,North Indian,458.96,14.31,True,3.92,29.4,False
329,2026-04-03,Mumbai,North Indian,340.28,16.12,True,4.51,30.2,False
330,2026-04-03,Surat,Desserts & Bakery,210.93,12.1,False,4.81,34.0,False
331,2026-04-03,Surat,North Indian,565.62,18.16,True,,28.9,False
332,2026-04-03,Mumbai,Italian,442.64,16.3,True,3.68,31.8,False
333,2026-04-03,Bengaluru,North Indian,517.61,12.99,True,4.65,31.2,False
334,2026-04-03,Ahmedabad,North Indian,422.26,13.91,False,4.71,37.0,False
335,2026-04-03,Chandigarh,North Indian,489.75,13.91,False,3.79,37.7,False
336,2026-04-03,Mumbai,Italian,374.82,14.45,False,,34.2,False
337,2026-04-03,Bengaluru,South Indian,376.2,14.44,True,4.14,29.9,False
338,2026-04-03,Bhopal,South Indian,183.09,12.93,False,4.95,33.4,False
339,2026-04-03,Mumbai,South Indian,184.42,13.61,True,4.23,43.7,False
340,2026-04-03,Hyderabad,Italian,793.44,13.53,True,4.97,39.7,False
341,2026-04-03,Delhi,Italian,744.92,11.4,False,3.46,41.4,False
342,2026-04-03,Bengaluru,North Indian,387.36,13.66,False,3.95,29.6,False
343,2026-04-03,Ahmedabad,Italian,459.21,10.41,False,4.29,28.7,False
344,2026-04-03,Hyderabad,North Indian,487.98,11.78,False,4.12,38.0,False
345,2026-04-04,Surat,Desserts & Bakery,216.43,14.31,False,4.59,33.2,True
346,2026-04-04,Mumbai,North Indian,385.49,15.47,True,4.65,41.0,True
347,2026-04-04,Bengaluru,North Indian,378.31,12.22,True,3.91,31.8,True
348,2026-04-04,Chandigarh,Italian,539.51,13.92,True,4.3,48.5,True
349,2026-04-04,Delhi,South Indian,170.13,16.04,False,4.15,21.9,True
350,2026-04-04,Pune,North Indian,317.55,14.96,True,4.41,25.9,True
351,2026-04-04,Ranchi,South Indian,330.82,13.17,True,4.79,26.1,True
352,2026-04-04,Ranchi,South Indian,293.82,12.47,True,4.52,33.5,True
353,2026-04-04,Chennai,North Indian,300.48,12.87,True,,45.3,True
354,2026-04-04,Kochi,North Indian,358.39,14.19,True,4.27,35.3,True
355,2026-04-04,Ahmedabad,North Indian,471.43,14.41,False,4.28,38.7,True
356,2026-04-04,Hyderabad,North Indian,371.35,12.25,True,4.34,47.8,True
357,2026-04-04,Mumbai,Chinese,341.98,15.01,True,4.44,33.2,True
358,2026-04-04,Chandigarh,Italian,416.01,15.34,False,3.88,52.7,True
359,2026-04-04,Chennai,North Indian,415.24,15.59,True,3.92,36.4,True
360,2026-04-04,Ahmedabad,North Indian,310.19,16.63,True,4.16,39.4,True
361,2026-04-04,Ranchi,North Indian,477.94,15.26,False,3.9,38.0,True
362,2026-04-04,Delhi,South Indian,218.63,13.79,True,3.86,34.6,True
363,2026-04-04,Ranchi,Desserts & Bakery,149.86,14.09,False,3.95,42.1,True
364,2026-04-04,Chennai,North Indian,388.32,15.46,True,3.96,34.3,True
365,2026-04-04,Surat,North Indian,513.97,15.43,False,4.93,41.0,True
366,2026-04-04,Ranchi,Chinese,213.95,15.01,False,4.13,38.3,True
367,2026-04-04,Delhi,South Indian,198.49,16.24,False,4.53,39.2,True
368,2026-04-04,Delhi,North Indian,341.21,15.02,True,4.27,28.1,True
369,2026-04-04,Ahmedabad,Chinese,451.03,14.41,True,4.02,36.4,True
370,2026-04-04,Bengaluru,Chinese,333.28,14.71,True,4.71,30.6,True
371,2026-04-04,Mumbai,Chinese,335.21,12.86,False,4.09,31.4,True
372,2026-04-04,Mumbai,North Indian,225.04,12.97,False,4.42,30.1,True
373,2026-04-04,Pune,South Indian,182.27,16.65,True,4.07,35.9,True
374,2026-04-04,Hyderabad,North Indian,477.32,15.38,True,4.2,37.9,True
375,2026-04-04,Hyderabad,North Indian,705.38,15.53,False,3.8,30.9,True
376,2026-04-04,Guwahati,North Indian,432.77,16.67,False,,29.3,True
377,2026-04-04,Guwahati,North Indian,391.06,14.83,True,4.25,38.1,True
378,2026-04-04,Kochi,Chinese,361.5,14.43,True,4.17,32.0,True
379,2026-04-04,Delhi,North Indian,269.57,13.8,True,4.42,23.7,True
380,2026-04-04,Surat,North Indian,469.83,12.67,False,4.44,28.4,True
381,2026-04-04,Ahmedabad,North Indian,536.41,13.45,True,4.13,18.2,True
382,2026-04-04,Bengaluru,North Indian,301.56,14.56,True,4.19,32.2,True
383,2026-04-04,Nagpur,Chinese,359.34,13.28,False,3.81,32.1,True
384,2026-04-04,Delhi,Chinese,307.02,14.35,True,3.97,23.2,True
385,2026-04-04,Pune,Desserts & Bakery,173.24,12.41,False,3.83,32.2,True
386,2026-04-04,Nagpur,Desserts & Bakery,248.11,13.07,False,3.71,39.0,True
387,2026-04-04,Bhopal,South Indian,288.22,14.42,False,4.2,31.5,True
388,2026-04-04,Chandigarh,Chinese,434.8,14.77,False,,33.2,True
389,2026-04-04,Chandigarh,Chinese,389.72,15.26,True,4.43,22.8,True
390,2026-04-04,Ranchi,South Indian,186.83,15.55,True,4.05,47.5,True
391,2026-04-04,Mumbai,Chinese,330.42,16.71,True,4.49,30.2,True
392,2026-04-04,Delhi,North Indian,599.34,15.94,True,4.23,27.4,True
393,2026-04-04,Kochi,Italian,358.39,11.87,True,4.87,43.5,True
394,2026-04-04,Kochi,Chinese,237.61,13.89,True,3.69,38.3,True
395,2026-04-04,Surat,South Indian,261.05,13.5,True,4.61,40.1,True
396,2026-04-04,Chennai,North Indian,428.27,14.03,True,4.05,35.7,True
397,2026-04-04,Nagpur,South Indian,321.74,14.04,False,4.61,38.5,True
398,2026-04-04,Nagpur,Chinese,345.65,15.4,False,4.33,24.2,True
399,2026-04-04,Delhi,Italian,505.32,15.21,True,4.13,34.1,True
400,2026-04-04,Bengaluru,North Indian,391.15,11.33,True,4.28,24.7,True
401,2026-04-04,Surat,South Indian,249.32,17.11,True,3.68,40.6,True
402,2026-04-04,Pune,Italian,540.25,15.2,False,4.06,29.5,True
403,2026-04-04,Mumbai,South Indian,292.52,13.01,True,3.55,40.5,True
404,2026-04-04,Chennai,North Indian,473.7,12.85,True,3.71,32.8,True
405,2026-04-04,Bengaluru,North Indian,310.01,15.48,True,4.42,36.5,True
406,2026-04-04,Hyderabad,North Indian,244.63,15.18,False,3.68,38.5,True
407,2026-04-04,Bengaluru,Chinese,384.47,18.56,False,3.87,30.2,True
408,2026-04-04,Kochi,Chinese,395.49,13.75,False,3.95,21.6,True
409,2026-04-04,Mumbai,Chinese,249.95,17.42,True,,22.5,True
410,2026-04-04,Delhi,South Indian,296.9,12.97,True,,21.0,True
411,2026-04-04,Ahmedabad,North Indian,452.17,13.97,False,3.84,41.4,True
412,2026-04-04,Bhopal,South Indian,207.03,16.95,False,4.57,29.4,True
413,2026-04-04,Surat,Italian,489.85,17.17,False,3.61,45.7,True
414,2026-04-04,Bhopal,Italian,351.0,17.35,True,4.17,44.0,True
415,2026-04-04,Nagpur,North Indian,477.59,15.2,True,3.83,34.0,True
416,2026-04-04,Kochi,North Indian,449.08,14.16,True,3.76,21.9,True
417,2026-04-04,Bengaluru,Desserts & Bakery,236.2,10.63,True,,26.7,True
418,2026-04-04,Delhi,Chinese,309.85,15.62,False,3.78,35.9,True
419,2026-04-04,Nagpur,Chinese,466.93,15.94,False,3.69,43.0,True
420,2026-04-04,Guwahati,Chinese,275.89,12.05,True,3.89,28.5,True
421,2026-04-04,Pune,North Indian,475.16,14.22,False,4.38,33.0,True
422,2026-04-04,Delhi,North Indian,491.07,15.39,True,4.17,38.9,True
423,2026-04-04,Nagpur,North Indian,548.16,14.96,True,4.24,28.8,True
424,2026-04-04,Chandigarh,South Indian,264.06,13.61,True,3.91,30.7,True
425,2026-04-04,Pune,South Indian,296.14,20.1,True,4.46,28.9,True
426,2026-04-04,Chandigarh,Italian,499.64,16.02,False,4.08,25.1,True
427,2026-04-04,Chandigarh,North Indian,490.17,15.11,True,4.56,40.5,True
428,2026-04-04,Nagpur,South Indian,234.86,11.81,True,4.53,27.4,True
429,2026-04-04,Pune,North Indian,245.76,15.25,True,4.62,46.8,True
430,2026-04-04,Ranchi,North Indian,584.59,13.51,True,4.02,39.1,True
431,2026-04-04,Chennai,North Indian,266.65,12.39,False,4.04,28.8,True
432,2026-04-04,Chennai,Desserts & Bakery,88.72,12.84,True,4.29,35.9,True
433,2026-04-04,Nagpur,Chinese,450.98,13.04,False,4.7,31.9,True
434,2026-04-04,Chennai,Chinese,343.31,13.84,True,4.23,35.6,True
435,2026-04-04,Bengaluru,Chinese,345.92,12.95,False,4.35,33.0,True
436,2026-04-04,Guwahati,South Indian,254.97,15.09,True,3.33,33.3,True
437,2026-04-04,Chennai,North Indian,474.62,13.02,False,4.18,20.9,True
438,2026-04-04,Delhi,North Indian,456.48,12.07,False,4.72,22.0,True
439,2026-04-04,Ranchi,North Indian,449.11,15.63,True,3.98,25.5,True
440,2026-04-04,Delhi,North Indian,316.22,15.14,False,3.98,43.8,True
441,2026-04-04,Delhi,North Indian,425.19,12.54,False,,28.9,True
442,2026-04-04,Ahmedabad,Chinese,276.34,15.75,True,4.78,29.5,True
443,2026-04-04,Hyderabad,North Indian,279.34,14.04,True,3.59,26.7,True
444,2026-04-04,Chandigarh,Italian,797.13,13.55,True,4.06,31.8,True
445,2026-04-04,Surat,North Indian,449.85,13.87,False,4.15,40.2,True
446,2026-04-04,Delhi,North Indian,350.19,12.39,False,4.53,36.8,True
447,2026-04-04,Surat,Italian,527.79,17.46,False,3.86,38.9,True
448,2026-04-04,Kochi,Italian,294.63,14.39,True,4.98,33.5,True
449,2026-04-04,Bengaluru,Chinese,201.38,12.98,False,3.86,43.2,True
450,2026-04-04,Kochi,Desserts & Bakery,198.94,12.89,False,3.93,26.8,True
451,2026-04-04,Mumbai,North Indian,577.15,13.16,True,4.06,39.2,True
452,2026-04-04,Mumbai,Chinese,331.68,11.76,True,3.76,37.1,True
453,2026-04-04,Chandigarh,Chinese,278.1,13.89,False,,29.2,True
454,2026-04-04,Mumbai,Italian,376.62,15.01,True,4.93,44.0,True
455,2026-04-04,Guwahati,South Indian,212.07,16.83,False,4.39,46.1,True
456,2026-04-04,Guwahati,North Indian,509.4,13.86,True,4.28,24.5,True
457,2026-04-04,Kochi,Chinese,309.01,15.77,False,3.72,30.8,True
458,2026-04-04,Chennai,Italian,538.49,18.9,False,4.09,34.6,True
459,2026-04-04,Delhi,Italian,409.88,14.2,True,4.09,34.4,True
460,2026-04-04,Chennai,North Indian,369.96,15.64,True,4.01,40.1,True
461,2026-04-04,Chennai,North Indian,442.63,16.63,True,4.21,36.9,True
462,2026-04-04,Kochi,South Indian,133.29,14.06,True,4.65,25.5,True
463,2026-04-04,Chandigarh,North Indian,383.44,13.48,False,4.18,31.4,True
464,2026-04-04,Chandigarh,South Indian,161.83,13.62,False,4.17,28.6,True
465,2026-04-04,Chennai,South Indian,291.48,16.14,True,4.35,35.2,True
466,2026-04-04,Mumbai,North Indian,491.68,9.66,False,4.16,37.9,True
467,2026-04-04,Delhi,North Indian,345.28,13.28,True,3.9,28.9,True
468,2026-04-04,Chandigarh,Desserts & Bakery,226.48,15.99,True,4.04,32.5,True
469,2026-04-04,Kochi,North Indian,452.32,14.36,False,,43.7,True
470,2026-04-04,Bhopal,North Indian,406.5,21.41,False,4.65,21.1,True
471,2026-04-04,Chennai,North Indian,259.84,13.71,True,3.86,29.2,True
472,2026-04-04,Mumbai,Italian,640.4,15.41,True,4.34,24.6,True
473,2026-04-04,Kochi,Italian,402.82,14.31,True,4.36,34.5,True
474,2026-04-04,Ranchi,Italian,397.49,13.48,True,3.42,28.5,True
475,2026-04-04,Chandigarh,Chinese,546.58,14.44,False,4.02,28.9,True
476,2026-04-04,Ranchi,North Indian,473.25,12.49,True,4.25,22.5,True
477,2026-04-04,Ahmedabad,South Indian,146.22,15.58,False,4.06,34.1,True
478,2026-04-04,Ahmedabad,Desserts & Bakery,211.58,15.1,False,4.11,43.7,True
479,2026-04-04,Guwahati,Italian,475.79,17.75,True,3.73,29.2,True
480,2026-04-05,Delhi,Italian,623.52,16.82,False,,43.9,True
481,2026-04-05,Nagpur,North Indian,440.89,14.34,False,3.85,26.7,True
482,2026-04-05,Guwahati,Italian,544.64,15.5,True,,32.1,True
483,2026-04-05,Delhi,South Indian,214.78,16.46,True,4.68,31.4,True
484,2026-04-05,Surat,South Indian,208.45,16.24,False,3.87,36.4,True
485,2026-04-05,Mumbai,North Indian,319.96,15.29,False,4.01,39.4,True
486,2026-04-05,Chennai,North Indian,550.14,9.42,False,4.01,45.8,True
487,2026-04-05,Ahmedabad,South Indian,283.67,13.62,True,4.6,34.5,True
488,2026-04-05,Mumbai,Italian,711.91,14.12,True,3.9,29.8,True
489,2026-04-05,Hyderabad,North Indian,613.27,15.17,False,4.16,34.3,True
490,2026-04-05,,Chinese,408.55,13.42,False,3.9,34.7,True
491,2026-04-05,Mumbai,North Indian,379.12,16.59,False,3.53,46.9,True
492,2026-04-05,Ahmedabad,North Indian,473.35,12.79,True,4.16,32.3,True
493,2026-04-05,Mumbai,Chinese,321.6,13.38,True,3.36,36.8,True
494,2026-04-05,Surat,North Indian,428.22,11.57,True,4.45,31.5,True
495,2026-04-05,Pune,North Indian,451.32,13.76,False,4.49,37.1,True
496,2026-04-05,Pune,North Indian,276.34,13.32,True,4.46,18.6,True
497,2026-04-05,Chennai,Italian,368.49,18.39,True,3.91,39.1,True
498,2026-04-05,Chennai,Italian,333.64,17.69,True,3.77,27.5,True
499,2026-04-05,Kochi,North Indian,377.09,12.47,True,3.99,29.2,True
500,2026-04-05,Mumbai,North Indian,370.73,14.99,False,4.65,33.1,True
501,2026-04-05,Hyderabad,South Indian,210.42,16.97,True,4.63,42.1,True
502,2026-04-05,Ahmedabad,South Indian,202.58,15.96,False,4.08,23.5,True
503,2026-04-05,Chennai,South Indian,281.62,18.32,True,,39.7,True
504,2026-04-05,Chennai,North Indian,220.58,14.43,False,3.77,37.0,True
505,2026-04-05,Delhi,North Indian,348.98,14.01,False,,38.1,True
506,2026-04-05,Ranchi,North Indian,366.8,14.92,False,4.53,29.7,True
507,2026-04-05,Ahmedabad,Italian,483.97,19.35,False,3.89,46.5,True
508,2026-04-05,Chennai,South Indian,274.74,13.47,False,4.23,33.7,True
509,2026-04-05,Guwahati,Italian,446.67,17.89,False,4.04,46.3,True
510,2026-04-05,Hyderabad,North Indian,449.89,11.75,False,4.23,30.5,True
511,2026-04-05,Pune,North Indian,493.64,13.1,False,3.8,27.6,True
512,2026-04-05,Pune,North Indian,537.55,13.0,True,4.43,32.9,True
513,2026-04-05,Kochi,South Indian,304.92,12.39,True,4.18,41.3,True
514,2026-04-05,Pune,South Indian,219.72,17.36,False,4.78,23.5,True
515,2026-04-05,Delhi,North Indian,447.79,12.29,False,4.25,21.0,True
516,2026-04-05,Nagpur,North Indian,171.07,16.99,False,4.5,29.3,True
517,2026-04-05,Chandigarh,Chinese,488.59,15.22,True,3.71,38.5,True
518,2026-04-05,Pune,North Indian,466.31,14.74,True,4.37,37.1,True
519,2026-04-05,Bhopal,Desserts & Bakery,147.89,15.12,True,4.28,27.7,True
520,2026-04-05,Bengaluru,Italian,479.61,16.1,True,4.05,37.3,True
521,2026-04-05,Ranchi,Chinese,323.69,16.2,True,4.05,39.3,True
522,2026-04-05,Surat,Chinese,453.5,18.28,False,4.13,37.9,True
523,2026-04-05,Ahmedabad,South Indian,334.19,12.22,False,4.85,31.0,True
524,2026-04-05,Pune,Chinese,137.26,12.49,False,3.76,33.7,True
525,2026-04-05,Surat,North Indian,455.9,13.42,True,,26.8,True
526,2026-04-05,Surat,North Indian,311.17,15.13,True,3.78,30.7,True
527,2026-04-05,Hyderabad,North Indian,501.4,14.46,True,4.13,28.6,True
528,2026-04-05,Bengaluru,Chinese,438.56,15.35,False,4.12,27.9,True
529,2026-04-05,Delhi,Chinese,231.48,13.78,False,5.0,40.2,True
530,2026-04-05,Ahmedabad,Italian,429.97,9.38,False,4.2,35.9,True
531,2026-04-05,Ranchi,North Indian,333.18,12.31,False,3.93,29.7,True
532,2026-04-05,Delhi,Italian,348.35,14.11,False,4.25,35.9,True
533,2026-04-05,Chandigarh,Desserts & Bakery,243.09,14.31,True,4.43,30.6,True
534,2026-04-05,Chandigarh,South Indian,292.91,15.34,True,4.34,37.0,True
535,2026-04-05,Guwahati,North Indian,366.08,17.77,True,4.25,35.1,True
536,2026-04-05,Mumbai,Italian,479.2,14.99,True,3.78,36.3,True
537,2026-04-05,Surat,South Indian,388.23,10.02,False,3.88,40.3,True
538,2026-04-05,Chennai,North Indian,409.66,14.29,False,4.24,39.3,True
539,2026-04-05,Mumbai,North Indian,500.06,15.0,True,4.77,29.7,True
540,2026-04-05,Chennai,North Indian,369.52,14.86,True,4.71,42.4,True
541,2026-04-05,Pune,Italian,348.62,17.7,True,4.79,31.6,True
542,2026-04-05,Hyderabad,South Indian,211.38,11.89,True,4.03,42.6,True
543,2026-04-05,Pune,Italian,341.91,11.86,False,4.35,21.9,True
544,2026-04-05,Mumbai,Chinese,450.39,12.74,False,4.31,30.9,True
545,2026-04-05,Hyderabad,North Indian,470.14,14.47,True,3.69,47.8,True
546,2026-04-05,Chandigarh,South Indian,263.84,13.73,True,4.21,17.5,True
547,2026-04-05,Chandigarh,North Indian,292.66,13.56,False,3.94,39.3,True
548,2026-04-05,Ahmedabad,South Indian,333.44,10.72,False,3.77,28.3,True
549,2026-04-05,Bengaluru,North Indian,325.94,16.9,True,3.8,23.2,True
550,2026-04-05,Bengaluru,Chinese,431.47,15.76,False,4.04,32.6,True
551,2026-04-05,Kochi,Chinese,455.97,11.57,False,4.07,22.8,True
552,2026-04-05,Pune,North Indian,339.58,14.67,True,4.9,34.7,True
553,2026-04-05,Kochi,Chinese,265.04,12.42,True,4.35,37.7,True
554,2026-04-05,Bengaluru,South Indian,224.06,13.94,True,4.23,45.1,True
555,2026-04-05,Hyderabad,Chinese,243.79,12.3,True,4.12,38.3,True
556,2026-04-05,Ahmedabad,Italian,281.79,14.64,False,4.89,42.7,True
557,2026-04-05,Pune,North Indian,411.24,12.95,True,3.77,42.4,True
558,2026-04-05,Kochi,Italian,552.17,16.45,True,4.22,24.8,True
559,2026-04-05,Ranchi,Italian,556.94,17.49,True,3.83,46.1,True
560,2026-04-05,Nagpur,Chinese,380.34,11.16,True,4.28,30.3,True
561,2026-04-05,Mumbai,Chinese,509.64,17.27,True,4.45,41.9,True
562,2026-04-05,Hyderabad,Desserts & Bakery,261.89,18.63,True,4.36,27.7,True
563,2026-04-05,Ahmedabad,North Indian,374.9,13.2,False,3.76,31.7,True
564,2026-04-05,Hyderabad,Chinese,438.33,9.02,False,4.2,37.9,True
565,2026-04-05,Kochi,North Indian,438.09,11.08,False,4.3,36.7,True
566,2026-04-05,Chennai,North Indian,275.82,14.37,False,4.3,41.5,True
567,2026-04-05,Bhopal,Chinese,289.3,13.98,True,4.3,35.6,True
568,2026-04-05,Hyderabad,Italian,426.73,15.1,True,3.66,45.7,True
569,2026-04-05,Delhi,North Indian,372.84,12.12,False,4.53,31.2,True
570,2026-04-05,Nagpur,Chinese,350.44,14.16,False,,42.1,True
571,2026-04-05,Bengaluru,North Indian,513.68,11.56,True,3.57,26.1,True
572,2026-04-05,Mumbai,South Indian,156.57,10.25,False,3.8,26.7,True
573,2026-04-05,Surat,North Indian,433.7,16.69,True,,33.9,True
574,2026-04-05,Chennai,Chinese,362.73,12.4,True,4.07,31.9,True
575,2026-04-05,Kochi,South Indian,221.28,16.94,False,4.82,32.1,True
576,2026-04-05,Pune,Chinese,365.54,16.2,True,3.93,34.7,True
577,2026-04-05,Delhi,North Indian,329.83,13.03,True,4.26,37.4,True
578,2026-04-05,Hyderabad,North Indian,396.65,16.65,True,3.79,27.9,True
579,2026-04-05,Chennai,North Indian,423.38,12.87,True,4.06,38.3,True
580,2026-04-05,Hyderabad,South Indian,305.49,17.79,True,4.08,29.0,True
581,2026-04-05,Pune,Chinese,334.02,14.33,True,4.32,43.6,True
582,2026-04-05,Delhi,Italian,521.36,14.53,False,4.04,36.9,True
583,2026-04-05,Surat,North Indian,403.18,8.76,True,3.56,34.8,True
584,2026-04-05,Chennai,Italian,370.82,17.75,True,4.62,38.6,True
585,2026-04-05,Mumbai,Desserts & Bakery,181.17,10.27,True,4.72,35.2,True
586,2026-04-05,Ahmedabad,South Indian,197.11,16.53,False,4.12,31.0,True
587,2026-04-05,Ranchi,North Indian,615.48,17.29,False,3.92,33.4,True
588,2026-04-05,Surat,North Indian,320.46,14.96,True,4.41,34.8,True
589,2026-04-05,Pune,North Indian,450.27,15.64,True,,34.5,True
590,2026-04-05,Kochi,North Indian,443.32,13.54,False,3.57,32.4,True
591,2026-04-05,Bhopal,North Indian,296.56,15.26,False,4.0,37.8,True
592,2026-04-05,Pune,Italian,621.15,15.7,True,4.62,36.7,True
593,2026-04-05,Bengaluru,South Indian,244.25,15.23,False,3.59,30.2,True
594,2026-04-05,Pune,South Indian,209.52,15.17,False,4.45,29.1,True
595,2026-04-05,Bhopal,North Indian,432.99,20.98,False,3.84,33.3,True
596,2026-04-05,Chandigarh,Italian,609.83,11.99,False,3.63,35.7,True
597,2026-04-05,Delhi,Chinese,402.1,12.53,True,3.45,39.2,True
598,2026-04-05,Hyderabad,North Indian,362.78,15.68,False,4.19,30.7,True
599,2026-04-05,Ahmedabad,Chinese,390.32,12.51,False,4.28,27.4,True
600,2026-04-05,Mumbai,Chinese,398.04,12.71,True,4.19,44.2,True
601,2026-04-05,Bhopal,Desserts & Bakery,228.36,12.97,False,4.57,44.6,True
602,2026-04-05,Hyderabad,Chinese,467.0,15.93,False,4.32,32.8,True
603,2026-04-05,Mumbai,Italian,672.14,10.64,True,3.62,29.4,True
604,2026-04-05,Hyderabad,Chinese,520.19,12.87,False,4.29,36.8,True
605,2026-04-05,Bengaluru,South Indian,199.36,16.09,False,,41.9,True
606,2026-04-05,Nagpur,Chinese,200.16,14.34,True,4.65,37.5,True
607,2026-04-05,Mumbai,Chinese,438.52,12.85,True,3.47,33.6,True
608,2026-04-05,Guwahati,North Indian,432.72,18.35,True,4.85,30.1,True
609,2026-04-05,Kochi,Desserts & Bakery,244.66,15.11,True,4.18,40.3,True
610,2026-04-05,Surat,Chinese,334.92,14.0,False,3.92,29.3,True
611,2026-04-05,Chennai,North Indian,304.33,13.97,True,4.71,24.0,True
612,2026-04-05,Bengaluru,South Indian,276.43,15.74,True,4.35,42.2,True
613,2026-04-05,Pune,Chinese,417.93,11.85,False,4.55,22.9,True
614,2026-04-05,Delhi,Chinese,421.56,17.07,False,4.63,22.5,True
615,2026-04-05,Surat,North Indian,308.12,16.39,True,4.14,39.0,True
616,2026-04-05,Pune,North Indian,512.99,19.07,True,3.77,41.1,True
617,2026-04-05,Surat,North Indian,412.96,15.15,True,3.68,39.1,True
618,2026-04-05,Mumbai,South Indian,168.35,14.43,False,4.08,27.9,True
619,2026-04-05,Chandigarh,Chinese,405.15,10.79,False,4.46,37.9,True
620,2026-04-05,Delhi,South Indian,204.22,15.47,False,4.28,40.5,True
621,2026-04-05,Kochi,Chinese,329.39,15.04,True,4.37,40.2,True
622,2026-04-05,Chandigarh,South Indian,260.94,17.33,True,4.82,29.1,True
623,2026-04-05,Hyderabad,South Indian,125.32,14.09,False,4.27,29.8,True
624,2026-04-05,Pune,North Indian,374.44,10.05,True,4.18,27.4,True
625,2026-04-05,Delhi,Chinese,393.72,15.3,True,4.61,23.2,True
626,2026-04-05,Delhi,North Indian,426.93,17.35,False,4.39,38.5,True
627,2026-04-05,Guwahati,North Indian,289.72,15.41,True,4.14,29.0,True
628,2026-04-05,Chandigarh,Italian,560.86,12.19,False,4.35,25.5,True
629,2026-04-05,Chennai,North Indian,308.75,14.37,True,4.5,36.4,True
630,2026-04-05,Ahmedabad,North Indian,471.79,13.23,False,4.24,37.5,True
631,2026-04-05,Chennai,South Indian,283.56,19.48,False,3.88,37.6,True
632,2026-04-05,Mumbai,South Indian,271.21,16.23,False,4.37,41.9,True
633,2026-04-05,Bhopal,Desserts & Bakery,170.93,16.55,True,4.68,26.6,True
634,2026-04-05,Mumbai,North Indian,492.36,14.13,False,4.21,40.5,True
635,2026-04-06,Pune,Italian,438.06,15.08,True,4.62,38.4,False
636,2026-04-06,Guwahati,South Indian,247.63,14.7,False,4.47,29.2,False
637,2026-04-06,Ranchi,Desserts & Bakery,191.95,14.29,False,4.32,51.7,False
638,2026-04-06,Mumbai,North Indian,375.2,16.96,False,4.49,21.6,False
639,2026-04-06,Hyderabad,South Indian,346.91,8.96,False,3.33,37.1,False
640,2026-04-06,Bengaluru,South Indian,236.45,10.78,True,4.55,20.1,False
641,2026-04-06,Kochi,South Indian,262.53,15.29,False,4.36,30.2,False
642,2026-04-06,Mumbai,South Indian,260.42,14.84,False,4.06,36.0,False
643,2026-04-06,Ahmedabad,Chinese,345.26,13.21,False,4.29,34.2,False
644,2026-04-06,Chennai,South Indian,165.86,15.27,False,3.96,47.3,False
645,2026-04-06,Hyderabad,Italian,321.64,17.57,True,3.84,46.7,False
646,2026-04-06,Chennai,South Indian,297.69,18.9,False,3.94,21.1,False
647,2026-04-06,Chennai,North Indian,421.88,12.51,True,4.3,35.2,False
648,2026-04-06,Guwahati,North Indian,455.37,19.64,False,,33.9,False
649,2026-04-06,Delhi,South Indian,268.71,16.09,True,4.2,35.4,False
650,2026-04-06,Bhopal,North Indian,296.6,10.18,True,4.16,31.6,False
651,2026-04-06,Mumbai,North Indian,255.37,16.77,True,4.35,38.6,False
652,2026-04-06,Bengaluru,Desserts & Bakery,140.65,13.03,True,4.26,41.8,False
653,2026-04-06,Ranchi,Chinese,292.85,14.12,False,4.99,38.0,False
654,2026-04-06,Delhi,North Indian,432.24,13.53,True,4.2,42.4,False
655,2026-04-06,Pune,Desserts & Bakery,327.28,15.13,True,4.61,29.8,False
656,2026-04-06,Bhopal,North Indian,372.16,14.39,False,3.83,28.9,False
657,2026-04-06,Nagpur,Italian,469.37,16.75,True,4.95,35.4,False
658,2026-04-06,Bengaluru,South Indian,180.26,15.9,False,4.02,27.3,False
659,2026-04-06,Bengaluru,South Indian,368.23,15.43,True,4.42,31.1,False
660,2026-04-06,Hyderabad,Chinese,387.06,13.73,True,,32.6,False
661,2026-04-06,Chennai,South Indian,404.62,13.72,True,4.22,35.4,False
662,2026-04-06,Delhi,Desserts & Bakery,252.8,12.96,False,3.95,32.0,False
663,2026-04-06,Chennai,Italian,603.82,16.42,True,,33.7,False
664,2026-04-06,Guwahati,North Indian,285.59,12.82,False,4.14,42.0,False
665,2026-04-06,Nagpur,Italian,401.37,15.47,True,4.05,43.3,False
666,2026-04-06,Bhopal,South Indian,400.01,14.86,False,4.54,30.5,False
667,2026-04-06,Nagpur,Desserts & Bakery,262.3,13.78,True,4.42,44.9,False
668,2026-04-06,Mumbai,Desserts & Bakery,199.15,16.16,True,4.06,42.3,False
669,2026-04-06,Kochi,North Indian,574.68,15.37,True,,31.7,False
670,2026-04-06,Ranchi,Chinese,370.73,17.94,True,3.85,39.0,False
671,2026-04-06,Kochi,North Indian,473.07,14.19,True,4.17,35.0,False
672,2026-04-06,Hyderabad,Chinese,495.22,19.92,True,3.81,33.3,False
673,2026-04-06,Guwahati,North Indian,468.87,13.12,True,3.6,25.9,False
674,2026-04-06,Kochi,North Indian,476.46,10.82,True,3.18,42.6,False
675,2026-04-06,Pune,North Indian,516.92,20.92,False,3.52,37.0,False
676,2026-04-06,Surat,Chinese,421.82,11.6,False,3.66,45.2,False
677,2026-04-06,Mumbai,South Indian,214.35,14.33,True,4.3,35.2,False
678,2026-04-06,Hyderabad,Italian,520.42,13.71,True,3.66,28.7,False
679,2026-04-06,Pune,North Indian,485.09,9.54,True,3.98,35.3,False
680,2026-04-06,Pune,Desserts & Bakery,221.23,13.87,True,4.23,45.3,False
681,2026-04-06,Surat,South Indian,256.95,16.23,False,4.34,27.0,False
682,2026-04-06,Pune,Chinese,230.05,15.91,True,,27.9,False
683,2026-04-06,Chandigarh,Chinese,444.31,14.17,False,4.1,38.3,False
684,2026-04-06,Ranchi,Chinese,309.01,16.21,False,4.72,44.1,False
685,2026-04-06,Hyderabad,Chinese,336.01,15.59,True,4.9,33.6,False
686,2026-04-06,Surat,Italian,513.17,16.25,True,,32.9,False
687,2026-04-06,Bhopal,Chinese,517.56,14.31,True,4.38,30.2,False
688,2026-04-06,Chandigarh,North Indian,371.88,12.76,True,4.18,37.5,False
689,2026-04-06,Bengaluru,Chinese,416.97,12.19,True,3.68,39.6,False
690,2026-04-06,Mumbai,North Indian,609.93,12.71,True,3.87,18.6,False
691,2026-04-06,Nagpur,Chinese,251.3,16.05,False,3.91,35.5,False
692,2026-04-06,Mumbai,Italian,573.13,16.53,False,4.5,33.7,False
693,2026-04-06,Nagpur,Chinese,497.99,15.11,False,5.0,43.1,False
694,2026-04-06,Bengaluru,North Indian,433.48,13.1,True,3.69,26.1,False
695,2026-04-06,Delhi,Chinese,439.34,16.39,True,,23.8,False
696,2026-04-06,Bengaluru,South Indian,283.45,14.08,True,4.46,23.7,False
697,2026-04-06,Ahmedabad,Desserts & Bakery,113.69,14.23,False,4.27,47.7,False
698,2026-04-06,Mumbai,Italian,461.13,13.14,False,3.93,28.4,False
699,2026-04-06,Delhi,Italian,759.53,11.18,True,4.5,36.0,False
700,2026-04-06,Chandigarh,Chinese,487.85,15.59,False,4.13,48.6,False
701,2026-04-06,Mumbai,North Indian,308.98,17.92,True,4.27,28.6,False
702,2026-04-06,Chennai,South Indian,262.08,16.19,True,4.5,23.8,False
703,2026-04-06,Guwahati,Chinese,341.77,14.16,False,4.07,30.8,False
704,2026-04-06,Bhopal,North Indian,350.82,14.77,True,4.2,32.6,False
705,2026-04-06,Mumbai,Chinese,298.67,16.55,False,4.11,29.6,False
706,2026-04-06,Ranchi,North Indian,490.33,13.92,False,4.47,29.1,False
707,2026-04-06,Kochi,South Indian,303.4,14.55,True,4.46,29.4,False
708,2026-04-06,Mumbai,North Indian,410.77,18.12,False,4.09,24.8,False
709,2026-04-06,Nagpur,North Indian,416.94,13.53,True,4.59,28.0,False
710,2026-04-06,Surat,North Indian,395.27,15.94,False,4.23,40.5,False
711,2026-04-06,Bengaluru,South Indian,203.74,13.37,False,3.92,34.4,False
712,2026-04-06,Mumbai,Chinese,353.73,14.09,True,4.34,55.7,False
713,2026-04-06,Hyderabad,North Indian,572.03,16.45,True,5.0,38.4,False
714,2026-04-06,Bengaluru,South Indian,330.52,12.59,False,3.96,44.4,False
715,2026-04-06,Bengaluru,South Indian,152.94,12.0,True,3.95,45.0,False
716,2026-04-06,Chandigarh,Chinese,438.47,18.7,False,4.59,23.9,False
717,2026-04-06,Ahmedabad,North Indian,447.38,15.6,True,4.13,30.3,False
718,2026-04-06,Kochi,Desserts & Bakery,198.33,14.71,False,,52.0,False
719,2026-04-06,Bengaluru,Italian,547.41,17.38,True,3.53,22.7,False
720,2026-04-06,Ahmedabad,North Indian,536.02,14.56,False,,38.4,False
721,2026-04-06,Delhi,Chinese,388.09,14.03,True,4.28,28.3,False
722,2026-04-06,Chandigarh,North Indian,402.55,16.11,True,,28.1,False
723,2026-04-06,Pune,North Indian,396.1,14.57,True,4.75,27.0,False
724,2026-04-06,Delhi,North Indian,615.92,13.6,True,4.2,21.6,False
725,2026-04-06,Guwahati,North Indian,383.93,12.71,True,4.33,48.5,False
726,2026-04-06,Bengaluru,North Indian,458.94,14.36,False,4.15,47.4,False
727,2026-04-06,Hyderabad,North Indian,325.01,15.94,False,4.16,24.3,False
728,2026-04-06,Kochi,Chinese,340.28,12.24,True,4.47,34.5,False
729,2026-04-06,Ranchi,Italian,403.98,17.22,True,4.12,33.7,False
730,2026-04-06,Ranchi,Chinese,356.12,17.47,True,4.58,32.2,False
731,2026-04-06,Delhi,North Indian,562.15,15.18,True,4.53,39.5,False
732,2026-04-06,Bengaluru,North Indian,534.5,14.32,True,4.72,33.9,False
733,2026-04-06,Hyderabad,North Indian,449.16,13.86,True,,29.3,False
734,2026-04-06,Delhi,South Indian,311.7,17.08,False,4.41,34.5,False
735,2026-04-06,Ahmedabad,North Indian,659.64,17.41,False,4.21,27.0,False
736,2026-04-06,Bengaluru,South Indian,139.56,13.41,True,3.92,31.6,False
737,2026-04-06,Ranchi,Chinese,354.59,14.44,True,4.5,31.1,False
738,2026-04-06,Pune,North Indian,237.72,14.42,False,4.93,42.8,False
739,2026-04-06,Nagpur,North Indian,435.07,16.45,False,3.92,36.8,False
740,2026-04-06,Delhi,South Indian,252.12,10.64,False,3.84,36.9,False
741,2026-04-06,Kochi,Chinese,444.89,15.72,False,4.47,36.6,False
742,2026-04-06,Pune,South Indian,242.51,16.81,False,4.64,25.8,False
743,2026-04-06,Chennai,Chinese,236.57,15.8,True,4.0,33.7,False
744,2026-04-06,Surat,South Indian,205.26,14.51,True,4.11,29.4,False
745,2026-04-06,Mumbai,Chinese,324.11,14.17,False,4.31,30.8,False
746,2026-04-06,Kochi,North Indian,326.58,13.76,True,4.59,44.4,False
747,2026-04-06,Pune,North Indian,474.11,10.98,False,3.47,30.9,False
748,2026-04-06,Delhi,South Indian,239.08,16.19,True,4.16,36.7,False
749,2026-04-06,Bengaluru,South Indian,225.07,13.45,True,3.8,42.9,False
750,2026-04-06,Nagpur,Chinese,377.65,15.94,False,4.13,38.4,False
751,2026-04-07,Pune,Chinese,365.06,17.87,True,4.14,41.7,False
752,2026-04-07,Chandigarh,Italian,682.32,15.28,False,4.33,32.2,False
753,2026-04-07,Mumbai,North Indian,386.92,13.59,True,4.09,31.7,False
754,2026-04-07,Chennai,Chinese,403.78,14.02,True,3.94,34.1,False
755,2026-04-07,Bengaluru,North Indian,266.52,16.14,False,3.77,37.0,False
756,2026-04-07,Ahmedabad,North Indian,519.02,10.88,False,3.2,33.3,False
757,2026-04-07,Ranchi,North Indian,495.01,14.27,False,4.33,25.7,False
758,2026-04-07,Chandigarh,South Indian,252.14,13.7,True,4.35,23.4,False
759,2026-04-07,Chandigarh,North Indian,260.89,16.14,True,4.79,32.3,False
760,2026-04-07,Guwahati,North Indian,373.97,12.33,True,,31.7,False
761,2026-04-07,Ahmedabad,Chinese,255.06,17.73,True,3.98,31.6,False
762,2026-04-07,Chandigarh,North Indian,382.59,14.87,False,3.75,30.9,False
763,2026-04-07,Bengaluru,South Indian,346.72,16.74,True,4.31,17.8,False
764,2026-04-07,Guwahati,South Indian,161.22,16.34,True,3.67,38.2,False
765,2026-04-07,Nagpur,Italian,452.06,12.49,False,3.88,44.4,False
766,2026-04-07,Bhopal,Chinese,386.13,13.89,False,4.02,38.9,False
767,2026-04-07,Chennai,North Indian,414.09,15.48,True,4.76,44.8,False
768,2026-04-07,Ahmedabad,South Indian,339.07,13.79,False,,33.7,False
769,2026-04-07,Chandigarh,Chinese,524.03,14.56,False,4.53,28.6,False
770,2026-04-07,Kochi,Desserts & Bakery,263.36,14.44,False,4.02,26.3,False
771,2026-04-07,Pune,Chinese,310.67,15.99,True,3.9,34.5,False
772,2026-04-07,Ahmedabad,South Indian,170.45,17.54,False,4.11,38.3,False
773,2026-04-07,Bengaluru,South Indian,216.59,16.06,True,3.99,34.3,False
774,2026-04-07,Ahmedabad,North Indian,370.09,14.39,True,4.1,27.0,False
775,2026-04-07,Nagpur,Chinese,452.83,10.54,False,3.67,32.3,False
776,2026-04-07,Kochi,Italian,565.72,14.53,True,,43.7,False
777,2026-04-07,Delhi,North Indian,488.64,14.38,True,,31.9,False
778,2026-04-07,Ranchi,North Indian,533.68,18.27,True,4.0,34.1,False
779,2026-04-07,Bengaluru,North Indian,464.19,14.48,True,4.18,32.0,False
780,2026-04-07,Surat,North Indian,480.16,11.62,False,4.56,32.6,False
781,2026-04-07,Pune,North Indian,339.07,13.53,True,3.55,32.4,False
782,2026-04-07,Ahmedabad,North Indian,435.01,14.25,True,4.5,26.6,False
783,2026-04-07,Guwahati,South Indian,254.72,12.8,True,3.73,26.8,False
784,2026-04-07,Bengaluru,North Indian,352.26,15.43,False,3.79,34.3,False
785,2026-04-07,Bhopal,North Indian,365.22,15.87,True,3.86,32.3,False
786,2026-04-07,Chandigarh,Chinese,471.19,11.65,True,4.14,27.1,False
787,2026-04-07,Delhi,North Indian,438.96,11.7,True,4.22,44.1,False
788,2026-04-07,Chandigarh,Italian,497.97,14.32,False,3.95,36.5,False
789,2026-04-07,Delhi,Italian,606.87,17.27,True,4.8,40.7,False
790,2026-04-07,Hyderabad,North Indian,388.78,15.74,False,3.33,46.1,False
791,2026-04-07,Mumbai,South Indian,277.18,17.39,False,4.53,35.5,False
792,2026-04-07,Chandigarh,Chinese,474.38,10.77,False,4.84,22.9,False
793,2026-04-07,Ranchi,North Indian,307.09,12.32,True,4.41,29.4,False
794,2026-04-07,Chandigarh,Chinese,338.03,14.57,True,4.04,26.7,False
795,2026-04-07,Delhi,Desserts & Bakery,168.85,13.06,True,4.4,22.8,False
796,2026-04-07,Delhi,North Indian,285.59,13.29,False,4.2,29.4,False
797,2026-04-07,Chennai,Desserts & Bakery,214.37,14.75,False,4.42,34.3,False
798,2026-04-07,Ranchi,Chinese,339.23,15.51,True,4.18,31.2,False
799,2026-04-07,Surat,Italian,426.19,16.7,False,4.55,18.9,False
800,2026-04-07,Bengaluru,North Indian,472.8,15.95,True,4.33,46.3,False
801,2026-04-07,Pune,North Indian,253.15,19.72,False,4.16,41.4,False
802,2026-04-07,Kochi,North Indian,565.9,15.38,True,4.12,36.9,False
803,2026-04-07,Bhopal,Chinese,363.86,16.86,False,4.03,27.6,False
804,2026-04-07,Guwahati,North Indian,407.52,16.25,True,,29.1,False
805,2026-04-07,Delhi,South Indian,200.16,11.13,False,4.27,42.7,False
806,2026-04-07,Chandigarh,Chinese,390.08,16.98,False,4.51,32.7,False
807,2026-04-07,Mumbai,Italian,586.62,15.62,False,4.56,35.3,False
808,2026-04-07,Nagpur,South Indian,194.53,13.78,True,4.21,22.5,False
809,2026-04-07,Surat,Chinese,328.99,12.9,True,4.16,35.0,False
810,2026-04-07,Hyderabad,Chinese,558.61,12.96,True,4.3,24.3,False
811,2026-04-07,Pune,North Indian,400.51,13.62,False,4.49,37.0,False
812,2026-04-07,Bengaluru,North Indian,432.45,18.1,False,4.24,35.0,False
813,2026-04-07,Chennai,Italian,472.4,15.18,False,,38.6,False
814,2026-04-07,Chennai,Chinese,348.76,14.34,True,4.69,43.7,False
815,2026-04-07,Chennai,South Indian,264.22,14.12,False,4.24,35.4,False
816,2026-04-07,Nagpur,North Indian,336.26,13.35,False,4.51,27.2,False
817,2026-04-07,Chennai,Chinese,345.1,12.48,False,4.41,37.8,False
818,2026-04-07,Hyderabad,North Indian,539.19,16.03,True,4.04,26.1,False
819,2026-04-07,Bengaluru,North Indian,283.33,11.37,False,3.84,38.6,False
820,2026-04-07,Bengaluru,Chinese,297.66,14.73,False,3.82,40.4,False
821,2026-04-07,Bhopal,North Indian,357.37,15.26,False,4.16,46.9,False
822,2026-04-07,Mumbai,North Indian,458.83,9.82,False,3.69,37.0,False
823,2026-04-07,Ahmedabad,Italian,465.75,12.57,True,,31.9,False
824,2026-04-07,Delhi,North Indian,323.79,14.65,False,4.0,37.9,False
825,2026-04-07,Surat,Chinese,312.24,15.73,True,4.35,38.7,False
826,2026-04-07,Ranchi,South Indian,226.26,18.82,False,4.55,27.4,False
827,2026-04-07,Guwahati,North Indian,275.71,15.59,False,3.94,41.4,False
828,2026-04-07,Pune,Chinese,390.78,12.79,True,4.06,34.3,False
829,2026-04-07,Guwahati,South Indian,225.75,13.39,True,,30.9,False
830,2026-04-07,Delhi,Desserts & Bakery,216.67,13.04,False,4.72,34.1,False
831,2026-04-07,Surat,Chinese,263.75,14.16,True,3.25,26.1,False
832,2026-04-07,Kochi,South Indian,339.38,15.85,True,4.55,34.5,False
833,2026-04-07,Kochi,Chinese,347.58,17.17,True,3.98,26.8,False
834,2026-04-07,Bengaluru,South Indian,263.0,15.61,True,,31.6,False
835,2026-04-07,Delhi,Desserts & Bakery,205.16,10.25,True,3.79,35.0,False
836,2026-04-07,Surat,Chinese,315.35,13.69,True,4.14,34.6,False
837,2026-04-07,Surat,North Indian,479.86,15.87,True,3.84,32.6,False
838,2026-04-07,Guwahati,North Indian,295.58,13.99,False,,34.6,False
839,2026-04-07,Guwahati,South Indian,299.83,14.91,True,,25.4,False
840,2026-04-07,Guwahati,North Indian,295.97,14.53,True,3.88,34.1,False
841,2026-04-07,Mumbai,South Indian,207.88,20.11,False,3.95,14.6,False
842,2026-04-07,Kochi,South Indian,233.07,16.35,False,4.07,28.7,False
843,2026-04-07,Kochi,South Indian,251.46,15.6,False,3.64,37.4,False
844,2026-04-07,Hyderabad,Italian,437.7,17.2,False,3.81,18.7,False
845,2026-04-07,Mumbai,Chinese,452.95,12.78,False,,26.2,False
846,2026-04-07,Chennai,Italian,662.71,16.77,True,3.76,39.3,False
847,2026-04-07,Hyderabad,Italian,688.12,13.35,False,4.27,32.9,False
848,2026-04-07,Pune,Italian,337.66,15.39,True,4.2,39.5,False
849,2026-04-07,Bhopal,Chinese,310.04,16.95,False,4.21,17.4,False
850,2026-04-07,Bhopal,South Indian,266.74,8.47,True,4.31,40.7,False
851,2026-04-07,Chennai,Desserts & Bakery,200.55,11.98,False,4.68,32.1,False
852,2026-04-07,Delhi,Chinese,434.14,10.16,True,,29.7,False
853,2026-04-07,Hyderabad,North Indian,345.98,13.0,False,3.73,36.1,False
854,2026-04-07,Chennai,South Indian,305.25,14.16,True,3.23,36.6,False
855,2026-04-08,Bhopal,North Indian,377.51,15.34,True,4.04,29.4,False
856,2026-04-08,Bengaluru,North Indian,461.86,20.73,True,4.08,27.2,False
857,2026-04-08,Mumbai,Chinese,249.65,17.69,False,4.42,37.3,False
858,2026-04-08,Delhi,Chinese,413.08,16.01,False,4.69,30.7,False
859,2026-04-08,Surat,Italian,427.59,13.79,False,3.92,35.9,False
860,2026-04-08,Mumbai,Chinese,410.79,13.38,False,4.08,33.3,False
861,2026-04-08,Delhi,Chinese,445.97,16.38,True,4.54,30.8,False
862,2026-04-08,Chandigarh,North Indian,602.62,12.59,False,4.0,33.7,False
863,2026-04-08,Bengaluru,Desserts & Bakery,191.73,16.35,True,4.45,34.0,False
864,2026-04-08,Mumbai,South Indian,193.32,18.2,False,4.01,42.3,False
865,2026-04-08,Nagpur,Chinese,465.08,16.16,False,4.41,32.1,False
866,2026-04-08,Mumbai,South Indian,260.26,15.12,True,4.04,41.2,False
867,2026-04-08,Chennai,Chinese,436.04,14.41,False,4.01,35.7,False
868,2026-04-08,Nagpur,Desserts & Bakery,171.95,15.41,False,4.63,33.0,False
869,2026-04-08,Chandigarh,North Indian,418.18,14.37,True,3.76,31.1,False
870,2026-04-08,Chennai,North Indian,503.29,13.26,False,4.53,33.1,False
871,2026-04-08,Nagpur,North Indian,439.37,16.97,False,,34.2,False
872,2026-04-08,Chennai,Chinese,343.77,13.25,False,4.05,37.7,False
873,2026-04-08,Bengaluru,Chinese,239.66,14.99,False,3.87,35.7,False
874,2026-04-08,Delhi,South Indian,306.79,16.4,True,3.98,38.6,False
875,2026-04-08,Chennai,North Indian,392.1,14.68,False,3.74,30.1,False
876,2026-04-08,Pune,South Indian,344.54,13.1,False,4.61,41.8,False
877,2026-04-08,Chennai,Desserts & Bakery,217.88,15.6,False,4.72,32.5,False
878,2026-04-08,Delhi,Chinese,336.82,14.24,False,4.68,27.2,False
879,2026-04-08,Mumbai,North Indian,471.91,13.3,False,,37.1,False
880,2026-04-08,Surat,North Indian,477.5,11.9,False,4.22,19.8,False
881,2026-04-08,Bengaluru,Chinese,401.61,14.95,False,4.2,27.3,False
882,2026-04-08,Nagpur,Chinese,356.99,15.61,False,4.13,42.6,False
883,2026-04-08,Chandigarh,Italian,509.47,12.28,True,,33.5,False
884,2026-04-08,Mumbai,North Indian,402.93,14.03,False,4.07,38.2,False
885,2026-04-08,Hyderabad,Desserts & Bakery,138.4,14.18,True,3.73,30.0,False
886,2026-04-08,Kochi,Desserts & Bakery,276.64,12.76,True,4.1,24.4,False
887,2026-04-08,Bengaluru,Chinese,391.05,14.73,True,3.82,27.2,False
888,2026-04-08,Nagpur,South Indian,297.11,12.43,False,4.16,41.0,False
889,2026-04-08,Bhopal,North Indian,419.24,15.85,True,4.0,48.5,False
890,2026-04-08,Chennai,South Indian,328.16,12.13,False,4.25,32.4,False
891,2026-04-08,Delhi,Chinese,300.36,16.34,False,4.29,23.5,False
892,2026-04-08,Chennai,North Indian,615.72,11.11,True,4.21,34.1,False
893,2026-04-08,Guwahati,Desserts & Bakery,161.9,12.45,True,4.13,32.8,False
894,2026-04-08,Bengaluru,South Indian,320.78,14.11,True,4.15,39.0,False
895,2026-04-08,Hyderabad,North Indian,490.14,13.34,True,,44.6,False
896,2026-04-08,Ranchi,North Indian,292.06,11.73,True,3.98,31.3,False
897,2026-04-08,Mumbai,North Indian,297.83,16.09,True,3.97,39.9,False
898,2026-04-08,Delhi,Chinese,418.72,15.65,True,3.26,38.2,False
899,2026-04-08,Delhi,Italian,394.38,13.54,True,4.35,49.9,False
900,2026-04-08,Mumbai,South Indian,164.19,13.8,False,3.88,20.3,False
901,2026-04-08,Bengaluru,Chinese,431.14,13.04,False,3.96,36.4,False
902,2026-04-08,Nagpur,North Indian,468.84,15.99,True,3.64,38.2,False
903,2026-04-08,Bengaluru,North Indian,288.07,17.79,True,4.01,22.3,False
904,2026-04-08,Chennai,Chinese,344.32,10.11,False,3.77,44.0,False
905,2026-04-08,Pune,Chinese,295.04,17.68,True,4.06,38.6,False
906,2026-04-08,Bengaluru,Desserts & Bakery,181.74,16.03,True,,35.5,False
907,2026-04-08,Surat,Chinese,371.59,14.35,False,4.02,35.0,False
908,2026-04-08,Guwahati,Chinese,248.38,13.33,False,3.69,37.0,False
909,2026-04-08,Guwahati,South Indian,246.51,16.93,True,,21.0,False
910,2026-04-08,Bengaluru,North Indian,264.27,15.31,True,3.72,28.1,False
911,2026-04-08,Ranchi,South Indian,349.22,12.95,False,4.41,30.5,False
912,2026-04-08,Pune,North Indian,504.57,14.93,True,4.26,37.8,False
913,2026-04-08,Surat,North Indian,407.87,11.73,False,3.98,34.9,False
914,2026-04-08,Surat,North Indian,453.68,8.71,True,4.5,36.6,False
915,2026-04-08,Delhi,North Indian,390.83,14.73,False,4.68,43.7,False
916,2026-04-08,Bhopal,South Indian,205.44,17.05,True,3.93,37.0,False
917,2026-04-08,Ranchi,North Indian,570.71,15.92,True,4.9,27.9,False
918,2026-04-08,Bengaluru,Chinese,556.43,13.03,True,3.73,32.6,False
919,2026-04-08,Chennai,North Indian,462.23,13.7,True,4.51,38.8,False
920,2026-04-08,Chennai,South Indian,223.54,14.07,True,,46.4,False
921,2026-04-08,Chandigarh,North Indian,543.57,14.4,True,4.51,17.0,False
922,2026-04-08,Ranchi,North Indian,372.35,12.84,True,4.34,26.2,False
923,2026-04-08,Pune,North Indian,505.23,13.43,False,3.62,42.8,False
924,2026-04-08,Ahmedabad,Chinese,295.33,14.08,True,4.38,38.5,False
925,2026-04-08,Nagpur,Chinese,479.58,15.64,False,4.49,25.0,False
926,2026-04-08,Chennai,North Indian,461.02,15.77,False,3.89,41.7,False
927,2026-04-08,Chennai,South Indian,160.28,14.57,True,4.7,25.9,False
928,2026-04-08,Ahmedabad,North Indian,417.09,12.23,True,3.91,29.0,False
929,2026-04-08,Hyderabad,Chinese,261.97,13.14,True,4.79,35.6,False
930,2026-04-08,Mumbai,North Indian,408.44,12.07,False,4.38,35.4,False
931,2026-04-08,Hyderabad,South Indian,228.04,16.71,True,3.7,26.8,False
932,2026-04-08,Chennai,South Indian,288.44,12.86,False,3.76,34.5,False
933,2026-04-08,Chandigarh,Chinese,347.99,15.68,True,4.29,26.3,False
934,2026-04-08,Pune,North Indian,304.15,13.26,False,4.47,31.1,False
935,2026-04-08,Bengaluru,South Indian,266.0,15.4,False,4.18,32.9,False
936,2026-04-08,Hyderabad,Desserts & Bakery,228.98,14.9,True,4.29,44.3,False
937,2026-04-08,Delhi,South Indian,194.97,17.12,True,4.09,30.3,False
938,2026-04-08,Ranchi,South Indian,292.82,13.02,False,3.61,35.8,False
939,2026-04-08,Chennai,Chinese,380.53,17.17,True,4.38,37.4,False
940,2026-04-08,Pune,Italian,649.38,13.89,False,,39.0,False
941,2026-04-08,Nagpur,South Indian,238.62,14.14,True,3.8,39.3,False
942,2026-04-08,Guwahati,Italian,699.13,13.66,True,3.84,33.5,False
943,2026-04-08,Delhi,North Indian,522.75,13.3,True,3.66,37.6,False
944,2026-04-08,Kochi,Chinese,360.66,11.91,True,3.87,29.7,False
945,2026-04-08,Ahmedabad,South Indian,375.28,15.56,True,3.5,38.7,False
946,2026-04-08,Chandigarh,North Indian,399.78,14.98,True,3.73,49.7,False
947,2026-04-08,Mumbai,North Indian,412.19,16.83,True,4.68,41.9,False
948,2026-04-08,Chennai,Chinese,215.77,16.39,False,3.85,24.0,False
949,2026-04-08,Nagpur,South Indian,187.49,12.99,False,3.39,46.6,False
950,2026-04-08,Bengaluru,Chinese,336.36,16.25,False,4.15,30.0,False
951,2026-04-08,Nagpur,Desserts & Bakery,230.87,13.56,True,4.09,40.4,False
952,2026-04-08,Pune,North Indian,597.72,10.58,True,3.88,32.5,False
953,2026-04-08,Chennai,Italian,571.31,17.16,False,4.07,25.9,False
954,2026-04-08,Hyderabad,North Indian,466.08,12.21,False,4.56,31.3,False
955,2026-04-08,Mumbai,South Indian,266.29,11.17,True,4.43,38.8,False
956,2026-04-08,Mumbai,Desserts & Bakery,195.99,16.37,False,4.3,36.0,False
957,2026-04-08,Guwahati,Italian,513.8,15.56,True,4.75,42.4,False
958,2026-04-08,Bengaluru,Chinese,346.3,15.12,False,,26.2,False
959,2026-04-08,Pune,South Indian,336.44,17.43,False,4.42,43.8,False
960,2026-04-08,Mumbai,North Indian,518.47,13.48,False,4.05,36.3,False
961,2026-04-08,Ranchi,North Indian,455.65,13.43,False,4.06,39.0,False
962,2026-04-08,Pune,North Indian,421.46,15.62,False,4.25,44.5,False
963,2026-04-08,Mumbai,South Indian,376.91,11.93,True,4.18,35.4,False
964,2026-04-08,Nagpur,North Indian,409.13,13.8,False,4.25,48.4,False
965,2026-04-08,Mumbai,North Indian,397.42,16.47,True,4.43,34.2,False
966,2026-04-08,Delhi,Chinese,270.76,14.6,False,4.14,31.8,False
967,2026-04-08,Bengaluru,Chinese,311.16,16.35,True,4.15,34.7,False
968,2026-04-08,Guwahati,Chinese,359.42,13.62,True,4.13,51.3,False
969,2026-04-08,Bhopal,Chinese,417.93,15.08,False,,30.0,False
970,2026-04-08,Mumbai,Chinese,384.07,16.21,False,4.48,44.4,False
971,2026-04-08,Hyderabad,Italian,531.01,18.15,True,4.04,40.6,False
972,2026-04-09,Mumbai,South Indian,252.59,13.51,False,3.99,35.5,False
973,2026-04-09,Mumbai,South Indian,261.8,12.57,True,4.31,20.2,False
974,2026-04-09,Bengaluru,North Indian,253.43,14.56,False,3.52,36.1,False
975,2026-04-09,Pune,Italian,660.52,15.7,False,3.36,28.7,False
976,2026-04-09,Ahmedabad,Chinese,348.8,14.15,True,4.2,32.0,False
977,2026-04-09,Delhi,Italian,513.2,16.82,False,3.68,31.6,False
978,2026-04-09,Pune,Italian,462.7,13.76,True,4.1,12.0,False
979,2026-04-09,Kochi,South Indian,334.88,14.12,False,,39.4,False
980,2026-04-09,Delhi,Chinese,470.92,14.86,False,4.52,29.4,False
981,2026-04-09,Mumbai,South Indian,274.34,13.02,False,3.95,21.2,False
982,2026-04-09,Hyderabad,North Indian,471.39,13.59,True,4.66,34.2,False
983,2026-04-09,Bengaluru,Chinese,270.55,11.38,True,4.02,36.1,False
984,2026-04-09,Hyderabad,Chinese,153.62,14.02,True,4.16,39.3,False
985,2026-04-09,Mumbai,South Indian,324.46,14.26,True,4.38,31.7,False
986,2026-04-09,Ahmedabad,North Indian,484.3,17.29,False,4.23,24.8,False
987,2026-04-09,Bengaluru,North Indian,332.47,13.9,False,4.43,38.5,False
988,2026-04-09,Bengaluru,Italian,363.96,11.72,True,4.57,29.8,False
989,2026-04-09,Hyderabad,Chinese,322.17,13.43,False,4.56,34.6,False
990,2026-04-09,Pune,Chinese,472.46,17.31,True,4.95,36.7,False
991,2026-04-09,Mumbai,Italian,669.97,13.18,True,4.38,33.8,False
992,2026-04-09,Delhi,South Indian,210.34,16.08,False,4.34,37.0,False
993,2026-04-09,Chennai,Desserts & Bakery,173.92,10.22,False,4.14,18.7,False
994,2026-04-09,Bengaluru,South Indian,220.04,16.23,True,4.58,31.6,False
995,2026-04-09,Chennai,Chinese,446.42,13.13,True,,37.0,False
996,2026-04-09,Guwahati,South Indian,234.68,16.42,False,3.56,21.9,False
997,2026-04-09,Pune,North Indian,432.62,14.37,True,3.2,31.7,False
998,2026-04-09,Guwahati,Chinese,252.04,13.8,False,4.5,36.5,False
999,2026-04-09,Delhi,North Indian,527.0,15.41,True,4.44,32.7,False
1000,2026-04-09,Pune,Italian,434.27,13.97,False,3.97,47.2,False
1001,2026-04-09,Guwahati,South Indian,234.31,14.32,False,,23.6,False
1002,2026-04-09,Pune,Chinese,352.05,16.02,True,4.39,21.5,False
1003,2026-04-09,Delhi,North Indian,312.5,17.36,True,,34.9,False
1004,2026-04-09,Hyderabad,Chinese,202.27,12.43,False,4.6,41.7,False
1005,2026-04-09,Surat,North Indian,555.88,16.97,False,3.97,47.5,False
1006,2026-04-09,Ahmedabad,South Indian,235.34,12.14,True,4.02,26.0,False
1007,2026-04-09,Bhopal,Italian,622.23,13.46,True,4.66,20.9,False
1008,2026-04-09,Bengaluru,North Indian,444.19,11.8,True,3.98,33.5,False
1009,2026-04-09,Bengaluru,South Indian,362.65,14.18,False,3.95,32.8,False
1010,2026-04-09,Chennai,South Indian,293.37,17.04,True,4.11,28.0,False
1011,2026-04-09,Pune,Chinese,404.76,17.75,True,3.45,30.5,False
1012,2026-04-09,Surat,Italian,373.82,15.53,False,4.35,37.8,False
1013,2026-04-09,Surat,South Indian,295.07,16.29,True,4.39,34.0,False
1014,2026-04-09,Pune,Chinese,430.4,11.66,False,,45.3,False
1015,2026-04-09,Bengaluru,Chinese,466.87,12.15,True,4.54,45.1,False
1016,2026-04-09,Guwahati,North Indian,385.99,13.67,True,4.48,24.5,False
1017,2026-04-09,Chennai,South Indian,141.77,16.58,True,4.08,36.5,False
1018,2026-04-09,Guwahati,Chinese,439.53,13.83,True,3.75,36.3,False
1019,2026-04-09,Ranchi,Desserts & Bakery,158.34,17.79,False,3.45,29.8,False
1020,2026-04-09,Chennai,Chinese,376.41,15.23,True,3.37,27.0,False
1021,2026-04-09,Ranchi,Chinese,324.49,17.35,False,3.58,22.8,False
1022,2026-04-09,Guwahati,North Indian,316.68,14.7,False,5.0,37.4,False
1023,2026-04-09,Mumbai,North Indian,563.67,12.44,True,4.67,32.6,False
1024,2026-04-09,Bhopal,North Indian,366.98,15.32,False,4.3,42.1,False
1025,2026-04-09,Chandigarh,Desserts & Bakery,228.27,15.88,True,4.99,44.0,False
1026,2026-04-09,Chennai,South Indian,177.81,17.24,True,4.35,42.6,False
1027,2026-04-09,Bengaluru,Italian,498.68,16.21,False,3.89,24.9,False
1028,2026-04-09,Mumbai,Chinese,395.8,13.57,False,,33.2,False
1029,2026-04-09,Guwahati,South Indian,284.51,16.6,True,4.47,44.6,False
1030,2026-04-09,Ranchi,North Indian,175.01,15.48,False,4.0,26.5,False
1031,2026-04-09,Hyderabad,South Indian,217.8,13.96,True,4.01,36.4,False
1032,2026-04-09,Delhi,Chinese,235.55,12.09,True,3.52,30.2,False
1033,2026-04-09,Pune,North Indian,378.71,14.4,False,3.88,35.1,False
1034,2026-04-09,Pune,North Indian,293.67,14.85,True,4.44,37.3,False
1035,2026-04-09,Chennai,North Indian,297.98,8.11,True,4.29,20.2,False
1036,2026-04-09,Hyderabad,Chinese,392.41,13.39,True,4.48,34.6,False
1037,2026-04-09,Ahmedabad,Italian,403.17,14.14,False,3.8,21.0,False
1038,2026-04-09,Chandigarh,Desserts & Bakery,227.04,16.67,True,3.82,34.6,False
1039,2026-04-09,Chennai,North Indian,319.96,15.35,False,4.19,45.8,False
1040,2026-04-09,Chandigarh,Chinese,447.83,16.97,True,4.31,27.9,False
1041,2026-04-09,Hyderabad,Desserts & Bakery,161.12,14.22,False,4.98,35.6,False
1042,2026-04-09,Surat,Chinese,439.79,11.16,False,4.7,28.6,False
1043,2026-04-09,Surat,South Indian,244.64,16.25,False,3.69,34.1,False
1044,2026-04-09,Chandigarh,Chinese,489.88,18.83,False,3.78,35.8,False
1045,2026-04-09,Bhopal,Desserts & Bakery,188.44,13.93,False,3.01,30.9,False
1046,2026-04-09,Mumbai,South Indian,328.76,11.68,True,4.6,35.0,False
1047,2026-04-09,Ahmedabad,South Indian,271.92,12.66,False,3.72,28.3,False
1048,2026-04-09,Chandigarh,Chinese,369.56,18.45,True,4.15,39.7,False
1049,2026-04-09,Surat,North Indian,351.25,15.73,False,4.14,30.6,False
1050,2026-04-09,Bengaluru,Desserts & Bakery,359.39,16.94,False,4.39,27.5,False
1051,2026-04-09,Mumbai,North Indian,271.07,13.06,True,4.65,24.1,False
1052,2026-04-09,Ranchi,Desserts & Bakery,207.28,12.23,True,4.08,28.1,False
1053,2026-04-09,Guwahati,Desserts & Bakery,201.67,12.57,True,3.71,24.6,False
1054,2026-04-09,Ranchi,South Indian,269.14,14.41,True,4.15,29.2,False
1055,2026-04-09,Mumbai,North Indian,316.49,15.2,True,3.83,38.0,False
1056,2026-04-09,Kochi,North Indian,413.9,13.24,False,,32.9,False
1057,2026-04-09,Delhi,Chinese,296.43,12.46,True,4.21,30.3,False
1058,2026-04-09,Chennai,Chinese,423.15,10.75,False,,49.2,False
1059,2026-04-09,Ranchi,Chinese,212.51,14.81,False,4.2,30.7,False
1060,2026-04-09,Guwahati,South Indian,209.72,13.68,True,4.21,32.5,False
1061,2026-04-09,Chandigarh,North Indian,349.05,14.51,False,4.71,36.9,False
1062,2026-04-09,Delhi,North Indian,379.64,13.86,False,,30.5,False
1063,2026-04-09,Mumbai,North Indian,358.77,10.36,True,4.62,29.2,False
1064,2026-04-09,Kochi,Chinese,339.37,14.86,False,3.91,32.8,False
1065,2026-04-09,Chennai,North Indian,500.33,15.58,True,4.46,39.0,False
1066,2026-04-09,Hyderabad,Desserts & Bakery,206.9,13.88,False,4.49,28.0,False
1067,2026-04-09,Surat,North Indian,353.11,14.46,False,3.96,38.6,False
1068,2026-04-09,Guwahati,South Indian,170.28,17.54,True,4.29,29.9,False
1069,2026-04-09,Ranchi,North Indian,401.87,14.08,True,4.4,37.2,False
1070,2026-04-09,Chandigarh,Italian,605.68,12.16,True,4.15,25.9,False
1071,2026-04-09,Chennai,Italian,472.61,12.54,True,,27.7,False
1072,2026-04-09,Hyderabad,South Indian,254.3,11.63,True,4.61,37.7,False
1073,2026-04-09,Kochi,Desserts & Bakery,169.07,15.42,True,4.59,43.2,False
1074,2026-04-09,Hyderabad,Chinese,332.37,17.76,True,4.19,46.2,False
1075,2026-04-09,Kochi,North Indian,290.07,13.0,False,,26.7,False
1076,2026-04-09,Hyderabad,Chinese,338.77,11.89,True,4.42,32.1,False
1077,2026-04-09,Pune,South Indian,236.03,15.56,False,4.28,25.8,False
1078,2026-04-09,,Chinese,368.67,11.13,False,,47.0,False
1079,2026-04-09,Ranchi,Chinese,300.2,12.06,True,4.48,32.0,False
1080,2026-04-09,Pune,Desserts & Bakery,224.4,12.39,False,,30.8,False
1081,2026-04-09,Surat,Chinese,367.91,13.69,False,4.31,38.5,False
1082,2026-04-09,Kochi,North Indian,373.41,14.9,True,,23.2,False
1083,2026-04-09,Hyderabad,Chinese,346.13,17.72,False,,50.5,False
1084,2026-04-09,Pune,Chinese,360.05,13.23,False,,41.2,False
1085,2026-04-09,Bhopal,Chinese,407.45,16.79,True,4.0,38.1,False
1086,2026-04-09,Mumbai,South Indian,110.04,14.75,False,4.15,25.2,False
1087,2026-04-09,Guwahati,North Indian,478.72,14.01,True,4.07,30.7,False
1088,2026-04-09,Delhi,North Indian,562.43,13.76,False,3.77,39.3,False
1089,2026-04-09,Delhi,South Indian,321.31,14.38,False,,29.4,False
1090,2026-04-09,Mumbai,North Indian,382.36,14.33,False,3.98,22.0,False
1091,2026-04-09,Hyderabad,Italian,532.38,16.41,True,4.49,45.0,False
1092,2026-04-09,Delhi,Chinese,421.82,17.64,False,4.37,35.6,False
1093,2026-04-09,Bengaluru,Italian,544.2,14.61,True,4.48,14.9,False
1094,2026-04-09,Mumbai,North Indian,487.63,17.87,True,4.34,34.0,False
1095,2026-04-09,Delhi,North Indian,468.82,14.52,False,3.95,30.0,False
1096,2026-04-09,Nagpur,North Indian,281.13,11.92,False,4.34,45.3,False
1097,2026-04-09,Bengaluru,South Indian,302.21,15.92,False,3.99,39.9,False
1098,2026-04-09,Guwahati,Chinese,370.43,13.95,True,4.24,28.6,False
1099,2026-04-09,Chandigarh,North Indian,315.69,11.1,True,4.59,30.1,False
1100,2026-04-10,Pune,North Indian,404.53,14.32,True,3.89,22.1,False
1101,2026-04-10,Hyderabad,Italian,655.78,15.66,False,,50.9,False
1102,2026-04-10,Ranchi,North Indian,508.41,14.38,True,4.64,38.2,False
1103,2026-04-10,Kochi,North Indian,452.89,14.09,False,3.56,39.9,False
1104,2026-04-10,Ahmedabad,North Indian,497.56,10.95,False,4.17,43.4,False
1105,2026-04-10,Nagpur,South Indian,229.28,10.98,True,3.71,50.4,False
1106,2026-04-10,Hyderabad,Desserts & Bakery,211.92,14.23,True,3.98,30.5,False
1107,2026-04-10,Chandigarh,Desserts & Bakery,154.51,14.93,True,3.58,28.4,False
1108,2026-04-10,Mumbai,North Indian,560.36,15.95,False,4.74,28.4,False
1109,2026-04-10,Pune,North Indian,515.36,8.33,True,4.47,25.5,False
1110,2026-04-10,Mumbai,Chinese,210.84,16.76,True,,37.6,False
1111,2026-04-10,Mumbai,Desserts & Bakery,238.76,11.22,False,4.08,35.9,False
1112,2026-04-10,Guwahati,South Indian,273.32,14.89,False,4.3,39.2,False
1113,2026-04-10,Ranchi,North Indian,401.73,15.66,False,3.71,33.9,False
1114,2026-04-10,Chandigarh,Desserts & Bakery,251.21,15.2,False,4.46,35.6,False
1115,2026-04-10,Chennai,South Indian,174.12,11.11,False,4.3,38.2,False
1116,2026-04-10,Delhi,South Indian,234.83,11.86,True,,33.2,False
1117,2026-04-10,Bhopal,Italian,357.13,13.72,True,3.99,32.7,False
1118,2026-04-10,Ranchi,North Indian,384.71,14.65,True,4.06,22.0,False
1119,2026-04-10,Ahmedabad,South Indian,335.3,14.12,True,4.27,31.8,False
1120,2026-04-10,Nagpur,Italian,480.38,11.19,False,4.23,35.1,False
1121,2026-04-10,Kochi,North Indian,478.87,14.73,True,4.29,25.6,False
1122,2026-04-10,Nagpur,North Indian,374.91,16.15,False,3.43,27.7,False
1123,2026-04-10,Pune,North Indian,361.01,14.06,True,3.95,44.0,False
1124,2026-04-10,Bengaluru,North Indian,446.16,13.25,True,4.84,33.1,False
1125,2026-04-10,Kochi,Chinese,255.11,15.0,True,4.12,23.9,False
1126,2026-04-10,Delhi,North Indian,397.39,13.73,False,,37.1,False
1127,2026-04-10,Hyderabad,Chinese,380.78,13.49,True,4.85,27.4,False
1128,2026-04-10,Nagpur,South Indian,239.73,17.06,True,3.61,38.5,False
1129,2026-04-10,Guwahati,Italian,540.7,14.41,True,3.64,38.0,False
1130,2026-04-10,Chandigarh,South Indian,276.21,14.31,False,4.56,30.8,False
1131,2026-04-10,Delhi,Chinese,440.92,8.95,True,5.0,28.5,False
1132,2026-04-10,,Desserts & Bakery,240.2,16.65,False,4.33,32.2,False
1133,2026-04-10,Hyderabad,South Indian,322.0,14.16,True,3.88,33.1,False
1134,2026-04-10,,Chinese,258.57,16.95,False,,40.7,False
1135,2026-04-10,Chandigarh,South Indian,301.41,17.25,False,3.97,38.9,False
1136,2026-04-10,Delhi,Chinese,366.75,16.75,True,4.46,23.7,False
1137,2026-04-10,Hyderabad,North Indian,555.58,11.35,True,4.45,32.6,False
1138,2026-04-10,Delhi,Italian,439.14,14.88,True,4.08,32.3,False
1139,2026-04-10,Hyderabad,Italian,662.84,13.42,True,3.9,37.6,False
1140,2026-04-10,Chennai,Italian,758.83,13.0,False,3.9,27.2,False
1141,2026-04-10,Mumbai,Chinese,399.94,18.78,False,4.52,21.1,False
1142,2026-04-10,Bengaluru,Italian,498.16,12.14,True,4.16,28.2,False
1143,2026-04-10,Pune,South Indian,279.65,12.9,False,3.67,27.7,False
1144,2026-04-10,Ahmedabad,South Indian,268.76,19.22,False,4.28,21.7,False
1145,2026-04-10,Ahmedabad,South Indian,347.37,15.29,True,4.07,46.5,False
1146,2026-04-10,Chennai,South Indian,338.95,14.36,True,3.7,33.1,False
1147,2026-04-10,Hyderabad,Chinese,366.24,16.62,False,3.95,27.7,False
1148,2026-04-10,Chandigarh,Desserts & Bakery,223.61,10.69,True,4.02,38.2,False
1149,2026-04-10,Pune,North Indian,353.12,12.76,False,3.98,49.7,False
1150,2026-04-10,Surat,South Indian,318.83,13.77,True,3.58,24.6,False
1151,2026-04-10,Nagpur,Chinese,469.34,15.56,True,3.75,21.1,False
1152,2026-04-10,Bhopal,North Indian,431.05,15.0,False,4.22,30.9,False
1153,2026-04-10,Bhopal,South Indian,409.76,14.86,True,4.51,39.3,False
1154,2026-04-10,Ahmedabad,Chinese,460.72,15.07,False,3.83,29.0,False
1155,2026-04-10,Chennai,North Indian,331.03,13.56,True,4.03,33.5,False
1156,2026-04-10,Chennai,Desserts & Bakery,259.96,10.29,True,4.3,23.8,False
1157,2026-04-10,Hyderabad,South Indian,279.0,12.13,False,3.73,33.4,False
1158,2026-04-10,Surat,Chinese,327.31,15.4,False,4.45,29.9,False
1159,2026-04-10,Hyderabad,South Indian,319.3,13.39,False,,28.4,False
1160,2026-04-10,Bengaluru,Italian,501.31,12.04,True,4.28,36.1,False
1161,2026-04-10,Hyderabad,Desserts & Bakery,231.26,14.82,False,3.82,33.6,False
1162,2026-04-10,Bengaluru,North Indian,303.58,11.23,False,4.18,39.7,False
1163,2026-04-10,Chennai,North Indian,438.05,16.91,True,3.99,32.6,False
1164,2026-04-10,Surat,North Indian,203.12,14.56,True,4.39,28.9,False
1165,2026-04-10,Guwahati,Chinese,405.5,15.26,False,4.43,28.8,False
1166,2026-04-10,Surat,South Indian,178.26,15.36,True,4.3,29.7,False
1167,2026-04-10,Mumbai,Italian,459.11,16.76,False,4.77,28.8,False
1168,2026-04-10,Bhopal,Chinese,332.92,12.77,False,4.6,35.1,False
1169,2026-04-10,Chandigarh,Chinese,329.08,15.62,True,4.06,35.2,False
1170,2026-04-10,Ranchi,Chinese,296.14,14.02,True,3.68,29.8,False
1171,2026-04-10,Ahmedabad,Desserts & Bakery,190.15,11.68,True,3.92,32.2,False
1172,2026-04-10,Delhi,Italian,663.26,14.65,False,4.14,31.6,False
1173,2026-04-10,Mumbai,North Indian,310.46,17.11,True,4.09,39.8,False
1174,2026-04-10,Chandigarh,Chinese,371.08,13.35,False,4.12,24.4,False
1175,2026-04-10,Hyderabad,South Indian,179.75,14.14,False,,30.6,False
1176,2026-04-10,Surat,Italian,310.8,11.06,True,,32.4,False
1177,2026-04-10,Chandigarh,Italian,472.34,16.56,True,3.87,28.0,False
1178,2026-04-10,Bhopal,North Indian,424.02,14.25,False,4.29,28.7,False
1179,2026-04-10,Ranchi,Chinese,410.14,15.05,True,3.67,23.0,False
1180,2026-04-10,Delhi,South Indian,234.19,13.15,False,4.21,39.5,False
1181,2026-04-10,Ranchi,Chinese,304.51,15.57,False,4.28,34.5,False
1182,2026-04-10,Pune,Italian,489.11,11.61,False,4.61,35.0,False
1183,2026-04-10,Pune,South Indian,267.65,15.96,True,3.57,22.0,False
1184,2026-04-10,Bhopal,South Indian,294.14,13.23,True,3.76,26.9,False
1185,2026-04-10,Pune,Desserts & Bakery,265.1,16.59,False,3.92,21.3,False
1186,2026-04-10,Nagpur,Italian,410.25,13.58,False,3.55,25.0,False
1187,2026-04-10,Kochi,North Indian,490.75,14.09,True,4.48,33.9,False
1188,2026-04-10,Kochi,Chinese,340.91,13.48,True,4.51,43.4,False
1189,2026-04-10,Surat,Italian,573.27,19.71,True,4.25,33.3,False
1190,2026-04-10,Bhopal,Chinese,451.43,15.12,True,3.69,45.6,False
1191,2026-04-10,Chandigarh,South Indian,277.37,14.27,True,4.75,34.8,False
1192,2026-04-10,Chennai,Chinese,393.54,14.59,False,4.36,30.5,False
1193,2026-04-10,Bhopal,Chinese,214.74,15.5,True,4.05,38.7,False
1194,2026-04-10,Mumbai,Chinese,460.49,16.13,False,4.32,28.3,False
1195,2026-04-10,Bengaluru,South Indian,277.05,12.14,True,4.62,36.6,False
1196,2026-04-10,Pune,South Indian,228.68,11.62,False,4.54,31.1,False
1197,2026-04-10,Chennai,North Indian,552.08,12.72,True,,29.2,False
1198,2026-04-10,Guwahati,Chinese,400.87,14.07,True,4.41,26.7,False
1199,2026-04-10,Kochi,North Indian,297.47,15.59,True,4.04,27.5,False
1200,2026-04-10,Bengaluru,Chinese,237.25,13.36,False,4.44,17.7,False
1201,2026-04-10,Chandigarh,Chinese,267.41,15.84,True,4.02,35.0,False
1202,2026-04-10,Chandigarh,South Indian,289.9,14.19,True,4.42,30.1,False
1203,2026-04-10,Delhi,South Indian,211.78,12.46,False,3.53,37.5,False
1204,2026-04-10,Bengaluru,South Indian,214.56,15.1,True,4.36,41.6,False
1205,2026-04-10,Chandigarh,North Indian,410.89,16.23,False,4.3,33.2,False
1206,2026-04-10,Pune,Chinese,334.51,15.51,True,3.83,44.8,False
1207,2026-04-10,Mumbai,North Indian,520.37,16.37,True,4.49,32.9,False
1208,2026-04-10,Mumbai,South Indian,320.29,15.45,True,5.0,34.1,False
1209,2026-04-10,Delhi,North Indian,498.33,17.31,False,3.85,35.1,False
1210,2026-04-10,Delhi,North Indian,362.2,14.63,True,4.44,31.4,False
1211,2026-04-10,Delhi,Desserts & Bakery,234.69,18.36,False,4.23,25.0,False
1212,2026-04-10,Hyderabad,Italian,522.62,12.92,False,4.54,29.2,False
1213,2026-04-10,Mumbai,Italian,491.43,10.57,True,4.49,33.5,False
1214,2026-04-10,Hyderabad,South Indian,373.61,14.51,False,4.39,23.8,False
1215,2026-04-10,Hyderabad,Desserts & Bakery,267.77,13.28,True,4.14,41.0,False
1216,2026-04-10,Pune,Desserts & Bakery,295.01,13.23,False,4.5,41.9,False
1217,2026-04-11,Ranchi,Chinese,354.72,14.86,False,4.27,38.1,True
1218,2026-04-11,Kochi,Chinese,286.5,15.25,True,4.3,27.2,True
1219,2026-04-11,Pune,North Indian,408.71,12.25,True,3.06,33.1,True
1220,2026-04-11,Surat,Chinese,371.87,11.57,False,4.07,32.7,True
1221,2026-04-11,Guwahati,North Indian,423.35,12.31,False,4.38,31.6,True
1222,2026-04-11,Pune,Chinese,491.5,13.34,True,3.82,34.5,True
1223,2026-04-11,Hyderabad,South Indian,183.95,15.61,False,4.47,38.7,True
1224,2026-04-11,Delhi,Chinese,478.44,14.43,True,3.98,24.7,True
1225,2026-04-11,Guwahati,Chinese,399.64,17.36,False,3.26,31.2,True
1226,2026-04-11,Surat,Italian,607.27,11.07,True,4.8,25.3,True
1227,2026-04-11,Hyderabad,South Indian,324.49,14.55,False,,30.1,True
1228,2026-04-11,Ahmedabad,North Indian,386.81,12.98,False,3.96,33.0,True
1229,2026-04-11,Ranchi,Italian,415.39,12.38,True,,35.7,True
1230,2026-04-11,Bengaluru,South Indian,289.77,13.32,False,4.62,29.9,True
1231,2026-04-11,Ahmedabad,South Indian,235.59,9.64,False,4.38,39.5,True
1232,2026-04-11,Delhi,North Indian,398.32,17.47,True,3.75,23.6,True
1233,2026-04-11,Mumbai,Chinese,442.48,19.29,True,3.69,38.9,True
1234,2026-04-11,Surat,North Indian,314.74,15.2,False,3.91,42.3,True
1235,2026-04-11,Delhi,North Indian,154.09,15.84,True,3.69,32.5,True
1236,2026-04-11,Mumbai,South Indian,230.64,17.66,False,3.99,44.9,True
1237,2026-04-11,Pune,North Indian,398.28,13.42,True,,43.7,True
1238,2026-04-11,Chandigarh,North Indian,624.96,14.52,True,,32.2,True
1239,2026-04-11,Kochi,North Indian,502.06,12.9,True,3.86,41.7,True
1240,2026-04-11,Delhi,South Indian,238.63,15.24,False,4.54,25.5,True
1241,2026-04-11,Chennai,South Indian,315.21,15.97,True,,27.1,True
1242,2026-04-11,Kochi,Chinese,327.3,14.58,True,4.29,39.1,True
1243,2026-04-11,Surat,South Indian,160.06,13.85,True,4.84,20.4,True
1244,2026-04-11,Mumbai,North Indian,289.27,16.49,True,3.47,34.5,True
1245,2026-04-11,Surat,North Indian,524.68,13.22,True,4.17,34.7,True
1246,2026-04-11,Bhopal,South Indian,181.98,17.75,True,4.07,26.9,True
1247,2026-04-11,Chandigarh,North Indian,202.34,16.56,False,4.51,42.4,True
1248,2026-04-11,Bhopal,North Indian,477.43,14.23,False,3.8,46.9,True
1249,2026-04-11,Chennai,Chinese,282.32,15.79,True,4.31,37.8,True
1250,2026-04-11,Bengaluru,Chinese,341.51,15.85,False,4.24,38.7,True
1251,2026-04-11,Mumbai,South Indian,233.92,12.82,True,4.49,28.0,True
1252,2026-04-11,Delhi,North Indian,422.78,14.15,True,4.54,34.2,True
1253,2026-04-11,Delhi,North Indian,377.8,17.35,True,4.67,27.5,True
1254,2026-04-11,Mumbai,Chinese,301.21,17.37,False,4.11,34.0,True
1255,2026-04-11,Ranchi,Italian,547.25,13.42,True,4.23,41.8,True
1256,2026-04-11,Hyderabad,Chinese,373.15,16.75,True,4.2,39.3,True
1257,2026-04-11,Bengaluru,North Indian,414.22,20.56,True,4.29,30.4,True
1258,2026-04-11,Nagpur,South Indian,279.76,13.72,True,4.26,12.4,True
1259,2026-04-11,Chennai,North Indian,520.41,15.43,True,3.72,36.0,True
1260,2026-04-11,Bhopal,Chinese,456.7,13.59,True,,33.5,True
1261,2026-04-11,Chennai,Chinese,377.68,16.82,True,4.47,33.0,True
1262,2026-04-11,Pune,Desserts & Bakery,247.97,15.75,False,4.59,40.2,True
1263,2026-04-11,Mumbai,North Indian,357.06,15.01,True,3.97,35.7,True
1264,2026-04-11,Bengaluru,Chinese,302.71,14.61,True,4.07,37.3,True
1265,2026-04-11,Pune,South Indian,236.09,11.86,False,3.67,32.0,True
1266,2026-04-11,Ranchi,Chinese,347.57,15.36,False,3.88,24.3,True
1267,2026-04-11,Chennai,North Indian,336.04,16.65,False,3.59,34.9,True
1268,2026-04-11,Nagpur,South Indian,313.32,14.24,True,,42.2,True
1269,2026-04-11,Nagpur,North Indian,443.77,14.61,True,3.95,36.3,True
1270,2026-04-11,Ahmedabad,North Indian,424.98,15.76,True,4.04,27.9,True
1271,2026-04-11,Pune,South Indian,254.63,15.6,True,4.3,12.8,True
1272,2026-04-11,Delhi,North Indian,531.18,13.62,False,,29.8,True
1273,2026-04-11,Hyderabad,North Indian,380.34,12.48,False,4.26,24.0,True
1274,2026-04-11,Delhi,North Indian,447.71,15.77,False,3.78,23.3,True
1275,2026-04-11,Surat,South Indian,218.4,13.85,False,3.46,49.2,True
1276,2026-04-11,Mumbai,North Indian,463.04,11.47,True,,18.1,True
1277,2026-04-11,Chennai,Chinese,316.35,12.51,False,4.04,24.4,True
1278,2026-04-11,Delhi,North Indian,377.4,10.19,False,4.17,28.3,True
1279,2026-04-11,Ranchi,North Indian,524.42,15.16,True,4.04,32.4,True
1280,2026-04-11,Nagpur,South Indian,272.91,16.82,False,,39.8,True
1281,2026-04-11,Chandigarh,North Indian,492.63,15.85,False,3.95,33.2,True
1282,2026-04-11,Kochi,South Indian,278.93,17.17,True,4.1,27.1,True
1283,2026-04-11,Ahmedabad,South Indian,291.1,17.36,False,3.6,25.6,True
1284,2026-04-11,Ahmedabad,North Indian,397.47,12.91,True,4.43,43.5,True
1285,2026-04-11,Nagpur,North Indian,462.95,13.76,True,4.48,37.2,True
1286,2026-04-11,Ahmedabad,South Indian,183.48,14.24,False,4.04,50.6,True
1287,2026-04-11,Mumbai,Chinese,500.14,14.9,False,3.97,34.6,True
1288,2026-04-11,Chennai,North Indian,502.23,14.58,True,3.81,42.4,True
1289,2026-04-11,Surat,North Indian,417.32,11.76,True,4.26,27.7,True
1290,2026-04-11,Mumbai,North Indian,393.45,18.31,False,3.75,38.6,True
1291,2026-04-11,Nagpur,North Indian,237.93,13.27,False,4.18,23.7,True
1292,2026-04-11,Mumbai,Chinese,320.31,12.12,False,3.69,41.6,True
1293,2026-04-11,Hyderabad,South Indian,312.32,12.98,True,4.33,41.3,True
1294,2026-04-11,Chennai,Chinese,452.67,12.89,True,4.2,24.3,True
1295,2026-04-11,Bhopal,North Indian,428.61,15.43,False,4.21,26.8,True
1296,2026-04-11,Surat,South Indian,241.35,15.42,True,3.78,41.4,True
1297,2026-04-11,Chennai,Chinese,315.71,12.75,False,3.46,28.1,True
1298,2026-04-11,Bengaluru,South Indian,211.61,17.56,True,4.32,27.8,True
1299,2026-04-11,Chandigarh,Italian,309.55,15.17,False,4.13,42.7,True
1300,2026-04-11,Hyderabad,North Indian,493.37,15.44,False,,43.7,True
1301,2026-04-11,Pune,Italian,436.97,10.51,False,3.85,28.4,True
1302,2026-04-11,Ahmedabad,North Indian,362.17,17.33,False,3.72,42.1,True
1303,2026-04-11,Hyderabad,North Indian,316.88,12.02,True,3.83,30.8,True
1304,2026-04-11,Ranchi,Chinese,400.33,14.03,True,4.19,53.4,True
1305,2026-04-11,Mumbai,Chinese,297.29,15.39,False,4.27,41.0,True
1306,2026-04-11,Hyderabad,North Indian,435.94,13.49,True,4.13,33.2,True
1307,2026-04-11,Bengaluru,Chinese,398.35,14.3,True,,33.7,True
1308,2026-04-11,Pune,Desserts & Bakery,243.68,15.12,False,4.22,33.3,True
1309,2026-04-11,Surat,South Indian,283.91,17.07,False,4.43,28.4,True
1310,2026-04-11,Bhopal,Chinese,389.83,13.53,False,3.95,43.3,True
1311,2026-04-11,Chandigarh,South Indian,265.57,12.31,False,4.79,41.1,True
1312,2026-04-11,Ranchi,South Indian,278.82,15.58,True,4.41,44.2,True
1313,2026-04-11,Bhopal,South Indian,222.84,11.87,True,4.01,34.1,True
1314,2026-04-11,Bengaluru,Chinese,340.93,12.14,True,4.22,34.8,True
1315,2026-04-11,Guwahati,South Indian,285.74,12.53,True,4.22,38.0,True
1316,2026-04-11,Delhi,North Indian,335.54,15.38,True,4.43,38.5,True
1317,2026-04-11,Surat,Desserts & Bakery,401.79,16.89,False,3.85,41.0,True
1318,2026-04-11,Bengaluru,South Indian,315.81,14.39,True,3.76,29.3,True
1319,2026-04-11,Delhi,South Indian,198.15,15.66,False,4.05,47.0,True
1320,2026-04-11,Mumbai,North Indian,520.98,15.09,False,4.0,34.5,True
1321,2026-04-11,Bengaluru,Desserts & Bakery,267.43,16.63,True,4.07,25.9,True
1322,2026-04-11,Surat,Chinese,245.85,14.85,False,4.11,21.1,True
1323,2026-04-11,Nagpur,South Indian,370.75,12.85,False,4.32,34.2,True
1324,2026-04-11,Bengaluru,Chinese,261.31,15.54,False,3.88,35.8,True
1325,2026-04-11,Surat,South Indian,255.87,12.43,True,4.87,24.6,True
1326,2026-04-11,Mumbai,North Indian,519.23,13.88,True,4.78,43.9,True
1327,2026-04-11,Ranchi,South Indian,257.17,14.59,False,4.48,35.4,True
1328,2026-04-11,Bhopal,North Indian,245.07,13.34,True,4.81,38.0,True
1329,2026-04-11,Bengaluru,North Indian,591.6,13.04,True,4.15,35.5,True
1330,2026-04-11,Chennai,Chinese,272.89,15.87,True,3.86,29.4,True
1331,2026-04-11,Surat,North Indian,285.31,19.15,True,3.96,29.4,True
1332,2026-04-11,Nagpur,Chinese,264.05,13.69,False,4.16,16.0,True
1333,2026-04-11,Guwahati,Chinese,479.85,13.31,False,,33.4,True
1334,2026-04-11,Delhi,Italian,644.47,17.93,True,4.43,35.0,True
1335,2026-04-11,Surat,Italian,343.4,11.25,True,4.15,35.0,True
1336,2026-04-11,Mumbai,Italian,509.79,15.38,False,4.53,40.8,True
1337,2026-04-11,Guwahati,North Indian,359.35,11.7,True,3.88,33.4,True
1338,2026-04-11,Mumbai,Chinese,314.44,12.81,True,4.1,34.4,True
1339,2026-04-11,Mumbai,South Indian,297.06,14.95,True,3.55,44.2,True
1340,2026-04-11,Surat,North Indian,262.63,13.87,False,4.42,42.9,True
1341,2026-04-11,Mumbai,Italian,517.75,12.34,False,4.24,34.1,True
1342,2026-04-11,Mumbai,South Indian,260.2,19.61,True,5.0,35.4,True
1343,2026-04-11,Hyderabad,Italian,387.4,15.35,True,3.65,43.4,True
1344,2026-04-11,Surat,North Indian,373.42,15.17,True,3.38,38.9,True
1345,2026-04-11,Surat,Chinese,232.49,14.88,True,4.2,41.5,True
1346,2026-04-11,Ranchi,North Indian,380.32,12.28,False,3.89,42.4,True
1347,2026-04-11,Nagpur,Chinese,305.67,14.52,False,4.19,35.4,True
1348,2026-04-11,Kochi,Chinese,430.72,15.71,False,4.05,35.7,True
1349,2026-04-11,Kochi,Chinese,490.49,18.53,False,3.61,24.1,True
1350,2026-04-11,Delhi,North Indian,268.27,16.8,True,4.53,35.6,True
1351,2026-04-11,Surat,Italian,479.73,13.59,False,3.85,32.2,True
1352,2026-04-11,Pune,North Indian,345.71,16.68,False,4.26,33.3,True
1353,2026-04-11,Mumbai,North Indian,397.78,13.99,True,3.43,31.6,True
1354,2026-04-11,Mumbai,Chinese,353.23,12.93,False,3.83,35.9,True
1355,2026-04-11,Surat,North Indian,407.0,13.94,True,4.39,29.2,True
1356,2026-04-11,Delhi,Chinese,221.31,13.57,False,4.7,39.3,True
1357,2026-04-11,Delhi,North Indian,425.83,14.48,False,3.92,38.1,True
1358,2026-04-11,Delhi,Italian,498.33,15.63,False,3.99,54.0,True
1359,2026-04-11,Chennai,Italian,669.34,13.8,False,4.38,38.4,True
1360,2026-04-12,Bhopal,North Indian,459.26,16.69,True,4.1,39.3,True
1361,2026-04-12,Chennai,North Indian,560.46,11.97,True,4.06,36.1,True
1362,2026-04-12,Kochi,North Indian,406.57,12.25,True,4.0,36.0,True
1363,2026-04-12,Surat,Desserts & Bakery,145.44,13.88,False,3.66,35.3,True
1364,2026-04-12,Guwahati,South Indian,223.86,16.8,False,4.08,15.4,True
1365,2026-04-12,Bengaluru,North Indian,254.63,14.39,True,4.14,39.2,True
1366,2026-04-12,Nagpur,Chinese,332.25,20.15,True,4.47,39.3,True
1367,2026-04-12,Chennai,Italian,701.82,14.09,True,4.24,30.1,True
1368,2026-04-12,Ahmedabad,North Indian,322.15,14.39,False,4.5,35.1,True
1369,2026-04-12,Delhi,South Indian,354.15,8.55,False,4.09,30.8,True
1370,2026-04-12,Mumbai,North Indian,529.83,14.39,True,3.61,30.1,True
1371,2026-04-12,Guwahati,Desserts & Bakery,110.44,13.34,True,4.95,43.8,True
1372,2026-04-12,Kochi,North Indian,385.94,13.18,False,3.99,32.4,True
1373,2026-04-12,Mumbai,North Indian,271.81,14.92,True,3.99,36.7,True
1374,2026-04-12,Pune,Chinese,435.9,12.95,False,3.69,35.2,True
1375,2026-04-12,Bhopal,North Indian,420.92,17.26,True,4.6,25.8,True
1376,2026-04-12,Nagpur,Chinese,298.84,11.07,True,4.25,36.8,True
1377,2026-04-12,Chandigarh,Italian,488.58,14.67,False,4.16,34.7,True
1378,2026-04-12,Mumbai,North Indian,373.27,14.21,True,,38.1,True
1379,2026-04-12,Kochi,Chinese,369.52,12.51,True,4.52,33.6,True
1380,2026-04-12,Mumbai,Chinese,315.9,13.02,False,3.5,42.9,True
1381,2026-04-12,Mumbai,South Indian,304.09,11.9,True,3.97,26.3,True
1382,2026-04-12,Chennai,North Indian,469.2,12.93,True,3.57,34.0,True
1383,2026-04-12,Delhi,South Indian,228.81,12.07,True,3.47,23.7,True
1384,2026-04-12,Bengaluru,South Indian,295.25,15.1,False,3.7,43.1,True
1385,2026-04-12,Surat,Italian,776.43,14.06,True,4.18,23.4,True
1386,2026-04-12,Delhi,Chinese,217.84,13.94,False,4.09,28.2,True
1387,2026-04-12,Bengaluru,North Indian,328.58,14.74,False,,30.8,True
1388,2026-04-12,Chennai,South Indian,264.91,16.63,True,4.11,19.6,True
1389,2026-04-12,Chennai,North Indian,350.51,13.68,False,3.83,30.4,True
1390,2026-04-12,Mumbai,North Indian,428.57,15.57,True,4.15,28.0,True
1391,2026-04-12,Pune,North Indian,507.74,13.25,False,3.84,39.8,True
1392,2026-04-12,Ahmedabad,South Indian,228.61,15.2,True,4.34,34.2,True
1393,2026-04-12,Surat,Desserts & Bakery,225.48,13.92,True,4.18,32.4,True
1394,2026-04-12,Pune,Desserts & Bakery,169.34,14.92,True,4.61,47.0,True
1395,2026-04-12,Chandigarh,South Indian,358.98,10.27,True,3.33,31.5,True
1396,2026-04-12,Chennai,North Indian,530.76,14.47,False,3.9,40.3,True
1397,2026-04-12,Chennai,South Indian,385.38,13.64,True,4.74,25.4,True
1398,2026-04-12,Hyderabad,Chinese,456.81,15.26,False,3.86,34.1,True
1399,2026-04-12,Surat,North Indian,530.76,13.77,True,4.38,37.9,True
1400,2026-04-12,Nagpur,Chinese,379.93,16.3,False,4.22,37.8,True
1401,2026-04-12,Guwahati,Chinese,345.42,13.72,False,3.66,39.6,True
1402,2026-04-12,Hyderabad,South Indian,269.08,15.45,True,3.73,32.1,True
1403,2026-04-12,Pune,Chinese,374.65,14.81,True,4.03,35.3,True
1404,2026-04-12,Bhopal,South Indian,268.58,15.63,True,3.77,39.2,True
1405,2026-04-12,Ranchi,Chinese,310.15,12.64,True,,39.1,True
1406,2026-04-12,Hyderabad,North Indian,360.12,14.84,False,4.36,42.3,True
1407,2026-04-12,Surat,Chinese,214.43,15.93,True,3.53,27.7,True
1408,2026-04-12,Bhopal,North Indian,428.31,16.98,False,4.36,34.8,True
1409,2026-04-12,Nagpur,South Indian,271.7,13.12,True,3.9,26.8,True
1410,2026-04-12,Hyderabad,North Indian,388.17,17.4,True,3.4,37.1,True
1411,2026-04-12,Chennai,North Indian,435.72,12.38,True,4.07,27.9,True
1412,2026-04-12,Delhi,North Indian,473.46,13.14,False,3.95,44.7,True
1413,2026-04-12,Kochi,Desserts & Bakery,241.67,11.84,True,4.21,35.6,True
1414,2026-04-12,Bengaluru,Italian,499.32,18.47,True,3.75,38.4,True
1415,2026-04-12,Mumbai,North Indian,346.86,15.09,True,4.12,29.3,True
1416,2026-04-12,Nagpur,Chinese,323.08,16.93,True,4.25,32.8,True
1417,2026-04-12,Ahmedabad,South Indian,230.93,15.38,True,4.26,25.6,True
1418,2026-04-12,Bhopal,South Indian,198.74,14.36,False,4.32,35.8,True
1419,2026-04-12,Bhopal,South Indian,239.53,11.18,True,4.17,41.6,True
1420,2026-04-12,Ahmedabad,Desserts & Bakery,187.53,11.56,True,4.75,37.7,True
1421,2026-04-12,Guwahati,North Indian,495.01,14.06,True,4.4,22.8,True
1422,2026-04-12,Ranchi,North Indian,394.85,14.27,True,4.31,41.4,True
1423,2026-04-12,Kochi,South Indian,265.32,16.65,True,,35.3,True
1424,2026-04-12,Bengaluru,Desserts & Bakery,249.98,14.45,False,4.05,28.2,True
1425,2026-04-12,Bengaluru,Chinese,301.63,13.14,True,4.44,41.9,True
1426,2026-04-12,Mumbai,Desserts & Bakery,214.84,15.35,True,4.45,41.6,True
1427,2026-04-12,Kochi,North Indian,286.82,14.65,True,4.23,36.9,True
1428,2026-04-12,Guwahati,North Indian,457.87,17.66,True,4.46,32.6,True
1429,2026-04-12,Pune,South Indian,286.22,19.22,False,4.42,43.4,True
1430,2026-04-12,Kochi,South Indian,197.8,14.17,True,4.5,32.8,True
1431,2026-04-12,Ahmedabad,Chinese,496.05,11.62,False,4.03,35.2,True
1432,2026-04-12,Bhopal,North Indian,435.92,14.7,True,4.12,40.2,True
1433,2026-04-12,Chennai,North Indian,437.84,13.79,False,4.82,22.2,True
1434,2026-04-12,Mumbai,North Indian,543.31,16.22,False,4.8,27.8,True
1435,2026-04-12,Ranchi,North Indian,337.46,14.05,True,4.06,26.5,True
1436,2026-04-12,Nagpur,Chinese,334.23,15.21,True,4.19,33.6,True
1437,2026-04-12,Bengaluru,Italian,585.45,14.04,True,3.82,32.2,True
1438,2026-04-12,Surat,South Indian,348.32,13.93,True,,26.9,True
1439,2026-04-12,Delhi,Italian,817.67,15.14,True,3.95,41.2,True
1440,2026-04-12,Delhi,South Indian,245.85,17.2,False,,34.2,True
1441,2026-04-12,Bengaluru,Chinese,344.25,16.35,False,4.11,27.0,True
1442,2026-04-12,Nagpur,Chinese,300.05,13.84,True,4.51,38.9,True
1443,2026-04-12,Hyderabad,Chinese,294.4,17.75,False,5.0,29.2,True
1444,2026-04-12,Chandigarh,Chinese,543.12,13.94,True,4.55,41.0,True
1445,2026-04-12,Delhi,Chinese,496.32,15.88,True,4.84,33.7,True
1446,2026-04-12,Delhi,Desserts & Bakery,141.33,11.52,False,3.6,47.6,True
1447,2026-04-12,Chandigarh,South Indian,170.41,17.07,False,,31.7,True
1448,2026-04-12,Nagpur,Chinese,332.17,10.86,True,4.08,31.7,True
1449,2026-04-12,Pune,South Indian,194.8,15.94,True,3.89,31.5,True
1450,2026-04-12,Surat,North Indian,462.27,18.85,True,4.56,32.6,True
1451,2026-04-12,Chandigarh,Chinese,417.17,13.31,False,4.54,40.3,True
1452,2026-04-12,Mumbai,Italian,336.14,11.67,True,4.21,30.2,True
1453,2026-04-12,Delhi,South Indian,254.43,15.37,True,3.64,23.2,True
1454,2026-04-12,Bhopal,Chinese,306.57,14.52,True,3.94,43.3,True
1455,2026-04-12,Mumbai,Chinese,419.33,13.36,False,4.29,35.8,True
1456,2026-04-12,Guwahati,North Indian,275.73,14.27,True,4.25,39.5,True
1457,2026-04-12,Pune,North Indian,471.0,10.76,True,4.39,29.2,True
1458,2026-04-12,Delhi,South Indian,227.55,14.05,False,4.21,22.7,True
1459,2026-04-12,Bhopal,Chinese,420.55,15.16,False,4.51,34.9,True
1460,2026-04-12,Delhi,North Indian,486.66,13.61,True,3.88,26.6,True
1461,2026-04-12,Chennai,Desserts & Bakery,179.67,18.31,True,3.62,34.0,True
1462,2026-04-12,Pune,Desserts & Bakery,156.93,12.59,True,4.72,35.4,True
1463,2026-04-12,Mumbai,North Indian,424.79,15.43,False,3.9,43.9,True
1464,2026-04-12,Nagpur,Chinese,312.49,14.5,True,4.29,31.2,True
1465,2026-04-12,Hyderabad,Chinese,325.04,16.02,True,4.2,38.3,True
1466,2026-04-12,Mumbai,South Indian,200.95,14.01,False,4.36,17.4,True
1467,2026-04-12,Ahmedabad,South Indian,212.57,13.19,False,4.52,29.9,True
1468,2026-04-12,Surat,North Indian,529.96,15.73,True,4.14,25.6,True
1469,2026-04-12,Ranchi,North Indian,474.69,16.25,True,4.06,33.4,True
1470,2026-04-12,Delhi,North Indian,527.35,15.16,True,3.99,31.1,True
1471,2026-04-12,Pune,North Indian,318.65,16.76,True,4.39,29.3,True
1472,2026-04-12,Bhopal,South Indian,272.65,12.99,False,4.3,22.8,True
1473,2026-04-12,Pune,North Indian,416.59,9.87,True,4.28,31.5,True
1474,2026-04-12,Ranchi,Desserts & Bakery,202.56,14.9,False,4.09,34.4,True
1475,2026-04-12,Hyderabad,Chinese,330.48,13.53,False,4.2,42.0,True
1476,2026-04-12,Bengaluru,North Indian,400.88,14.09,False,4.19,40.1,True
1477,2026-04-12,Mumbai,North Indian,482.6,14.77,True,4.22,36.1,True
1478,2026-04-12,Ranchi,South Indian,235.52,14.58,True,4.17,28.3,True
1479,2026-04-12,Chennai,Chinese,351.33,12.16,True,4.01,24.5,True
1480,2026-04-12,Delhi,Italian,627.03,15.05,False,3.86,32.2,True
1481,2026-04-12,Bhopal,Italian,429.15,13.14,True,4.67,32.3,True
1482,2026-04-12,Delhi,Desserts & Bakery,212.43,12.31,True,3.93,35.6,True
1483,2026-04-12,Delhi,North Indian,339.74,15.86,False,3.87,32.3,True
1484,2026-04-12,Kochi,Chinese,432.77,13.56,False,4.6,29.9,True
1485,2026-04-12,Chennai,Italian,680.16,14.84,True,,36.4,True
1486,2026-04-12,Mumbai,South Indian,173.4,11.22,False,,22.7,True
1487,2026-04-12,Mumbai,North Indian,516.6,15.23,True,3.99,26.0,True
1488,2026-04-12,Pune,Chinese,190.89,14.06,True,4.72,35.3,True
1489,2026-04-12,Hyderabad,Desserts & Bakery,169.85,16.23,False,4.34,43.0,True
1490,2026-04-12,Chandigarh,Chinese,258.61,15.55,True,4.04,39.6,True
1491,2026-04-12,Hyderabad,Chinese,331.09,12.38,True,4.37,38.9,True
1492,2026-04-12,Surat,Chinese,245.63,15.45,True,3.71,46.5,True
1493,2026-04-12,Delhi,Chinese,337.19,12.63,True,4.94,29.7,True
1494,2026-04-12,Bengaluru,South Indian,217.97,14.54,True,4.54,30.6,True
1495,2026-04-12,Bhopal,Chinese,405.35,14.06,True,3.87,32.2,True
1496,2026-04-12,Mumbai,Desserts & Bakery,256.66,15.08,False,4.84,26.9,True
1497,2026-04-12,Bengaluru,North Indian,327.4,12.93,True,4.61,33.9,True
1498,2026-04-12,Surat,South Indian,240.29,16.3,True,4.15,33.7,True
1499,2026-04-12,Bengaluru,Chinese,299.59,15.68,False,3.83,31.3,True
1500,2026-04-12,Bengaluru,North Indian,535.43,18.51,False,4.39,30.8,True
1501,2026-04-12,Bengaluru,Chinese,442.58,16.62,False,4.04,23.5,True
1502,2026-04-12,Ranchi,North Indian,540.54,13.24,False,3.7,32.6,True
1503,2026-04-12,Mumbai,North Indian,473.67,15.6,True,3.62,44.9,True
1504,2026-04-12,Chandigarh,North Indian,352.53,14.53,False,4.23,30.8,True
1505,2026-04-12,Hyderabad,North Indian,314.78,13.14,False,3.78,39.2,True
1506,2026-04-12,Ranchi,North Indian,315.41,13.44,False,4.08,26.0,True
1507,2026-04-12,Chennai,South Indian,266.04,15.04,False,5.0,42.2,True
1508,2026-04-12,Nagpur,South Indian,321.13,16.07,True,3.75,37.1,True
1509,2026-04-12,Delhi,Chinese,436.57,15.24,True,3.72,31.4,True
1510,2026-04-13,Ranchi,South Indian,148.18,16.23,False,3.89,48.7,False
1511,2026-04-13,Chandigarh,Italian,608.25,14.05,False,4.36,33.9,False
1512,2026-04-13,Bengaluru,North Indian,246.65,14.84,True,4.03,31.8,False
1513,2026-04-13,Bengaluru,South Indian,253.26,10.75,True,4.03,26.6,False
1514,2026-04-13,Hyderabad,North Indian,566.56,17.96,False,3.52,38.4,False
1515,2026-04-13,Guwahati,South Indian,281.88,11.53,False,4.57,33.8,False
1516,2026-04-13,Guwahati,North Indian,352.0,12.21,True,3.81,32.3,False
1517,2026-04-13,Mumbai,North Indian,625.31,11.09,True,3.79,34.7,False
1518,2026-04-13,Pune,South Indian,135.44,12.82,True,4.34,42.6,False
1519,2026-04-13,Bengaluru,Italian,444.64,19.76,True,4.28,29.0,False
1520,2026-04-13,Chennai,North Indian,558.83,16.38,False,4.33,31.5,False
1521,2026-04-13,Surat,South Indian,132.29,14.98,True,3.53,22.5,False
1522,2026-04-13,Surat,Italian,369.46,13.19,True,4.44,40.8,False
1523,2026-04-13,Chennai,Desserts & Bakery,205.49,12.95,False,5.0,30.6,False
1524,2026-04-13,Kochi,Chinese,429.28,16.11,False,4.04,46.0,False
1525,2026-04-13,Pune,Desserts & Bakery,183.13,16.3,True,4.24,35.5,False
1526,2026-04-13,Pune,South Indian,283.67,14.55,True,4.47,35.4,False
1527,2026-04-13,Ahmedabad,Italian,767.7,13.0,False,3.63,32.7,False
1528,2026-04-13,Ranchi,North Indian,325.56,17.44,True,4.23,33.7,False
1529,2026-04-13,Hyderabad,North Indian,403.77,11.58,False,,32.3,False
1530,2026-04-13,Mumbai,North Indian,388.9,12.97,False,4.08,38.1,False
1531,2026-04-13,Pune,Desserts & Bakery,253.63,12.7,False,4.1,36.5,False
1532,2026-04-13,Chennai,North Indian,388.82,10.45,False,4.42,37.4,False
1533,2026-04-13,Chandigarh,South Indian,269.36,14.22,True,,31.7,False
1534,2026-04-13,Nagpur,South Indian,233.11,13.47,True,3.36,37.2,False
1535,2026-04-13,Surat,North Indian,404.83,17.1,False,3.99,17.4,False
1536,2026-04-13,Bengaluru,North Indian,372.38,15.16,True,5.0,30.4,False
1537,2026-04-13,Nagpur,Chinese,326.38,16.54,True,3.58,38.6,False
1538,2026-04-13,Kochi,Chinese,327.59,13.32,True,4.91,40.4,False
1539,2026-04-13,Bengaluru,Chinese,362.33,16.29,False,3.95,35.4,False
1540,2026-04-13,Guwahati,Italian,641.85,15.1,False,4.79,35.2,False
1541,2026-04-13,Ahmedabad,South Indian,233.29,14.28,True,3.95,27.6,False
1542,2026-04-13,Chennai,South Indian,273.94,10.69,True,4.17,29.9,False
1543,2026-04-13,Ahmedabad,Desserts & Bakery,211.67,14.57,True,4.06,34.8,False
1544,2026-04-13,Hyderabad,South Indian,355.16,12.98,False,4.49,33.4,False
1545,2026-04-13,Hyderabad,North Indian,564.67,14.9,False,3.59,31.2,False
1546,2026-04-13,Delhi,Italian,462.65,13.58,True,4.31,35.4,False
1547,2026-04-13,Nagpur,South Indian,162.97,14.04,False,3.89,42.0,False
1548,2026-04-13,Kochi,Italian,740.63,15.83,False,3.91,29.2,False
1549,2026-04-13,Pune,Chinese,331.17,12.91,True,3.62,36.4,False
1550,2026-04-13,Ahmedabad,Italian,625.73,12.53,True,,20.9,False
1551,2026-04-13,Nagpur,South Indian,259.33,16.73,True,4.51,36.8,False
1552,2026-04-13,Hyderabad,Chinese,276.91,17.27,False,4.26,48.9,False
1553,2026-04-13,Kochi,Desserts & Bakery,214.63,14.17,True,3.56,37.2,False
1554,2026-04-13,Hyderabad,North Indian,530.76,16.46,False,4.29,33.6,False
1555,2026-04-13,Ahmedabad,Chinese,506.1,11.08,False,4.25,27.3,False
1556,2026-04-13,Chennai,South Indian,203.79,13.5,False,4.27,41.4,False
1557,2026-04-13,Chandigarh,Italian,554.59,18.36,False,4.3,38.3,False
1558,2026-04-13,Nagpur,Italian,544.65,17.02,True,3.79,47.0,False
1559,2026-04-13,Mumbai,South Indian,264.88,11.5,False,4.18,35.4,False
1560,2026-04-13,Bhopal,South Indian,359.54,13.26,True,4.11,47.0,False
1561,2026-04-13,Hyderabad,Chinese,287.09,15.26,True,4.25,33.3,False
1562,2026-04-13,Delhi,North Indian,80.0,15.38,True,4.36,35.8,False
1563,2026-04-13,Guwahati,North Indian,491.97,15.59,False,4.51,33.2,False
1564,2026-04-13,Bengaluru,South Indian,322.79,13.25,True,4.37,29.1,False
1565,2026-04-13,Kochi,South Indian,244.76,13.07,True,3.89,35.9,False
1566,2026-04-13,Guwahati,South Indian,277.79,15.56,False,4.7,41.0,False
1567,2026-04-13,Chandigarh,South Indian,134.32,14.49,False,4.4,32.1,False
1568,2026-04-13,Nagpur,Italian,616.5,13.53,False,4.08,41.8,False
1569,2026-04-13,Guwahati,Chinese,392.02,12.77,False,3.93,44.4,False
1570,2026-04-13,Surat,South Indian,210.94,16.45,False,3.87,32.5,False
1571,2026-04-13,Nagpur,South Indian,237.93,17.48,True,3.96,44.8,False
1572,2026-04-13,Delhi,Italian,404.15,16.37,False,3.96,39.0,False
1573,2026-04-13,Bhopal,North Indian,462.29,15.25,False,4.19,37.5,False
1574,2026-04-13,Pune,South Indian,278.36,15.7,False,4.11,40.2,False
1575,2026-04-13,Bhopal,North Indian,269.0,15.07,True,,35.2,False
1576,2026-04-13,Pune,Italian,449.38,17.18,True,4.65,43.8,False
1577,2026-04-13,Ranchi,Desserts & Bakery,219.55,16.69,False,4.45,40.5,False
1578,2026-04-13,Nagpur,North Indian,356.66,17.04,False,4.1,28.2,False
1579,2026-04-13,Delhi,North Indian,486.87,11.11,False,4.14,30.5,False
1580,2026-04-13,Bhopal,South Indian,266.06,15.58,False,,52.1,False
1581,2026-04-13,Hyderabad,Chinese,483.76,16.1,True,4.63,36.5,False
1582,2026-04-13,Nagpur,Chinese,383.78,13.25,False,4.32,39.3,False
1583,2026-04-13,Chandigarh,South Indian,348.77,16.28,True,4.11,36.7,False
1584,2026-04-13,Ahmedabad,North Indian,299.94,14.28,True,4.2,33.3,False
1585,2026-04-13,Pune,Chinese,304.83,15.79,False,3.85,30.8,False
1586,2026-04-13,Bengaluru,Chinese,504.59,15.85,True,3.79,30.0,False
1587,2026-04-13,Delhi,South Indian,351.65,15.24,False,3.47,36.0,False
1588,2026-04-13,Chennai,North Indian,381.75,17.06,True,4.98,25.2,False
1589,2026-04-13,Delhi,North Indian,378.22,15.77,True,3.8,37.4,False
1590,2026-04-13,Hyderabad,Chinese,351.08,14.7,False,4.93,35.3,False
1591,2026-04-13,Bhopal,North Indian,490.68,15.38,True,4.16,27.2,False
1592,2026-04-13,Mumbai,Desserts & Bakery,248.42,14.28,False,4.28,37.4,False
1593,2026-04-13,Guwahati,Chinese,306.6,19.46,True,4.21,39.4,False
1594,2026-04-13,Guwahati,Chinese,402.93,10.99,True,,32.4,False
1595,2026-04-13,Chennai,North Indian,464.76,12.89,True,4.06,29.1,False
1596,2026-04-13,Bengaluru,North Indian,372.19,12.43,True,4.18,45.5,False
1597,2026-04-13,Guwahati,North Indian,424.5,14.59,False,4.16,42.3,False
1598,2026-04-13,Bhopal,South Indian,130.14,18.65,True,4.27,27.4,False
1599,2026-04-13,Hyderabad,North Indian,225.5,11.3,True,4.51,27.1,False
1600,2026-04-13,Chandigarh,Italian,485.84,14.77,True,4.81,44.1,False
1601,2026-04-13,Bengaluru,North Indian,462.79,11.05,True,3.95,23.6,False
1602,2026-04-13,Chandigarh,Italian,547.64,12.54,False,4.29,31.7,False
1603,2026-04-13,Ahmedabad,South Indian,325.6,13.33,True,3.96,33.3,False
1604,2026-04-13,Bengaluru,Desserts & Bakery,236.43,15.12,True,,31.4,False
1605,2026-04-13,Nagpur,Italian,461.97,13.31,False,4.68,36.2,False
1606,2026-04-13,Chennai,North Indian,363.49,13.19,True,3.27,32.9,False
1607,2026-04-13,Kochi,South Indian,156.49,8.84,True,3.02,28.1,False
1608,2026-04-13,Chennai,South Indian,247.58,14.28,True,4.07,40.5,False
1609,2026-04-13,Ranchi,South Indian,240.21,16.33,False,,42.6,False
1610,2026-04-13,Surat,North Indian,330.51,15.52,False,3.98,33.1,False
1611,2026-04-13,Bengaluru,North Indian,321.31,15.04,True,4.71,39.7,False
1612,2026-04-13,Ranchi,South Indian,241.02,17.01,False,4.39,39.8,False
1613,2026-04-13,Chennai,North Indian,465.05,12.94,True,3.9,23.7,False
1614,2026-04-13,Chandigarh,Italian,492.44,14.13,True,3.68,37.6,False
1615,2026-04-13,Chandigarh,South Indian,252.95,15.01,False,4.46,16.4,False
1616,2026-04-13,Bengaluru,North Indian,383.99,17.08,True,4.02,28.1,False
1617,2026-04-13,Chennai,South Indian,290.73,12.71,True,3.93,30.6,False
1618,2026-04-13,Ranchi,Italian,499.97,15.41,True,4.24,21.5,False
1619,2026-04-13,Chandigarh,Chinese,271.1,14.96,False,3.99,45.4,False
1620,2026-04-13,Ranchi,North Indian,390.13,15.04,False,,25.2,False
1621,2026-04-13,Chandigarh,North Indian,518.1,13.95,False,5.0,37.7,False
1622,2026-04-13,Bhopal,South Indian,214.53,17.99,True,3.72,30.4,False
1623,2026-04-13,Surat,Chinese,265.79,14.38,False,4.29,42.5,False
1624,2026-04-13,Mumbai,North Indian,266.72,14.23,False,4.83,39.5,False
1625,2026-04-13,Surat,North Indian,565.36,16.28,True,4.08,25.3,False
1626,2026-04-13,Nagpur,North Indian,569.51,14.25,False,5.0,31.4,False
1627,2026-04-13,Bengaluru,Chinese,424.87,16.24,False,4.17,33.2,False
1628,2026-04-13,Kochi,Desserts & Bakery,242.46,14.36,False,3.93,36.0,False
1629,2026-04-13,Kochi,North Indian,500.2,13.52,False,3.99,44.7,False
1630,2026-04-13,Chennai,Desserts & Bakery,195.52,13.42,True,3.98,26.5,False
1631,2026-04-13,Pune,South Indian,303.43,18.86,False,4.31,30.1,False
1632,2026-04-13,Chennai,North Indian,470.36,14.37,True,4.89,36.3,False
1633,2026-04-13,Bhopal,North Indian,477.33,8.93,False,4.08,26.1,False
1634,2026-04-14,Bengaluru,Chinese,450.87,12.81,False,4.03,29.8,False
1635,2026-04-14,Guwahati,Chinese,275.6,12.65,False,4.21,44.3,False
1636,2026-04-14,Kochi,Italian,499.68,14.2,True,4.16,33.6,False
1637,2026-04-14,Bengaluru,Italian,535.01,12.49,True,3.95,32.3,False
1638,2026-04-14,Pune,North Indian,436.78,14.41,False,3.66,28.8,False
1639,2026-04-14,Mumbai,Italian,505.31,17.32,False,4.13,41.6,False
1640,2026-04-14,Hyderabad,Chinese,288.73,16.69,False,,37.5,False
1641,2026-04-14,Pune,South Indian,340.73,14.26,True,4.2,29.3,False
1642,2026-04-14,Bengaluru,North Indian,323.16,11.77,False,4.24,22.7,False
1643,2026-04-14,Delhi,Chinese,333.21,17.94,False,4.35,44.0,False
1644,2026-04-14,Kochi,Chinese,431.67,15.56,False,4.55,43.4,False
1645,2026-04-14,Chennai,North Indian,496.66,12.64,False,,30.2,False
1646,2026-04-14,Bengaluru,North Indian,449.47,10.35,False,4.0,27.2,False
1647,2026-04-14,Surat,North Indian,303.24,15.04,True,4.5,37.2,False
1648,2026-04-14,Mumbai,Chinese,355.09,12.98,True,3.9,41.3,False
1649,2026-04-14,Ahmedabad,South Indian,251.0,18.81,True,4.18,33.2,False
1650,2026-04-14,Delhi,South Indian,308.38,15.68,False,4.62,50.3,False
1651,2026-04-14,Pune,Italian,601.27,18.34,True,,29.2,False
1652,2026-04-14,Nagpur,North Indian,289.68,16.09,False,4.83,31.3,False
1653,2026-04-14,Surat,Chinese,535.97,14.63,True,4.04,22.8,False
1654,2026-04-14,Nagpur,Chinese,331.25,14.36,True,4.35,27.7,False
1655,2026-04-14,Nagpur,Chinese,393.46,11.97,False,4.26,29.8,False
1656,2026-04-14,Chennai,South Indian,297.06,15.06,False,3.85,30.5,False
1657,2026-04-14,Hyderabad,Chinese,514.83,16.17,False,4.23,28.5,False
1658,2026-04-14,Chandigarh,North Indian,339.22,14.48,True,4.13,39.3,False
1659,2026-04-14,Ranchi,South Indian,279.0,13.44,False,3.77,27.4,False
1660,2026-04-14,Hyderabad,North Indian,544.82,12.3,False,4.05,27.8,False
1661,2026-04-14,Guwahati,Italian,450.31,18.77,True,4.76,37.3,False
1662,2026-04-14,Mumbai,Chinese,383.74,12.57,True,4.65,46.3,False
1663,2026-04-14,Pune,Chinese,279.36,15.18,False,4.42,35.7,False
1664,2026-04-14,Pune,South Indian,215.98,14.1,True,4.06,19.1,False
1665,2026-04-14,Kochi,South Indian,234.99,12.61,False,3.54,36.3,False
1666,2026-04-14,Ahmedabad,Chinese,281.51,12.67,False,,22.2,False
1667,2026-04-14,Delhi,Italian,403.27,12.37,True,4.32,35.7,False
1668,2026-04-14,Delhi,South Indian,326.63,17.33,False,4.44,47.2,False
1669,2026-04-14,Kochi,Italian,526.71,16.59,True,4.34,41.0,False
1670,2026-04-14,Chennai,Italian,598.21,14.92,True,,35.1,False
1671,2026-04-14,Mumbai,Chinese,360.21,11.0,False,3.77,16.8,False
1672,2026-04-14,Ahmedabad,South Indian,309.4,16.22,True,4.0,36.9,False
1673,2026-04-14,Pune,North Indian,454.48,15.26,False,4.74,28.4,False
1674,2026-04-14,Bengaluru,Chinese,188.99,15.15,True,3.74,46.6,False
1675,2026-04-14,Chennai,North Indian,563.14,10.89,False,,30.9,False
1676,2026-04-14,Delhi,Chinese,324.96,14.73,False,4.56,23.7,False
1677,2026-04-14,Ahmedabad,North Indian,340.43,16.37,False,,37.4,False
1678,2026-04-14,Chennai,Chinese,275.27,13.71,False,4.49,37.6,False
1679,2026-04-14,Pune,Desserts & Bakery,178.99,13.0,False,,49.5,False
1680,2026-04-14,Nagpur,South Indian,246.71,15.45,True,4.1,29.6,False
1681,2026-04-14,Pune,North Indian,320.64,15.34,True,4.32,31.2,False
1682,2026-04-14,Hyderabad,North Indian,437.31,15.02,True,3.62,40.7,False
1683,2026-04-14,Nagpur,South Indian,331.96,16.78,True,3.69,31.8,False
1684,2026-04-14,Delhi,North Indian,363.0,13.44,False,4.53,33.0,False
1685,2026-04-14,Ahmedabad,Chinese,470.19,13.68,False,3.83,34.0,False
1686,2026-04-14,Bhopal,South Indian,245.16,14.63,True,4.02,34.0,False
1687,2026-04-14,Chennai,South Indian,300.28,14.48,True,4.5,36.3,False
1688,2026-04-14,Bhopal,Italian,523.48,14.39,True,4.44,46.5,False
1689,2026-04-14,Bhopal,South Indian,307.42,11.59,False,3.93,28.7,False
1690,2026-04-14,Pune,North Indian,415.0,13.74,False,4.44,39.9,False
1691,2026-04-14,Chandigarh,North Indian,441.83,12.62,False,4.19,30.8,False
1692,2026-04-14,Delhi,North Indian,448.91,12.4,True,4.48,25.9,False
1693,2026-04-14,Surat,North Indian,376.79,18.0,False,4.48,35.5,False
1694,2026-04-14,Nagpur,North Indian,450.62,13.28,False,3.69,43.3,False
1695,2026-04-14,Chandigarh,Italian,655.66,18.41,True,,31.8,False
1696,2026-04-14,Mumbai,Italian,723.95,17.76,False,3.89,32.6,False
1697,2026-04-14,Pune,Italian,220.64,11.29,True,4.22,26.4,False
1698,2026-04-14,Delhi,South Indian,228.28,13.31,False,4.02,30.2,False
1699,2026-04-14,Ahmedabad,Italian,388.17,14.4,False,4.13,46.1,False
1700,2026-04-14,Bengaluru,Chinese,244.43,12.93,True,4.07,22.5,False
1701,2026-04-14,Hyderabad,Chinese,331.87,15.09,False,3.62,40.2,False
1702,2026-04-14,Hyderabad,North Indian,389.57,13.26,False,3.91,33.2,False
1703,2026-04-14,Chandigarh,Italian,609.28,13.38,True,3.72,27.1,False
1704,2026-04-14,Pune,North Indian,489.29,15.38,True,4.29,35.9,False
1705,2026-04-14,Kochi,North Indian,346.98,12.44,True,3.39,45.0,False
1706,2026-04-14,Bengaluru,Chinese,474.08,14.92,False,4.33,32.5,False
1707,2026-04-14,Pune,North Indian,319.66,13.72,False,3.88,20.0,False
1708,2026-04-14,Mumbai,South Indian,300.22,20.2,True,4.45,24.4,False
1709,2026-04-14,Pune,South Indian,322.6,13.36,True,4.1,33.5,False
1710,2026-04-14,Chandigarh,South Indian,234.83,15.83,False,3.79,34.7,False
1711,2026-04-14,Pune,Desserts & Bakery,269.0,16.07,False,4.06,31.0,False
1712,2026-04-14,Pune,Chinese,439.79,14.79,True,4.14,44.7,False
1713,2026-04-14,Guwahati,Chinese,186.15,16.25,False,4.29,38.2,False
1714,2026-04-14,Nagpur,Italian,625.15,14.4,True,4.22,30.1,False
1715,2026-04-14,Kochi,Chinese,383.27,15.61,True,4.71,28.3,False
1716,2026-04-14,Ahmedabad,North Indian,484.79,16.92,False,4.27,23.2,False
1717,2026-04-14,Delhi,Chinese,439.13,15.36,False,3.58,38.5,False
1718,2026-04-14,Ahmedabad,Chinese,290.12,13.59,False,4.38,41.5,False
1719,2026-04-14,Pune,South Indian,343.86,17.61,True,3.81,26.3,False
1720,2026-04-14,Bhopal,South Indian,232.23,14.42,False,4.41,36.5,False
1721,2026-04-14,Chennai,Desserts & Bakery,237.97,12.82,False,4.0,35.6,False
1722,2026-04-14,Delhi,Desserts & Bakery,271.21,14.55,True,3.8,21.8,False
1723,2026-04-14,Ahmedabad,South Indian,205.64,16.0,True,4.11,29.9,False
1724,2026-04-14,Ahmedabad,North Indian,507.62,16.88,True,3.36,29.6,False
1725,2026-04-14,Ahmedabad,South Indian,246.49,11.89,True,4.7,35.6,False
1726,2026-04-14,Bhopal,North Indian,477.88,13.05,False,3.58,45.5,False
1727,2026-04-14,Chandigarh,Italian,520.04,11.87,True,4.07,29.6,False
1728,2026-04-14,Delhi,Chinese,340.99,13.75,True,3.58,36.5,False
1729,2026-04-14,Pune,South Indian,278.13,12.77,True,4.21,23.8,False
1730,2026-04-14,Ahmedabad,Chinese,372.04,15.12,False,3.75,42.1,False
1731,2026-04-14,Bengaluru,Italian,591.22,14.08,False,,40.2,False
1732,2026-04-14,Hyderabad,South Indian,218.2,14.95,True,4.19,34.3,False
1733,2026-04-14,Guwahati,North Indian,350.11,14.16,True,3.58,34.2,False
1734,2026-04-14,Kochi,Chinese,393.14,17.32,True,4.12,47.2,False
1735,2026-04-14,Pune,South Indian,124.69,15.32,False,3.92,29.9,False
1736,2026-04-14,Guwahati,North Indian,388.17,16.88,False,4.57,32.7,False
1737,2026-04-15,Surat,North Indian,466.75,12.58,True,4.56,32.8,False
1738,2026-04-15,Hyderabad,Italian,519.11,15.28,False,4.11,29.2,False
1739,2026-04-15,Delhi,Chinese,338.49,14.77,False,4.17,24.3,False
1740,2026-04-15,Mumbai,Desserts & Bakery,193.26,16.97,False,4.55,41.4,False
1741,2026-04-15,,Desserts & Bakery,222.58,15.61,False,3.87,20.0,False
1742,2026-04-15,Nagpur,South Indian,406.35,13.74,False,3.84,40.1,False
1743,2026-04-15,Pune,Desserts & Bakery,330.08,15.51,True,3.96,28.7,False
1744,2026-04-15,Nagpur,Desserts & Bakery,111.62,12.17,False,4.1,42.2,False
1745,2026-04-15,Delhi,Chinese,405.61,13.72,True,,39.7,False
1746,2026-04-15,Chennai,Chinese,346.9,13.56,True,4.01,29.4,False
1747,2026-04-15,Ranchi,Chinese,369.11,15.18,True,4.59,37.7,False
1748,2026-04-15,,South Indian,317.45,16.54,False,,47.7,False
1749,2026-04-15,Ahmedabad,North Indian,385.99,10.52,True,4.21,24.0,False
1750,2026-04-15,Chennai,South Indian,271.12,13.1,True,4.43,28.3,False
1751,2026-04-15,Chandigarh,Italian,687.34,12.36,True,4.84,27.0,False
1752,2026-04-15,Nagpur,North Indian,349.85,14.99,False,4.67,30.0,False
1753,2026-04-15,Bhopal,Chinese,336.44,15.94,False,4.08,40.0,False
1754,2026-04-15,Hyderabad,Chinese,355.53,11.44,True,4.67,27.1,False
1755,2026-04-15,Ahmedabad,South Indian,253.36,14.42,False,4.3,29.9,False
1756,2026-04-15,Hyderabad,Desserts & Bakery,276.13,17.1,True,3.73,29.2,False
1757,2026-04-15,Bengaluru,Chinese,499.97,15.3,False,,22.5,False
1758,2026-04-15,Ranchi,Italian,563.92,12.57,False,4.84,39.4,False
1759,2026-04-15,Hyderabad,North Indian,234.53,17.46,False,4.03,36.2,False
1760,2026-04-15,Ranchi,South Indian,272.5,15.26,True,4.52,41.0,False
1761,2026-04-15,Guwahati,Desserts & Bakery,333.65,16.94,False,4.06,31.7,False
1762,2026-04-15,Nagpur,North Indian,291.6,11.23,True,3.71,29.5,False
1763,2026-04-15,,Chinese,317.3,14.49,True,4.2,35.6,False
1764,2026-04-15,Surat,North Indian,542.51,10.72,True,4.14,27.4,False
1765,2026-04-15,Delhi,South Indian,159.62,16.21,False,3.83,33.2,False
1766,2026-04-15,Chennai,Desserts & Bakery,181.0,14.45,False,4.53,36.0,False
1767,2026-04-15,Hyderabad,North Indian,300.48,12.44,True,,35.6,False
1768,2026-04-15,Bengaluru,Chinese,275.32,13.25,True,4.09,39.7,False
1769,2026-04-15,Surat,North Indian,417.87,18.25,False,4.73,39.4,False
1770,2026-04-15,Ahmedabad,North Indian,354.79,13.72,False,4.54,28.6,False
1771,2026-04-15,Surat,Italian,387.76,12.14,True,4.3,37.6,False
1772,2026-04-15,Bengaluru,South Indian,227.79,16.17,True,3.91,30.2,False
1773,2026-04-15,Ahmedabad,Chinese,277.19,17.15,False,4.0,48.8,False
1774,2026-04-15,Bengaluru,North Indian,335.9,13.12,True,4.51,24.8,False
1775,2026-04-15,Hyderabad,North Indian,442.06,14.96,True,4.46,44.3,False
1776,2026-04-15,Mumbai,Desserts & Bakery,193.08,11.16,False,4.85,34.1,False
1777,2026-04-15,Chennai,Italian,368.68,16.25,True,4.37,39.8,False
1778,2026-04-15,Chennai,Desserts & Bakery,146.74,16.32,True,4.2,32.0,False
1779,2026-04-15,Pune,South Indian,311.6,13.07,False,4.25,39.5,False
1780,2026-04-15,Kochi,South Indian,300.04,14.43,True,4.59,26.9,False
1781,2026-04-15,Guwahati,Italian,461.12,12.92,True,3.72,47.6,False
1782,2026-04-15,Surat,North Indian,535.76,10.17,True,4.24,29.3,False
1783,2026-04-15,Kochi,Chinese,336.15,14.68,False,4.15,24.4,False
1784,2026-04-15,Mumbai,Desserts & Bakery,241.08,14.56,True,3.54,29.3,False
1785,2026-04-15,Pune,South Indian,262.88,15.42,False,4.26,40.5,False
1786,2026-04-15,Chennai,Desserts & Bakery,194.79,13.45,True,4.0,32.2,False
1787,2026-04-15,Pune,North Indian,396.26,12.67,False,4.0,32.7,False
1788,2026-04-15,Hyderabad,Italian,487.13,15.81,True,4.57,47.7,False
1789,2026-04-15,Mumbai,Chinese,425.42,13.19,False,3.71,37.1,False
1790,2026-04-15,Bengaluru,North Indian,468.9,16.99,True,4.41,27.7,False
1791,2026-04-15,Bengaluru,Italian,330.42,15.27,True,4.03,28.7,False
1792,2026-04-15,Delhi,Italian,500.14,13.23,False,,37.6,False
1793,2026-04-15,Delhi,South Indian,285.12,16.49,True,4.34,23.6,False
1794,2026-04-15,Chennai,North Indian,440.23,16.56,False,4.33,28.4,False
1795,2026-04-15,Delhi,South Indian,348.16,12.44,False,3.53,27.7,False
1796,2026-04-15,Bengaluru,North Indian,590.84,11.64,True,3.71,34.7,False
1797,2026-04-15,Delhi,Chinese,264.53,14.52,False,4.21,30.3,False
1798,2026-04-15,Surat,North Indian,410.83,14.93,False,4.4,39.9,False
1799,2026-04-15,Kochi,Italian,493.33,12.06,True,4.78,49.2,False
1800,2026-04-15,Nagpur,North Indian,504.86,15.81,False,4.12,35.3,False
1801,2026-04-15,Pune,North Indian,408.53,16.86,True,4.64,42.6,False
1802,2026-04-15,Mumbai,South Indian,166.57,16.98,False,,34.8,False
1803,2026-04-15,Ranchi,Desserts & Bakery,200.29,13.26,True,4.76,19.0,False
1804,2026-04-15,Ranchi,South Indian,235.05,14.49,True,3.87,42.3,False
1805,2026-04-15,Ranchi,North Indian,331.23,18.44,False,4.08,28.6,False
1806,2026-04-15,Chennai,North Indian,441.68,14.25,True,4.11,30.5,False
1807,2026-04-15,Bengaluru,North Indian,533.36,17.08,True,4.13,32.3,False
1808,2026-04-15,Chennai,Desserts & Bakery,248.14,14.27,False,3.74,16.7,False
1809,2026-04-15,Chandigarh,Chinese,288.45,15.17,False,5.0,33.7,False
1810,2026-04-15,Chennai,South Indian,249.98,17.1,True,4.0,37.0,False
1811,2026-04-15,Bhopal,North Indian,394.87,14.49,True,4.53,40.3,False
1812,2026-04-15,Delhi,North Indian,353.83,13.56,False,4.25,38.3,False
1813,2026-04-15,Bengaluru,South Indian,281.52,14.7,True,4.06,46.4,False
1814,2026-04-15,Pune,Chinese,315.82,15.05,True,4.27,30.5,False
1815,2026-04-15,Hyderabad,Italian,561.33,14.95,False,4.31,31.7,False
1816,2026-04-15,Pune,North Indian,582.88,10.07,True,4.57,18.6,False
1817,2026-04-15,Surat,Italian,481.42,10.61,False,,31.6,False
1818,2026-04-15,Hyderabad,Chinese,256.82,15.31,True,3.95,23.0,False
1819,2026-04-15,Pune,Chinese,362.45,16.3,True,3.98,40.7,False
1820,2026-04-15,Chennai,Chinese,447.51,13.01,True,4.43,45.3,False
1821,2026-04-15,Chennai,North Indian,453.82,18.54,True,3.83,40.2,False
1822,2026-04-15,Guwahati,South Indian,291.38,13.21,True,3.96,31.3,False
1823,2026-04-15,Bengaluru,North Indian,395.32,15.19,True,4.07,35.9,False
1824,2026-04-15,Chandigarh,Chinese,303.53,11.3,False,4.2,29.1,False
1825,2026-04-15,Bengaluru,North Indian,461.08,12.91,False,4.58,43.3,False
1826,2026-04-15,Bengaluru,South Indian,156.61,11.81,True,4.64,43.2,False
1827,2026-04-15,Bhopal,Italian,598.09,16.11,True,4.51,20.9,False
1828,2026-04-15,Ranchi,Chinese,198.64,13.72,True,4.4,34.2,False
1829,2026-04-15,Chandigarh,Desserts & Bakery,212.61,17.7,True,4.94,42.1,False
1830,2026-04-15,Nagpur,North Indian,490.48,10.13,True,3.98,32.6,False
1831,2026-04-15,Mumbai,South Indian,286.44,9.67,False,4.05,42.7,False
1832,2026-04-15,Delhi,Chinese,324.51,11.72,True,,29.5,False
1833,2026-04-15,Mumbai,Italian,605.84,13.97,True,4.0,47.3,False
1834,2026-04-15,Ranchi,Chinese,390.31,13.97,True,3.83,40.2,False
1835,2026-04-15,Chennai,South Indian,277.7,11.32,False,,43.0,False
1836,2026-04-15,Chennai,North Indian,414.75,12.26,True,3.73,38.0,False
1837,2026-04-15,Mumbai,Italian,621.97,14.94,False,4.27,37.6,False
1838,2026-04-15,Pune,North Indian,260.63,14.26,False,4.1,38.3,False
1839,2026-04-15,Ranchi,South Indian,401.6,13.17,True,3.59,30.3,False
1840,2026-04-15,Bengaluru,Chinese,315.09,16.54,False,3.81,43.0,False
1841,2026-04-15,Mumbai,South Indian,142.88,16.2,True,,23.8,False
1842,2026-04-15,Hyderabad,North Indian,380.15,12.64,False,4.13,25.0,False
1843,2026-04-15,Bhopal,Chinese,317.3,13.66,True,4.05,29.2,False
1844,2026-04-16,Delhi,North Indian,394.43,14.66,False,4.53,41.3,False
1845,2026-04-16,Mumbai,Chinese,271.99,19.5,False,3.73,25.7,False
1846,2026-04-16,Pune,Desserts & Bakery,226.05,14.94,False,4.68,32.3,False
1847,2026-04-16,Hyderabad,South Indian,197.31,12.9,False,4.08,35.8,False
1848,2026-04-16,Mumbai,South Indian,375.42,15.1,False,4.51,16.2,False
1849,2026-04-16,Chennai,Italian,529.37,14.23,True,3.79,23.8,False
1850,2026-04-16,Surat,Italian,618.3,14.97,True,4.02,39.2,False
1851,2026-04-16,Ahmedabad,Italian,442.8,13.53,True,4.44,33.7,False
1852,2026-04-16,Delhi,South Indian,149.09,13.65,True,4.29,41.1,False
1853,2026-04-16,Mumbai,Chinese,381.02,18.12,True,4.08,33.8,False
1854,2026-04-16,Hyderabad,South Indian,266.28,15.1,False,3.85,41.2,False
1855,2026-04-16,Kochi,North Indian,468.1,15.22,True,3.77,32.0,False
1856,2026-04-16,Ranchi,Italian,646.58,13.96,False,3.9,23.7,False
1857,2026-04-16,Mumbai,South Indian,220.39,12.18,True,3.86,29.4,False
1858,2026-04-16,Chennai,Chinese,386.78,18.73,False,4.45,38.9,False
1859,2026-04-16,Guwahati,North Indian,441.84,15.6,True,3.94,39.5,False
1860,2026-04-16,Mumbai,Italian,479.91,15.96,True,,43.4,False
1861,2026-04-16,,North Indian,453.65,15.82,True,,38.6,False
1862,2026-04-16,Bengaluru,Chinese,406.01,16.1,False,3.52,41.6,False
1863,2026-04-16,Hyderabad,Chinese,423.66,11.49,False,4.38,45.8,False
1864,2026-04-16,Surat,Desserts & Bakery,178.22,18.94,False,4.07,34.0,False
1865,2026-04-16,Mumbai,South Indian,221.41,13.61,True,4.25,36.0,False
1866,2026-04-16,Bhopal,North Indian,373.35,14.59,False,4.91,33.5,False
1867,2026-04-16,Hyderabad,Italian,505.63,13.71,True,4.3,35.2,False
1868,2026-04-16,Bengaluru,North Indian,377.42,15.42,True,,34.0,False
1869,2026-04-16,Nagpur,North Indian,400.05,13.75,False,4.2,26.1,False
1870,2026-04-16,Mumbai,Chinese,345.49,12.17,True,3.8,38.0,False
1871,2026-04-16,Chennai,South Indian,181.08,14.01,True,4.76,41.5,False
1872,2026-04-16,Delhi,North Indian,393.29,14.85,False,3.55,30.3,False
1873,2026-04-16,Mumbai,Chinese,283.68,18.65,False,3.58,29.7,False
1874,2026-04-16,Hyderabad,North Indian,440.99,11.61,True,4.53,33.1,False
1875,2026-04-16,Hyderabad,Chinese,507.6,15.66,False,3.87,35.9,False
1876,2026-04-16,,North Indian,444.46,13.44,False,4.91,47.6,False
1877,2026-04-16,Ranchi,North Indian,457.48,13.66,True,4.05,39.6,False
1878,2026-04-16,Ahmedabad,Chinese,480.25,11.91,False,3.61,23.7,False
1879,2026-04-16,Guwahati,Italian,523.59,12.59,True,3.84,46.1,False
1880,2026-04-16,Kochi,North Indian,456.08,18.21,False,4.0,39.9,False
1881,2026-04-16,Pune,South Indian,116.76,14.97,True,,32.6,False
1882,2026-04-16,Bhopal,Italian,464.22,18.54,True,,29.3,False
1883,2026-04-16,Nagpur,North Indian,325.07,13.0,True,4.37,27.4,False
1884,2026-04-16,Chandigarh,North Indian,354.18,13.39,True,,26.3,False
1885,2026-04-16,Bhopal,Chinese,425.49,14.45,True,4.09,27.4,False
1886,2026-04-16,Nagpur,South Indian,225.74,13.1,True,4.54,40.5,False
1887,2026-04-16,Delhi,Chinese,389.12,9.94,False,,35.9,False
1888,2026-04-16,Nagpur,North Indian,462.7,14.0,False,4.33,28.6,False
1889,2026-04-16,Ahmedabad,South Indian,199.94,13.84,True,3.71,30.5,False
1890,2026-04-16,Mumbai,South Indian,219.61,11.6,False,4.04,34.8,False
1891,2026-04-16,Pune,North Indian,274.4,17.04,False,4.25,41.5,False
1892,2026-04-16,Ranchi,Italian,381.62,14.43,True,4.71,35.7,False
1893,2026-04-16,Mumbai,North Indian,467.47,15.4,True,3.8,36.7,False
1894,2026-04-16,Nagpur,Italian,147.36,13.81,False,4.15,46.4,False
1895,2026-04-16,Pune,South Indian,309.87,15.41,False,3.3,48.6,False
1896,2026-04-16,Pune,Italian,658.46,13.11,False,4.93,23.9,False
1897,2026-04-16,Chennai,North Indian,380.7,16.77,True,3.79,32.0,False
1898,2026-04-16,Pune,Chinese,417.2,15.03,False,4.29,45.3,False
1899,2026-04-16,Ranchi,Desserts & Bakery,277.51,15.95,True,,28.9,False
1900,2026-04-16,Mumbai,North Indian,461.59,12.67,False,4.5,27.5,False
1901,2026-04-16,Kochi,Chinese,289.76,15.74,False,4.76,42.7,False
1902,2026-04-16,Mumbai,North Indian,416.22,11.92,False,4.58,30.1,False
1903,2026-04-16,Ranchi,Italian,508.74,15.43,True,4.38,42.6,False
1904,2026-04-16,Bengaluru,North Indian,302.49,18.16,True,3.58,27.5,False
1905,2026-04-16,Ahmedabad,Italian,560.48,10.61,True,4.62,35.5,False
1906,2026-04-16,Ahmedabad,Desserts & Bakery,271.21,14.66,False,4.24,45.9,False
1907,2026-04-16,Mumbai,Chinese,196.31,14.91,False,3.63,36.1,False
1908,2026-04-16,Mumbai,Italian,491.13,15.81,False,4.3,27.8,False
1909,2026-04-16,Chennai,North Indian,425.84,17.18,False,,45.3,False
1910,2026-04-16,Bhopal,North Indian,402.8,9.79,True,4.41,27.8,False
1911,2026-04-16,Nagpur,Italian,345.11,16.98,True,,24.2,False
1912,2026-04-16,Chennai,North Indian,310.69,9.73,True,4.56,40.5,False
1913,2026-04-16,Delhi,Chinese,473.46,14.67,False,3.59,40.9,False
1914,2026-04-16,Chennai,North Indian,566.69,16.27,False,4.67,23.5,False
1915,2026-04-16,Bhopal,North Indian,460.85,15.43,False,,44.0,False
1916,2026-04-16,Hyderabad,North Indian,351.75,13.3,True,4.31,39.2,False
1917,2026-04-16,Guwahati,North Indian,369.58,16.43,True,3.46,36.0,False
1918,2026-04-16,Surat,Desserts & Bakery,164.05,14.34,False,4.31,36.0,False
1919,2026-04-16,Delhi,Chinese,346.27,16.72,False,3.66,40.6,False
1920,2026-04-16,Kochi,South Indian,299.9,16.45,False,4.05,39.5,False
1921,2026-04-16,Bengaluru,Desserts & Bakery,200.88,11.71,False,4.01,32.4,False
1922,2026-04-16,Nagpur,North Indian,424.15,14.53,True,3.61,36.1,False
1923,2026-04-16,Nagpur,South Indian,260.49,13.97,False,4.84,35.9,False
1924,2026-04-16,Delhi,South Indian,226.34,14.79,True,4.27,36.8,False
1925,2026-04-16,Mumbai,Desserts & Bakery,282.49,15.35,False,4.49,28.9,False
1926,2026-04-16,Bengaluru,South Indian,244.87,15.4,True,4.05,44.8,False
1927,2026-04-16,Hyderabad,Chinese,289.39,15.99,False,4.8,28.2,False
1928,2026-04-16,Guwahati,Desserts & Bakery,175.55,13.93,True,4.34,24.1,False
1929,2026-04-16,Ranchi,Chinese,412.97,13.89,True,4.14,42.3,False
1930,2026-04-16,Nagpur,Italian,496.72,18.1,True,3.7,46.9,False
1931,2026-04-16,Pune,South Indian,335.64,16.41,True,4.11,37.0,False
1932,2026-04-16,Mumbai,North Indian,463.46,15.98,False,4.08,34.9,False
1933,2026-04-16,Guwahati,North Indian,569.07,15.24,True,4.5,39.4,False
1934,2026-04-16,Pune,Chinese,461.0,15.38,False,,47.5,False
1935,2026-04-16,Surat,Italian,433.42,9.73,True,4.57,38.7,False
1936,2026-04-16,Delhi,North Indian,404.9,12.54,False,4.08,20.4,False
1937,2026-04-16,Nagpur,Desserts & Bakery,166.91,14.5,True,4.84,35.2,False
1938,2026-04-16,Bengaluru,North Indian,417.88,19.51,True,3.86,14.7,False
1939,2026-04-16,Ahmedabad,Chinese,489.96,13.8,False,4.29,35.7,False
1940,2026-04-16,Bengaluru,South Indian,141.83,16.38,False,,35.4,False
1941,2026-04-16,Bengaluru,South Indian,367.17,16.72,True,3.65,41.7,False
1942,2026-04-16,Pune,South Indian,176.26,16.23,True,3.88,42.7,False
1943,2026-04-16,Pune,North Indian,384.28,14.59,True,4.01,41.9,False
1944,2026-04-16,Hyderabad,Chinese,323.86,14.48,True,4.5,33.4,False
1945,2026-04-16,Mumbai,North Indian,407.97,17.6,True,4.07,24.8,False
1946,2026-04-16,Mumbai,Chinese,304.21,13.33,True,4.1,34.3,False
1947,2026-04-16,Pune,North Indian,486.41,14.37,False,,35.4,False
1948,2026-04-16,Delhi,Italian,294.41,17.49,True,4.66,35.2,False
1949,2026-04-16,Surat,North Indian,505.77,13.65,False,4.47,32.8,False
1950,2026-04-16,Surat,North Indian,477.91,15.31,True,3.24,41.5,False
1951,2026-04-16,Delhi,North Indian,530.9,16.1,True,4.03,42.2,False
1952,2026-04-16,Delhi,North Indian,335.68,13.63,True,3.64,23.9,False
1953,2026-04-16,Chennai,North Indian,373.91,12.61,True,4.13,23.3,False
1954,2026-04-16,Pune,Italian,621.5,15.16,True,,30.6,False
1955,2026-04-16,Nagpur,Desserts & Bakery,288.74,15.1,False,3.98,31.1,False
1956,2026-04-16,Nagpur,Italian,714.1,16.37,True,4.27,33.7,False
1957,2026-04-16,Kochi,North Indian,432.91,13.04,True,4.3,31.8,False
1958,2026-04-16,Delhi,North Indian,236.37,17.18,True,4.55,45.6,False
1959,2026-04-16,Bengaluru,South Indian,144.1,16.26,True,4.06,30.1,False
1960,2026-04-16,Ahmedabad,Chinese,341.85,19.82,True,3.78,32.9,False
1961,2026-04-16,Chennai,Chinese,330.94,13.94,False,4.25,37.0,False
1962,2026-04-16,Delhi,Desserts & Bakery,257.21,17.33,False,4.0,32.6,False
1963,2026-04-16,Ranchi,North Indian,323.33,14.09,True,4.42,28.6,False
1964,2026-04-16,Ranchi,Desserts & Bakery,202.3,16.73,False,3.82,24.1,False
1965,2026-04-16,Pune,North Indian,455.24,15.31,True,3.28,28.1,False
1966,2026-04-16,Ranchi,Chinese,284.13,15.06,True,3.27,56.1,False
1967,2026-04-16,Chennai,North Indian,511.23,15.49,False,4.11,36.8,False
1968,2026-04-16,Bhopal,Chinese,470.31,11.31,False,3.89,31.2,False
1969,2026-04-16,Pune,North Indian,380.88,14.62,True,4.32,33.0,False
1970,2026-04-16,Pune,South Indian,243.69,15.88,False,4.02,44.6,False
1971,2026-04-16,Nagpur,Chinese,306.48,10.28,True,4.18,33.0,False
1972,2026-04-16,Ranchi,North Indian,400.79,13.64,False,4.46,27.2,False
1973,2026-04-16,Pune,South Indian,243.21,12.93,True,,32.5,False
1974,2026-04-16,Ahmedabad,Chinese,197.96,12.77,False,4.35,25.1,False
1975,2026-04-16,Bhopal,Italian,704.18,16.05,False,4.79,53.6,False
1976,2026-04-16,Hyderabad,South Indian,351.29,14.13,False,4.28,16.6,False
1977,2026-04-16,Hyderabad,Chinese,256.99,13.5,True,4.17,39.1,False
1978,2026-04-16,Delhi,Chinese,512.7,16.73,True,4.22,38.2,False
1979,2026-04-16,Delhi,Chinese,192.37,14.15,True,3.59,35.5,False
1980,2026-04-16,Chandigarh,North Indian,264.48,14.7,False,,35.4,False
1981,2026-04-16,Guwahati,North Indian,531.95,16.34,False,4.05,38.8,False
1982,2026-04-16,Ahmedabad,North Indian,439.82,14.04,True,4.0,31.9,False
1983,2026-04-16,,Chinese,271.36,13.65,False,4.16,34.4,False
1984,2026-04-16,Hyderabad,North Indian,276.17,13.1,False,4.03,31.4,False
1985,2026-04-16,Chennai,Desserts & Bakery,167.11,15.05,True,4.24,34.4,False
1986,2026-04-16,Guwahati,South Indian,262.54,11.09,True,4.16,32.2,False
1987,2026-04-16,Ahmedabad,North Indian,365.9,16.43,True,4.39,33.3,False
1988,2026-04-17,Surat,Chinese,306.14,12.11,False,3.79,26.3,False
1989,2026-04-17,Surat,South Indian,288.57,14.4,True,3.97,45.5,False
1990,2026-04-17,Pune,North Indian,422.87,13.47,False,,39.3,False
1991,2026-04-17,Ranchi,South Indian,199.4,15.2,False,4.31,32.4,False
1992,2026-04-17,Guwahati,South Indian,283.08,15.52,True,,28.0,False
1993,2026-04-17,Surat,Italian,460.25,14.98,False,4.64,24.8,False
1994,2026-04-17,Ahmedabad,South Indian,246.36,13.39,True,3.68,50.4,False
1995,2026-04-17,Delhi,South Indian,292.85,14.7,True,4.69,23.6,False
1996,2026-04-17,Pune,Italian,743.32,18.2,False,4.4,37.1,False
1997,2026-04-17,Mumbai,South Indian,390.25,16.37,True,,42.7,False
1998,2026-04-17,Guwahati,South Indian,280.34,14.11,False,4.01,48.1,False
1999,2026-04-17,Guwahati,North Indian,541.51,15.64,True,5.0,32.1,False
2000,2026-04-17,,Chinese,363.34,10.18,True,3.88,40.4,False
2001,2026-04-17,Bengaluru,North Indian,482.93,15.34,False,4.51,35.4,False
2002,2026-04-17,Ranchi,North Indian,480.74,16.29,True,4.49,23.0,False
2003,2026-04-17,Delhi,Chinese,488.01,16.69,True,3.8,35.3,False
2004,2026-04-17,Chandigarh,Chinese,368.29,10.67,False,3.72,39.7,False
2005,2026-04-17,Ranchi,South Indian,296.32,13.21,False,4.59,36.0,False
2006,2026-04-17,Hyderabad,South Indian,256.78,12.45,True,4.15,24.1,False
2007,2026-04-17,Chennai,Chinese,366.77,13.68,True,4.49,36.0,False
2008,2026-04-17,Mumbai,South Indian,338.29,17.63,False,4.58,43.8,False
2009,2026-04-17,Delhi,North Indian,590.67,11.73,False,4.2,49.8,False
2010,2026-04-17,Chennai,North Indian,409.25,15.23,True,4.12,39.2,False
2011,2026-04-17,Pune,North Indian,452.87,16.0,True,4.11,25.1,False
2012,2026-04-17,Ranchi,Italian,569.78,13.24,False,3.8,25.0,False
2013,2026-04-17,Mumbai,Chinese,518.5,12.95,False,4.48,39.6,False
2014,2026-04-17,Bhopal,Desserts & Bakery,218.76,13.33,True,3.77,28.4,False
2015,2026-04-17,Nagpur,South Indian,314.83,15.42,True,,38.4,False
2016,2026-04-17,Hyderabad,Italian,469.26,15.18,True,4.2,32.0,False
2017,2026-04-17,Pune,Chinese,414.85,13.09,True,4.19,32.0,False
2018,2026-04-17,Hyderabad,North Indian,529.8,12.09,False,4.02,37.7,False
2019,2026-04-17,Delhi,Italian,594.98,15.71,True,4.08,31.7,False
2020,2026-04-17,Bengaluru,Italian,624.87,15.54,True,3.8,29.4,False
2021,2026-04-17,Mumbai,Chinese,407.73,15.0,True,,28.3,False
2022,2026-04-17,Delhi,South Indian,360.77,15.03,False,4.08,26.3,False
2023,2026-04-17,Delhi,North Indian,268.12,10.48,True,3.97,29.2,False
2024,2026-04-17,Guwahati,North Indian,495.44,13.19,True,3.94,19.6,False
2025,2026-04-17,Chennai,South Indian,290.04,14.76,False,3.81,41.9,False
2026,2026-04-17,Hyderabad,North Indian,379.49,12.82,False,4.22,44.6,False
2027,2026-04-17,Pune,South Indian,316.38,14.79,True,3.78,34.3,False
2028,2026-04-17,Bhopal,Chinese,268.02,14.99,False,3.54,32.2,False
2029,2026-04-17,Pune,Desserts & Bakery,202.12,12.83,False,4.59,33.8,False
2030,2026-04-17,Bengaluru,South Indian,237.09,10.87,True,3.51,35.6,False
2031,2026-04-17,Pune,North Indian,487.5,16.43,True,3.78,34.7,False
2032,2026-04-17,Kochi,Italian,474.15,10.71,False,4.27,36.3,False
2033,2026-04-17,Pune,South Indian,348.38,10.57,True,4.57,38.6,False
2034,2026-04-17,Nagpur,Chinese,264.96,12.22,False,4.22,37.0,False
2035,2026-04-17,Bhopal,North Indian,460.08,13.26,False,4.47,34.5,False
2036,2026-04-17,Delhi,North Indian,281.27,17.99,False,,29.5,False
2037,2026-04-17,Mumbai,Desserts & Bakery,237.0,15.27,True,4.52,40.3,False
2038,2026-04-17,Hyderabad,Chinese,291.11,12.89,False,4.07,37.0,False
2039,2026-04-17,Pune,South Indian,246.92,12.95,True,3.61,48.2,False
2040,2026-04-17,Bengaluru,Italian,619.34,15.73,True,4.1,28.0,False
2041,2026-04-17,Bhopal,North Indian,403.97,18.47,False,3.98,47.3,False
2042,2026-04-17,Surat,South Indian,241.18,14.96,True,4.2,39.3,False
2043,2026-04-17,Nagpur,Italian,440.74,13.32,True,4.54,32.8,False
2044,2026-04-17,Guwahati,Chinese,372.53,11.92,True,4.5,24.5,False
2045,2026-04-17,Bengaluru,North Indian,440.42,12.95,True,3.89,40.5,False
2046,2026-04-17,Delhi,North Indian,480.13,12.14,True,4.21,22.0,False
2047,2026-04-17,Guwahati,South Indian,221.75,13.41,True,4.18,38.2,False
2048,2026-04-17,Chennai,Chinese,348.65,17.92,False,3.7,35.1,False
2049,2026-04-17,Kochi,South Indian,335.98,15.16,True,3.14,33.5,False
2050,2026-04-17,Hyderabad,South Indian,238.56,18.29,False,4.42,31.6,False
2051,2026-04-17,Pune,North Indian,391.89,14.86,False,4.08,31.2,False
2052,2026-04-17,Ahmedabad,Italian,302.75,10.61,False,4.14,37.6,False
2053,2026-04-17,Hyderabad,Chinese,366.14,16.79,True,4.2,38.2,False
2054,2026-04-17,Ranchi,North Indian,464.09,16.87,False,4.39,32.6,False
2055,2026-04-17,Mumbai,South Indian,280.71,16.42,False,,50.3,False
2056,2026-04-17,Pune,North Indian,463.32,15.73,True,4.68,47.0,False
2057,2026-04-17,Ahmedabad,South Indian,260.36,15.9,True,4.37,40.3,False
2058,2026-04-17,Mumbai,Italian,732.62,14.45,True,4.14,29.5,False
2059,2026-04-17,Bhopal,North Indian,528.21,17.8,False,4.41,28.1,False
2060,2026-04-17,Bhopal,Chinese,427.62,15.55,True,4.76,37.9,False
2061,2026-04-17,Pune,South Indian,200.12,18.04,True,3.88,36.7,False
2062,2026-04-17,Delhi,North Indian,338.9,13.89,True,,39.5,False
2063,2026-04-17,Mumbai,North Indian,338.85,15.94,True,4.12,51.9,False
2064,2026-04-17,Delhi,South Indian,204.95,11.31,False,4.03,32.4,False
2065,2026-04-17,Ahmedabad,North Indian,280.12,15.14,False,3.75,32.7,False
2066,2026-04-17,Ahmedabad,North Indian,390.36,11.77,True,3.7,38.7,False
2067,2026-04-17,Chandigarh,Italian,459.19,14.95,False,3.91,31.3,False
2068,2026-04-17,Delhi,North Indian,177.75,15.01,True,4.11,31.5,False
2069,2026-04-17,Surat,Italian,427.36,14.43,False,4.62,23.5,False
2070,2026-04-17,Chennai,North Indian,370.3,13.54,True,4.24,27.8,False
2071,2026-04-17,Ahmedabad,Desserts & Bakery,194.84,14.99,False,4.19,34.1,False
2072,2026-04-17,Mumbai,South Indian,306.88,13.13,True,4.28,22.0,False
2073,2026-04-17,Delhi,Chinese,288.64,13.51,True,3.76,39.3,False
2074,2026-04-17,Nagpur,South Indian,143.44,13.58,False,4.37,36.3,False
2075,2026-04-17,Mumbai,Chinese,442.2,14.83,False,4.35,32.7,False
2076,2026-04-17,Chennai,Italian,522.8,15.85,True,4.46,37.2,False
2077,2026-04-17,Nagpur,North Indian,306.01,15.12,True,3.97,33.3,False
2078,2026-04-17,Mumbai,Desserts & Bakery,165.82,14.44,True,3.85,40.0,False
2079,2026-04-17,Bhopal,Chinese,297.11,13.46,False,4.62,22.1,False
2080,2026-04-17,Pune,Italian,449.71,13.85,True,4.45,35.8,False
2081,2026-04-17,Bengaluru,Chinese,371.64,12.52,True,3.96,39.1,False
2082,2026-04-17,Kochi,Italian,394.88,16.04,True,3.95,29.9,False
2083,2026-04-17,Mumbai,North Indian,497.43,10.71,False,4.34,26.6,False
2084,2026-04-17,Mumbai,North Indian,326.86,16.25,True,4.16,41.6,False
2085,2026-04-17,Pune,North Indian,329.56,11.96,True,3.86,36.3,False
2086,2026-04-17,Pune,Chinese,390.18,14.78,False,4.11,33.1,False
2087,2026-04-17,Guwahati,Chinese,295.78,10.14,True,3.89,35.7,False
2088,2026-04-17,Surat,Chinese,511.21,15.93,False,3.77,30.9,False
2089,2026-04-17,Kochi,Italian,567.69,12.49,False,,32.4,False
2090,2026-04-17,Delhi,South Indian,292.86,13.18,True,4.38,40.2,False
2091,2026-04-17,Kochi,North Indian,375.35,17.47,False,4.4,20.2,False
2092,2026-04-17,Ahmedabad,North Indian,501.25,18.64,True,4.67,35.5,False
2093,2026-04-17,Mumbai,South Indian,310.03,15.42,True,,22.8,False
2094,2026-04-17,Ahmedabad,Chinese,419.85,12.22,True,4.49,48.9,False
2095,2026-04-17,Hyderabad,Chinese,298.8,10.66,True,4.26,28.3,False
2096,2026-04-17,Surat,North Indian,455.3,13.92,False,4.41,29.0,False
2097,2026-04-17,Chandigarh,North Indian,543.63,14.19,False,,40.8,False
2098,2026-04-17,Mumbai,North Indian,335.48,10.03,False,4.06,23.1,False
2099,2026-04-17,Chandigarh,Chinese,393.23,11.9,False,4.55,39.0,False
2100,2026-04-17,Guwahati,South Indian,205.28,17.06,True,4.13,35.7,False
2101,2026-04-17,Chandigarh,Italian,524.36,9.44,True,4.58,29.6,False
2102,2026-04-17,Hyderabad,South Indian,312.36,15.05,False,4.1,39.5,False
2103,2026-04-17,Delhi,South Indian,206.36,14.84,False,4.36,28.6,False
2104,2026-04-17,Bhopal,Chinese,312.7,14.4,True,4.47,27.1,False
2105,2026-04-17,Mumbai,North Indian,378.24,12.36,True,4.36,35.8,False
2106,2026-04-18,,Italian,798.33,15.91,True,4.21,30.4,True
2107,2026-04-18,Chennai,Italian,465.5,14.28,True,4.25,39.6,True
2108,2026-04-18,Delhi,Desserts & Bakery,200.24,13.44,False,3.73,35.2,True
2109,2026-04-18,Chandigarh,South Indian,352.99,14.08,True,4.92,38.6,True
2110,2026-04-18,Mumbai,Italian,365.41,12.99,True,4.12,39.0,True
2111,2026-04-18,Bengaluru,Italian,565.79,14.35,False,3.74,35.7,True
2112,2026-04-18,Bengaluru,South Indian,273.05,13.33,True,4.3,31.0,True
2113,2026-04-18,Nagpur,North Indian,318.09,12.47,True,4.48,31.5,True
2114,2026-04-18,Delhi,Chinese,463.43,16.81,True,4.42,43.6,True
2115,2026-04-18,Ranchi,South Indian,302.64,14.8,False,3.87,29.2,True
2116,2026-04-18,Guwahati,North Indian,416.25,16.02,False,,43.9,True
2117,2026-04-18,Ahmedabad,South Indian,339.06,17.61,True,4.28,37.9,True
2118,2026-04-18,Hyderabad,Chinese,313.49,12.44,True,4.67,22.1,True
2119,2026-04-18,Delhi,North Indian,334.52,10.38,False,,41.8,True
2120,2026-04-18,Surat,Italian,574.94,10.02,True,3.17,29.0,True
2121,2026-04-18,Delhi,North Indian,358.77,12.87,True,4.57,32.2,True
2122,2026-04-18,Mumbai,North Indian,441.25,14.06,False,3.78,42.4,True
2123,2026-04-18,Chennai,Italian,745.47,16.85,True,3.9,37.7,True
2124,2026-04-18,Bengaluru,South Indian,262.22,16.18,False,4.33,42.4,True
2125,2026-04-18,Nagpur,South Indian,361.99,13.92,False,3.5,25.4,True
2126,2026-04-18,Chennai,North Indian,525.89,15.28,True,4.21,30.0,True
2127,2026-04-18,Chandigarh,North Indian,403.57,17.33,False,4.17,24.0,True
2128,2026-04-18,Ahmedabad,North Indian,209.81,14.58,False,3.99,32.4,True
2129,2026-04-18,Ahmedabad,Chinese,375.31,17.18,False,4.17,44.5,True
2130,2026-04-18,Bhopal,South Indian,286.12,16.16,False,3.94,33.7,True
2131,2026-04-18,Nagpur,Desserts & Bakery,214.63,11.52,False,4.3,30.1,True
2132,2026-04-18,Guwahati,Desserts & Bakery,175.51,11.54,True,3.72,41.0,True
2133,2026-04-18,Ahmedabad,Chinese,275.16,13.31,False,3.8,35.0,True
2134,2026-04-18,Ranchi,South Indian,212.38,15.25,False,3.79,29.8,True
2135,2026-04-18,Bhopal,North Indian,428.07,13.53,False,3.95,34.4,True
2136,2026-04-18,Ahmedabad,North Indian,422.47,13.09,True,4.51,33.0,True
2137,2026-04-18,Ahmedabad,North Indian,533.9,13.14,False,4.01,30.9,True
2138,2026-04-18,Delhi,South Indian,224.96,16.23,True,,32.2,True
2139,2026-04-18,Ahmedabad,Chinese,503.62,14.56,True,4.8,30.1,True
2140,2026-04-18,Chennai,North Indian,435.69,18.93,False,,32.1,True
2141,2026-04-18,Pune,Chinese,374.9,14.45,False,4.4,30.2,True
2142,2026-04-18,Ranchi,North Indian,496.86,14.56,False,,39.7,True
2143,2026-04-18,Bhopal,Chinese,426.35,14.35,True,3.77,27.4,True
2144,2026-04-18,Hyderabad,Chinese,461.44,14.35,False,,25.7,True
2145,2026-04-18,Ranchi,South Indian,211.04,14.05,False,4.26,31.6,True
2146,2026-04-18,Kochi,South Indian,286.12,13.66,False,4.04,39.0,True
2147,2026-04-18,Delhi,Italian,726.34,15.28,False,3.48,32.9,True
2148,2026-04-18,Bengaluru,South Indian,294.64,16.46,False,3.56,25.6,True
2149,2026-04-18,Kochi,Italian,523.67,14.39,False,4.11,29.0,True
2150,2026-04-18,Hyderabad,Chinese,382.03,14.99,False,,42.7,True
2151,2026-04-18,Hyderabad,North Indian,404.09,14.06,True,4.33,36.4,True
2152,2026-04-18,Mumbai,Chinese,398.68,12.53,True,,42.2,True
2153,2026-04-18,Hyderabad,Desserts & Bakery,195.84,15.32,True,3.59,39.7,True
2154,2026-04-18,Surat,Italian,530.29,14.62,False,4.37,21.1,True
2155,2026-04-18,Kochi,Italian,565.77,15.41,True,4.36,34.5,True
2156,2026-04-18,Hyderabad,North Indian,380.13,16.17,True,4.24,31.7,True
2157,2026-04-18,Surat,North Indian,397.68,14.06,True,4.13,29.0,True
2158,2026-04-18,Bengaluru,Desserts & Bakery,148.07,12.89,True,3.83,29.9,True
2159,2026-04-18,Kochi,Desserts & Bakery,162.48,16.05,True,3.61,41.0,True
2160,2026-04-18,Mumbai,North Indian,571.34,12.78,True,4.26,29.0,True
2161,2026-04-18,Delhi,Italian,684.81,14.48,True,4.34,27.0,True
2162,2026-04-18,Ranchi,North Indian,547.26,15.47,False,4.06,39.6,True
2163,2026-04-18,Nagpur,North Indian,341.56,17.68,True,4.45,34.4,True
2164,2026-04-18,Guwahati,South Indian,384.26,11.97,True,5.0,42.7,True
2165,2026-04-18,Surat,North Indian,488.96,11.78,True,4.2,36.7,True
2166,2026-04-18,Ranchi,North Indian,477.9,14.93,True,3.99,29.4,True
2167,2026-04-18,Chandigarh,South Indian,253.85,12.33,False,4.46,25.2,True
2168,2026-04-18,Bhopal,North Indian,345.28,13.82,False,3.89,37.2,True
2169,2026-04-18,Kochi,Chinese,259.87,16.83,False,,29.5,True
2170,2026-04-18,Mumbai,North Indian,406.32,14.38,False,,29.1,True
2171,2026-04-18,Bhopal,Chinese,197.13,16.34,False,3.89,48.9,True
2172,2026-04-18,Ranchi,Italian,627.26,13.21,True,4.16,37.0,True
2173,2026-04-18,Pune,Chinese,415.97,13.79,True,4.18,26.2,True
2174,2026-04-18,Pune,North Indian,619.95,13.89,True,3.53,42.8,True
2175,2026-04-18,Bengaluru,Chinese,339.45,11.95,False,4.29,25.6,True
2176,2026-04-18,Ranchi,North Indian,444.52,15.51,False,4.36,44.1,True
2177,2026-04-18,Bengaluru,Chinese,474.25,16.53,False,4.43,23.9,True
2178,2026-04-18,Delhi,South Indian,281.31,18.81,False,4.97,40.0,True
2179,2026-04-18,Mumbai,Italian,684.03,16.93,True,4.13,26.9,True
2180,2026-04-18,Bengaluru,North Indian,352.95,14.49,True,4.16,36.4,True
2181,2026-04-18,Pune,Italian,513.42,12.76,False,4.54,28.2,True
2182,2026-04-18,Hyderabad,Chinese,390.91,13.1,True,4.01,25.9,True
2183,2026-04-18,Delhi,North Indian,443.52,13.23,False,4.6,42.5,True
2184,2026-04-18,Surat,North Indian,429.11,12.29,True,4.64,41.5,True
2185,2026-04-18,Hyderabad,Chinese,347.72,13.43,False,4.23,35.6,True
2186,2026-04-18,Surat,North Indian,556.08,12.2,False,4.54,36.5,True
2187,2026-04-18,Surat,Italian,364.39,13.36,True,,18.9,True
2188,2026-04-18,Bengaluru,North Indian,280.24,15.25,False,4.56,30.6,True
2189,2026-04-18,Pune,North Indian,629.2,14.78,True,,23.2,True
2190,2026-04-18,Surat,North Indian,460.94,14.65,False,3.82,39.7,True
2191,2026-04-18,Pune,Italian,761.08,11.9,True,4.06,41.7,True
2192,2026-04-18,Bengaluru,North Indian,464.55,18.71,False,4.22,15.7,True
2193,2026-04-18,Bengaluru,Chinese,383.65,15.8,False,4.31,31.8,True
2194,2026-04-18,Hyderabad,South Indian,268.73,13.12,True,4.14,33.6,True
2195,2026-04-18,Mumbai,North Indian,353.39,13.13,False,4.46,34.7,True
2196,2026-04-18,Delhi,Chinese,391.21,16.51,True,4.37,36.6,True
2197,2026-04-18,Delhi,North Indian,547.41,15.67,False,4.04,19.4,True
2198,2026-04-18,Surat,North Indian,526.05,14.04,False,4.5,35.7,True
2199,2026-04-18,Ranchi,North Indian,333.49,11.15,True,4.27,24.1,True
2200,2026-04-18,Guwahati,North Indian,506.39,13.71,True,4.46,35.1,True
2201,2026-04-18,Guwahati,North Indian,327.44,14.28,False,4.16,42.5,True
2202,2026-04-18,Bengaluru,Desserts & Bakery,186.61,11.96,True,4.12,46.1,True
2203,2026-04-18,Chandigarh,Italian,503.52,19.39,True,4.62,34.0,True
2204,2026-04-18,Guwahati,North Indian,413.91,14.49,False,4.98,18.9,True
2205,2026-04-18,Bengaluru,Chinese,351.32,11.56,False,3.66,48.0,True
2206,2026-04-18,Ranchi,North Indian,396.76,12.82,True,,43.9,True
2207,2026-04-18,Pune,North Indian,463.93,13.25,True,4.17,37.4,True
2208,2026-04-18,Chennai,Italian,586.11,15.23,True,4.56,33.2,True
2209,2026-04-18,Guwahati,Chinese,233.56,18.1,True,4.75,31.5,True
2210,2026-04-18,Hyderabad,Italian,721.99,12.84,True,4.28,43.0,True
2211,2026-04-18,Delhi,Italian,603.86,13.98,False,4.48,33.5,True
2212,2026-04-18,Ranchi,Chinese,418.35,14.37,False,3.81,39.8,True
2213,2026-04-18,Pune,Desserts & Bakery,171.41,16.07,True,,38.9,True
2214,2026-04-18,Surat,North Indian,430.03,11.59,False,3.66,16.4,True
2215,2026-04-18,Ranchi,North Indian,479.08,16.11,False,4.87,43.4,True
2216,2026-04-18,Bengaluru,South Indian,256.8,15.38,True,3.65,35.6,True
2217,2026-04-18,Bhopal,Chinese,277.27,13.12,False,3.87,35.6,True
2218,2026-04-18,Chandigarh,South Indian,292.05,15.14,False,4.29,37.9,True
2219,2026-04-18,Delhi,North Indian,298.29,13.64,True,4.05,35.6,True
2220,2026-04-18,Bhopal,North Indian,258.45,18.58,True,4.23,38.2,True
2221,2026-04-18,Delhi,Italian,662.52,14.37,True,3.71,37.6,True
2222,2026-04-18,Chandigarh,Italian,740.32,16.51,True,3.77,23.7,True
2223,2026-04-18,Mumbai,North Indian,493.74,14.43,False,3.34,23.4,True
2224,2026-04-18,Hyderabad,North Indian,549.74,14.35,True,4.75,44.7,True
2225,2026-04-18,Ahmedabad,North Indian,455.45,14.55,True,3.93,26.0,True
2226,2026-04-18,Nagpur,Italian,560.29,15.28,False,4.44,34.3,True
2227,2026-04-18,Delhi,South Indian,183.54,12.84,True,,19.3,True
2228,2026-04-18,Ranchi,North Indian,453.52,10.65,True,4.32,37.8,True
2229,2026-04-18,Chandigarh,South Indian,185.22,13.73,False,4.24,37.8,True
2230,2026-04-18,Pune,South Indian,218.44,14.35,True,,26.9,True
2231,2026-04-18,Pune,Chinese,458.75,16.32,True,4.39,38.3,True
2232,2026-04-18,Chennai,South Indian,264.02,13.83,True,4.23,40.3,True
2233,2026-04-18,Hyderabad,North Indian,335.01,15.39,False,4.38,41.5,True
2234,2026-04-18,Bhopal,North Indian,341.25,15.14,True,4.23,43.4,True
2235,2026-04-18,Bengaluru,North Indian,432.11,12.5,False,4.08,33.3,True
2236,2026-04-18,Ahmedabad,North Indian,584.65,14.24,True,,41.5,True
2237,2026-04-18,Chennai,Italian,752.35,15.65,False,4.11,40.5,True
2238,2026-04-18,Kochi,North Indian,453.4,14.71,True,4.26,41.8,True
2239,2026-04-18,Ahmedabad,South Indian,232.98,15.02,True,4.3,42.0,True
2240,2026-04-19,Pune,North Indian,401.29,15.9,False,4.63,31.1,True
2241,2026-04-19,Chennai,South Indian,249.38,10.55,True,4.05,41.7,True
2242,2026-04-19,Chennai,North Indian,396.94,13.69,False,3.99,40.1,True
2243,2026-04-19,Ahmedabad,South Indian,310.02,16.24,True,4.13,39.0,True
2244,2026-04-19,Ranchi,Italian,435.93,15.21,False,4.65,33.4,True
2245,2026-04-19,Nagpur,Italian,443.34,13.5,True,4.03,40.9,True
2246,2026-04-19,Bengaluru,Chinese,537.12,16.52,True,3.93,31.2,True
2247,2026-04-19,Surat,North Indian,331.11,14.97,True,4.38,43.6,True
2248,2026-04-19,Pune,North Indian,580.37,14.53,True,4.44,27.0,True
2249,2026-04-19,Mumbai,Italian,570.88,18.91,True,3.75,42.3,True
2250,2026-04-19,Bhopal,North Indian,327.99,13.65,True,3.98,28.8,True
2251,2026-04-19,Nagpur,Chinese,289.14,15.67,False,4.81,38.7,True
2252,2026-04-19,Nagpur,Italian,525.74,14.44,True,,33.8,True
2253,2026-04-19,Pune,Desserts & Bakery,222.16,13.25,False,4.83,24.6,True
2254,2026-04-19,Ahmedabad,North Indian,389.63,10.21,True,3.43,34.3,True
2255,2026-04-19,Guwahati,Italian,744.35,13.99,True,3.58,32.6,True
2256,2026-04-19,Hyderabad,Italian,353.35,15.79,False,4.05,22.2,True
2257,2026-04-19,Hyderabad,North Indian,422.65,14.41,True,3.92,33.3,True
2258,2026-04-19,Nagpur,North Indian,516.34,15.12,False,5.0,30.8,True
2259,2026-04-19,Nagpur,Chinese,476.19,13.93,True,3.8,37.5,True
2260,2026-04-19,Nagpur,North Indian,455.71,13.78,True,3.86,31.0,True
2261,2026-04-19,Ranchi,South Indian,258.43,12.92,True,4.3,33.2,True
2262,2026-04-19,Bhopal,Chinese,469.16,16.48,True,5.0,27.1,True
2263,2026-04-19,Ranchi,Chinese,374.66,13.48,False,5.0,41.5,True
2264,2026-04-19,Ranchi,Desserts & Bakery,294.99,12.56,True,4.35,39.9,True
2265,2026-04-19,Ahmedabad,South Indian,240.41,14.74,True,4.25,39.4,True
2266,2026-04-19,Nagpur,North Indian,368.74,17.88,True,4.62,29.6,True
2267,2026-04-19,Surat,Italian,784.11,14.28,True,4.16,31.6,True
2268,2026-04-19,Hyderabad,Italian,550.09,14.42,True,4.02,40.1,True
2269,2026-04-19,Ahmedabad,Chinese,344.35,15.73,False,4.25,49.3,True
2270,2026-04-19,Delhi,North Indian,453.5,15.18,False,3.63,36.0,True
2271,2026-04-19,Ahmedabad,Chinese,394.11,18.48,False,4.38,36.6,True
2272,2026-04-19,Bhopal,North Indian,389.03,16.29,False,4.35,39.7,True
2273,2026-04-19,Pune,Chinese,401.99,13.03,False,3.87,38.5,True
2274,2026-04-19,Mumbai,Chinese,430.58,14.38,False,4.51,39.1,True
2275,2026-04-19,Bengaluru,North Indian,489.58,11.94,False,4.31,39.2,True
2276,2026-04-19,Nagpur,North Indian,393.91,16.85,True,3.98,36.7,True
2277,2026-04-19,Ranchi,South Indian,210.74,14.07,True,3.69,31.4,True
2278,2026-04-19,Nagpur,Chinese,449.25,12.04,True,4.61,41.8,True
2279,2026-04-19,Hyderabad,Chinese,355.83,15.86,True,4.17,32.2,True
2280,2026-04-19,Mumbai,South Indian,202.51,17.14,False,4.09,34.7,True
2281,2026-04-19,Ahmedabad,South Indian,232.52,18.57,False,3.64,23.7,True
2282,2026-04-19,Ahmedabad,Italian,536.4,12.03,False,3.98,24.9,True
2283,2026-04-19,Delhi,South Indian,294.18,15.69,True,4.4,34.1,True
2284,2026-04-19,Mumbai,North Indian,569.43,16.78,True,3.76,39.1,True
2285,2026-04-19,Delhi,Chinese,314.86,20.35,True,3.87,50.6,True
2286,2026-04-19,Bhopal,South Indian,284.64,14.48,False,3.76,38.5,True
2287,2026-04-19,Bengaluru,Desserts & Bakery,142.48,9.77,True,3.68,22.0,True
2288,2026-04-19,Chennai,Italian,771.14,16.54,False,3.72,38.3,True
2289,2026-04-19,Delhi,Desserts & Bakery,242.51,16.48,True,4.33,28.6,True
2290,2026-04-19,Pune,North Indian,397.74,13.52,False,4.84,30.5,True
2291,2026-04-19,Bhopal,Italian,539.12,13.61,True,3.12,28.2,True
2292,2026-04-19,Surat,Chinese,333.26,16.48,True,3.91,25.0,True
2293,2026-04-19,Hyderabad,Desserts & Bakery,266.99,19.68,False,4.17,43.6,True
2294,2026-04-19,Delhi,North Indian,450.89,13.8,False,3.59,30.9,True
2295,2026-04-19,Ahmedabad,Chinese,327.76,12.91,True,4.35,25.1,True
2296,2026-04-19,Chennai,North Indian,479.82,16.48,False,4.24,32.4,True
2297,2026-04-19,Guwahati,Desserts & Bakery,227.51,13.91,False,3.7,36.3,True
2298,2026-04-19,Mumbai,South Indian,328.74,13.43,True,4.07,39.5,True
2299,2026-04-19,Hyderabad,Desserts & Bakery,198.95,14.87,True,4.31,31.7,True
2300,2026-04-19,Surat,Chinese,440.41,12.01,False,4.7,27.0,True
2301,2026-04-19,Bengaluru,South Indian,327.73,13.69,True,4.77,37.5,True
2302,2026-04-19,Mumbai,Desserts & Bakery,197.16,14.72,False,3.64,32.7,True
2303,2026-04-19,Surat,North Indian,456.1,13.77,True,,16.9,True
2304,2026-04-19,Kochi,Italian,768.41,18.15,False,4.82,38.3,True
2305,2026-04-19,Delhi,Italian,451.49,14.78,False,4.06,26.8,True
2306,2026-04-19,Bhopal,Chinese,249.9,12.23,False,4.21,36.6,True
2307,2026-04-19,Ranchi,South Indian,290.56,13.96,False,,46.1,True
2308,2026-04-19,Chandigarh,Chinese,340.09,12.97,False,3.81,45.8,True
2309,2026-04-19,Ranchi,Desserts & Bakery,244.1,12.54,False,3.97,31.5,True
2310,2026-04-19,Ahmedabad,Italian,439.69,16.54,False,3.37,40.6,True
2311,2026-04-19,Ahmedabad,North Indian,368.07,11.14,True,4.45,46.7,True
2312,2026-04-19,Mumbai,North Indian,488.15,13.24,True,3.71,36.3,True
2313,2026-04-19,Delhi,South Indian,240.26,16.21,False,4.33,30.1,True
2314,2026-04-19,Hyderabad,South Indian,263.42,13.24,True,,27.0,True
2315,2026-04-19,Mumbai,North Indian,468.71,17.76,True,4.06,40.6,True
2316,2026-04-19,Delhi,Desserts & Bakery,147.82,13.0,True,3.62,35.0,True
2317,2026-04-19,Kochi,South Indian,314.13,13.61,True,4.61,48.7,True
2318,2026-04-19,Pune,South Indian,321.23,18.41,True,4.73,44.3,True
2319,2026-04-19,Chennai,South Indian,277.16,14.3,True,3.89,39.6,True
2320,2026-04-19,Delhi,Italian,325.37,15.47,True,3.49,37.0,True
2321,2026-04-19,Hyderabad,Italian,492.71,15.44,True,4.13,41.3,True
2322,2026-04-19,Hyderabad,Italian,418.22,12.65,True,4.31,34.6,True
2323,2026-04-19,Nagpur,Chinese,334.24,13.55,False,4.21,43.6,True
2324,2026-04-19,Ahmedabad,South Indian,259.07,15.72,True,3.99,41.3,True
2325,2026-04-19,Ranchi,Desserts & Bakery,162.43,15.13,False,,41.9,True
2326,2026-04-19,Pune,Chinese,324.16,15.75,True,4.55,25.6,True
2327,2026-04-19,Hyderabad,North Indian,470.32,13.78,True,5.0,38.2,True
2328,2026-04-19,Delhi,Chinese,390.11,15.79,False,4.14,43.7,True
2329,2026-04-19,Surat,North Indian,421.9,16.87,True,4.08,35.0,True
2330,2026-04-19,Hyderabad,Italian,536.53,15.19,True,4.73,31.4,True
2331,2026-04-19,Nagpur,North Indian,445.23,16.04,False,4.6,29.3,True
2332,2026-04-19,Kochi,Italian,594.08,11.74,False,3.77,29.7,True
2333,2026-04-19,Ranchi,South Indian,280.04,15.12,False,4.26,19.6,True
2334,2026-04-19,Ranchi,North Indian,394.91,14.99,True,4.15,39.0,True
2335,2026-04-19,Hyderabad,Chinese,360.89,15.85,False,3.74,35.7,True
2336,2026-04-19,Mumbai,Chinese,460.42,13.18,False,,22.2,True
2337,2026-04-19,Kochi,South Indian,195.55,13.72,True,3.71,23.2,True
2338,2026-04-19,Chandigarh,North Indian,471.71,14.77,False,,22.3,True
2339,2026-04-19,Nagpur,North Indian,253.8,13.61,False,4.29,31.7,True
2340,2026-04-19,Pune,South Indian,341.17,13.85,True,4.1,35.6,True
2341,2026-04-19,Ranchi,South Indian,319.99,16.61,False,4.23,39.4,True
2342,2026-04-19,Mumbai,North Indian,483.38,16.62,True,4.48,32.2,True
2343,2026-04-19,Delhi,Chinese,429.31,11.48,True,4.08,33.0,True
2344,2026-04-19,Bengaluru,Chinese,314.74,17.14,False,3.92,31.1,True
2345,2026-04-19,Nagpur,North Indian,212.45,14.62,True,4.47,14.9,True
2346,2026-04-19,Ranchi,Desserts & Bakery,189.17,15.51,False,,22.7,True
2347,2026-04-19,Pune,North Indian,436.24,15.74,False,4.03,30.8,True
2348,2026-04-19,Bengaluru,Desserts & Bakery,147.67,13.14,True,4.72,32.0,True
2349,2026-04-19,Hyderabad,Italian,517.22,13.7,True,4.27,33.6,True
2350,2026-04-19,Delhi,North Indian,335.62,13.97,False,4.22,33.6,True
2351,2026-04-19,Mumbai,North Indian,430.13,11.77,True,3.95,42.1,True
2352,2026-04-19,Pune,North Indian,541.0,18.25,False,4.17,30.4,True
2353,2026-04-19,Delhi,Chinese,283.89,14.89,True,3.54,31.2,True
2354,2026-04-19,Chandigarh,North Indian,431.32,14.46,False,4.04,35.9,True
2355,2026-04-19,Hyderabad,North Indian,389.78,16.06,False,,33.7,True
2356,2026-04-19,Bengaluru,North Indian,417.4,16.84,True,3.4,35.1,True
2357,2026-04-19,Hyderabad,Chinese,407.85,15.59,False,4.15,38.1,True
2358,2026-04-19,Bhopal,Chinese,343.84,15.07,True,3.76,38.7,True
2359,2026-04-19,Ahmedabad,North Indian,203.4,13.23,True,4.74,26.4,True
2360,2026-04-19,Chennai,Italian,616.69,16.35,True,4.33,26.8,True
2361,2026-04-19,Pune,Italian,640.43,13.34,True,4.51,29.3,True
2362,2026-04-19,Ranchi,South Indian,261.7,13.55,True,4.0,34.3,True
2363,2026-04-19,Chennai,North Indian,432.76,16.4,True,3.76,31.2,True
2364,2026-04-19,Delhi,Chinese,280.31,11.3,True,4.0,27.3,True
2365,2026-04-19,Pune,Italian,448.25,13.88,False,4.66,21.7,True
2366,2026-04-19,Surat,South Indian,320.62,15.15,True,4.37,39.0,True
2367,2026-04-19,Bhopal,Chinese,381.31,15.93,False,4.13,33.4,True
2368,2026-04-19,Chennai,North Indian,354.13,16.13,False,4.37,39.9,True
2369,2026-04-19,Surat,Chinese,237.13,17.9,False,4.43,38.1,True
2370,2026-04-19,Delhi,South Indian,204.33,12.38,True,3.85,32.4,True
2371,2026-04-19,Surat,North Indian,325.15,15.02,False,4.36,29.6,True
2372,2026-04-19,Mumbai,South Indian,311.88,15.26,True,4.52,48.2,True
2373,2026-04-19,Bengaluru,Chinese,356.31,16.29,False,4.36,36.0,True
2374,2026-04-19,Bhopal,North Indian,407.16,16.17,True,4.15,21.6,True
2375,2026-04-19,Ahmedabad,Chinese,370.57,14.06,True,3.88,32.4,True
2376,2026-04-19,Chennai,South Indian,235.33,14.57,False,4.0,38.4,True
2377,2026-04-19,Hyderabad,Desserts & Bakery,260.1,17.44,False,4.72,26.1,True
2378,2026-04-19,Nagpur,North Indian,280.61,10.94,True,4.25,26.4,True
2379,2026-04-19,Chennai,North Indian,247.23,13.07,False,,31.7,True
2380,2026-04-19,Bhopal,North Indian,297.86,14.03,True,4.36,49.5,True
2381,2026-04-19,Chennai,Italian,460.28,16.08,False,4.82,36.3,True
2382,2026-04-20,Guwahati,North Indian,465.9,9.47,False,4.16,31.4,False
2383,2026-04-20,Guwahati,South Indian,243.8,11.46,True,4.64,38.1,False
2384,2026-04-20,Bhopal,North Indian,354.69,14.61,False,4.43,29.3,False
2385,2026-04-20,Mumbai,Desserts & Bakery,188.55,15.86,True,4.72,42.1,False
2386,2026-04-20,Chennai,Chinese,309.27,14.14,True,4.97,34.4,False
2387,2026-04-20,Bhopal,Desserts & Bakery,195.81,14.68,True,4.32,35.3,False
2388,2026-04-20,Bhopal,Italian,500.68,17.46,True,4.34,29.6,False
2389,2026-04-20,Hyderabad,South Indian,187.72,18.37,True,3.49,35.9,False
2390,2026-04-20,Pune,Chinese,466.97,13.64,False,4.06,21.3,False
2391,2026-04-20,Bengaluru,Desserts & Bakery,242.68,13.8,True,3.95,36.8,False
2392,2026-04-20,Mumbai,South Indian,279.34,14.48,False,4.56,37.6,False
2393,2026-04-20,Mumbai,South Indian,221.57,11.32,False,4.66,26.1,False
2394,2026-04-20,Hyderabad,North Indian,404.15,15.22,True,4.16,28.3,False
2395,2026-04-20,Hyderabad,Desserts & Bakery,272.1,17.48,True,3.79,36.1,False
2396,2026-04-20,Hyderabad,North Indian,404.29,12.06,True,4.06,39.0,False
2397,2026-04-20,Kochi,Chinese,464.86,10.75,True,3.85,42.1,False
2398,2026-04-20,Chennai,North Indian,474.9,13.05,True,4.03,32.8,False
2399,2026-04-20,Chennai,North Indian,442.07,13.99,True,4.37,37.1,False
2400,2026-04-20,Hyderabad,Chinese,251.07,12.53,True,3.58,26.6,False
2401,2026-04-20,Mumbai,South Indian,268.04,14.99,False,3.68,29.4,False
2402,2026-04-20,Delhi,Italian,645.88,10.85,False,5.0,31.8,False
2403,2026-04-20,Kochi,North Indian,417.83,12.1,True,3.93,20.9,False
2404,2026-04-20,Mumbai,Chinese,448.36,12.66,True,4.44,19.3,False
2405,2026-04-20,Mumbai,Italian,601.06,16.63,True,4.27,43.3,False
2406,2026-04-20,Chennai,North Indian,334.39,13.88,False,4.53,35.6,False
2407,2026-04-20,Chennai,Italian,312.36,17.34,True,3.93,38.9,False
2408,2026-04-20,Mumbai,Chinese,353.15,15.93,True,3.03,31.1,False
2409,2026-04-20,Nagpur,Italian,619.81,11.74,False,4.26,37.4,False
2410,2026-04-20,Chennai,Italian,575.64,15.7,False,4.09,26.5,False
2411,2026-04-20,Ranchi,Chinese,302.24,15.69,False,4.77,41.0,False
2412,2026-04-20,Delhi,North Indian,375.72,13.15,False,,37.2,False
2413,2026-04-20,Chennai,Chinese,410.98,14.45,True,3.83,33.6,False
2414,2026-04-20,Delhi,Italian,492.94,17.52,True,3.79,29.0,False
2415,2026-04-20,Bengaluru,South Indian,282.19,13.76,True,3.96,25.0,False
2416,2026-04-20,Pune,North Indian,366.78,17.46,True,3.88,28.8,False
2417,2026-04-20,Chennai,Chinese,383.16,15.68,False,3.97,30.7,False
2418,2026-04-20,Guwahati,Chinese,341.27,12.37,True,3.39,28.6,False
2419,2026-04-20,Mumbai,Chinese,443.11,14.18,True,4.43,48.0,False
2420,2026-04-20,Chennai,North Indian,497.4,14.25,False,4.18,41.2,False
2421,2026-04-20,Bengaluru,North Indian,189.08,13.81,False,4.03,32.4,False
2422,2026-04-20,Bengaluru,North Indian,575.83,15.98,True,4.43,35.4,False
2423,2026-04-20,Hyderabad,Chinese,453.57,17.59,False,4.27,32.5,False
2424,2026-04-20,Bhopal,North Indian,424.02,10.72,True,3.79,35.2,False
2425,2026-04-20,Hyderabad,Italian,476.78,14.87,True,4.34,44.0,False
2426,2026-04-20,Pune,South Indian,246.54,9.97,False,4.74,36.6,False
2427,2026-04-20,Guwahati,South Indian,299.82,14.07,False,4.52,40.9,False
2428,2026-04-20,Bhopal,South Indian,313.32,11.98,True,3.75,31.8,False
2429,2026-04-20,Kochi,Italian,729.9,13.54,False,4.72,31.2,False
2430,2026-04-20,Guwahati,North Indian,312.64,14.52,False,4.77,31.3,False
2431,2026-04-20,Chennai,North Indian,438.66,14.19,True,4.11,28.6,False
2432,2026-04-20,Chennai,North Indian,322.12,14.41,True,3.87,36.8,False
2433,2026-04-20,Delhi,North Indian,407.99,16.35,True,4.26,43.6,False
2434,2026-04-20,Bengaluru,North Indian,405.4,14.87,False,4.27,36.4,False
2435,2026-04-20,Chennai,Italian,317.35,13.11,True,3.89,40.9,False
2436,2026-04-20,Guwahati,North Indian,469.38,16.46,True,3.38,30.2,False
2437,2026-04-20,Guwahati,North Indian,304.77,13.47,False,3.83,31.0,False
2438,2026-04-20,Hyderabad,North Indian,358.09,13.67,False,4.38,32.4,False
2439,2026-04-20,Bengaluru,Chinese,250.46,13.77,True,4.02,33.5,False
2440,2026-04-20,Chennai,North Indian,481.2,13.01,True,4.17,44.9,False
2441,2026-04-20,Chennai,Chinese,281.64,10.07,True,,40.1,False
2442,2026-04-20,Surat,Desserts & Bakery,290.6,14.36,True,4.1,44.6,False
2443,2026-04-20,Bengaluru,North Indian,548.97,15.17,True,,41.7,False
2444,2026-04-20,Guwahati,South Indian,286.39,19.28,True,3.88,35.3,False
2445,2026-04-20,Pune,Chinese,345.77,17.83,False,4.35,29.9,False
2446,2026-04-20,Hyderabad,North Indian,410.35,11.18,True,4.15,15.1,False
2447,2026-04-20,Guwahati,North Indian,554.16,9.63,False,3.9,28.6,False
2448,2026-04-20,Chandigarh,North Indian,465.71,14.82,True,3.56,33.8,False
2449,2026-04-20,Kochi,North Indian,443.74,18.35,False,3.73,28.4,False
2450,2026-04-20,Nagpur,Desserts & Bakery,166.67,12.26,True,4.08,37.7,False
2451,2026-04-20,Chennai,North Indian,329.54,13.04,False,4.68,37.5,False
2452,2026-04-20,Bhopal,North Indian,365.44,16.29,True,3.9,29.0,False
2453,2026-04-20,Surat,Italian,551.95,15.27,False,4.68,40.5,False
2454,2026-04-20,Delhi,South Indian,316.14,16.86,False,4.41,43.1,False
2455,2026-04-20,Kochi,North Indian,483.28,12.46,True,4.78,37.5,False
2456,2026-04-20,Guwahati,Chinese,319.55,17.19,True,4.16,34.4,False
2457,2026-04-20,Pune,Italian,622.02,17.19,False,3.88,35.7,False
2458,2026-04-20,Chennai,Italian,598.82,12.78,False,4.68,33.8,False
2459,2026-04-20,Bengaluru,South Indian,269.79,12.16,True,4.33,29.2,False
2460,2026-04-20,Surat,Desserts & Bakery,251.34,13.45,False,3.98,31.1,False
2461,2026-04-20,Delhi,North Indian,395.34,19.49,False,3.61,36.8,False
2462,2026-04-20,Guwahati,North Indian,236.82,12.46,False,3.78,35.1,False
2463,2026-04-20,,Italian,687.2,14.99,True,4.09,39.4,False
2464,2026-04-20,Mumbai,North Indian,449.78,16.11,False,,36.5,False
2465,2026-04-20,Bengaluru,North Indian,410.05,14.24,False,4.09,26.1,False
2466,2026-04-20,Pune,South Indian,228.55,12.93,True,4.41,40.2,False
2467,2026-04-20,Delhi,South Indian,275.32,10.12,False,4.04,34.8,False
2468,2026-04-20,Mumbai,North Indian,483.88,18.12,True,3.91,34.6,False
2469,2026-04-20,Delhi,Desserts & Bakery,257.13,17.06,False,3.8,30.9,False
2470,2026-04-20,Kochi,North Indian,469.8,18.42,True,4.11,32.0,False
2471,2026-04-20,Surat,South Indian,267.48,15.8,True,4.52,30.9,False
2472,2026-04-20,Guwahati,Italian,473.88,16.76,False,4.06,34.8,False
2473,2026-04-21,Hyderabad,North Indian,451.58,16.22,True,4.23,14.8,False
2474,2026-04-21,Nagpur,North Indian,364.03,15.38,True,3.96,32.0,False
2475,2026-04-21,Pune,Desserts & Bakery,267.7,15.04,False,4.12,26.9,False
2476,2026-04-21,Chennai,Italian,638.35,13.58,False,4.37,33.3,False
2477,2026-04-21,Delhi,Desserts & Bakery,94.71,14.47,False,4.45,26.8,False
2478,2026-04-21,Ahmedabad,Chinese,328.11,17.43,True,3.61,22.4,False
2479,2026-04-21,Guwahati,Italian,563.45,16.15,False,3.83,35.9,False
2480,2026-04-21,Ahmedabad,Italian,376.81,13.24,False,4.55,38.6,False
2481,2026-04-21,Chennai,North Indian,342.8,12.89,True,4.41,42.3,False
2482,2026-04-21,Kochi,North Indian,353.03,15.82,True,4.39,28.8,False
2483,2026-04-21,Hyderabad,Chinese,352.8,16.15,False,4.41,31.3,False
2484,2026-04-21,Surat,Italian,554.23,14.98,False,3.8,29.4,False
2485,2026-04-21,Ahmedabad,Chinese,377.95,13.62,False,4.17,35.2,False
2486,2026-04-21,Chandigarh,Chinese,405.59,12.29,False,4.74,22.5,False
2487,2026-04-21,Kochi,North Indian,393.82,16.29,True,4.04,30.2,False
2488,2026-04-21,Kochi,Italian,643.34,11.93,True,4.25,37.8,False
2489,2026-04-21,Hyderabad,North Indian,428.46,12.48,True,,33.2,False
2490,2026-04-21,Surat,Chinese,397.69,13.4,False,3.8,47.3,False
2491,2026-04-21,Pune,Chinese,357.74,17.19,True,4.1,19.2,False
2492,2026-04-21,Surat,Chinese,555.3,15.06,False,4.34,33.4,False
2493,2026-04-21,Ahmedabad,North Indian,461.05,14.16,False,4.2,44.9,False
2494,2026-04-21,Hyderabad,Italian,513.54,14.73,False,4.46,49.3,False
2495,2026-04-21,Ahmedabad,South Indian,326.23,14.42,False,3.96,36.6,False
2496,2026-04-21,Hyderabad,South Indian,175.47,15.67,True,,22.6,False
2497,2026-04-21,Hyderabad,Chinese,278.33,10.57,False,4.5,31.5,False
2498,2026-04-21,Nagpur,North Indian,414.88,11.04,True,4.33,23.3,False
2499,2026-04-21,Surat,South Indian,242.51,18.31,False,,41.1,False
2500,2026-04-21,Bhopal,South Indian,270.41,13.31,True,4.04,31.8,False
2501,2026-04-21,Ranchi,South Indian,153.22,13.8,True,3.96,38.7,False
2502,2026-04-21,Kochi,South Indian,358.88,14.96,False,,38.8,False
2503,2026-04-21,Surat,Chinese,266.29,14.72,True,4.17,25.3,False
2504,2026-04-21,Delhi,North Indian,336.62,12.31,True,4.18,28.8,False
2505,2026-04-21,Bhopal,Chinese,444.35,14.56,False,,26.2,False
2506,2026-04-21,Guwahati,North Indian,391.56,12.92,True,3.75,40.3,False
2507,2026-04-21,Chennai,South Indian,250.33,15.95,True,3.9,32.6,False
2508,2026-04-21,Bhopal,Chinese,363.67,14.43,False,3.98,34.9,False
2509,2026-04-21,Bengaluru,North Indian,329.54,19.34,False,4.45,40.9,False
2510,2026-04-21,Delhi,Chinese,363.27,15.03,True,4.13,36.7,False
2511,2026-04-21,Chennai,North Indian,385.98,17.04,True,4.09,21.9,False
2512,2026-04-21,Pune,Chinese,276.65,11.83,True,3.74,33.8,False
2513,2026-04-21,Ranchi,North Indian,190.81,13.45,False,4.33,37.0,False
2514,2026-04-21,Nagpur,North Indian,339.02,14.09,False,4.31,26.4,False
2515,2026-04-21,Hyderabad,Italian,458.87,15.36,True,3.76,38.4,False
2516,2026-04-21,Mumbai,North Indian,378.66,16.65,True,4.61,41.4,False
2517,2026-04-21,Hyderabad,North Indian,442.27,14.46,True,3.95,40.4,False
2518,2026-04-21,Chandigarh,South Indian,240.49,9.15,True,4.11,39.6,False
2519,2026-04-21,Guwahati,Chinese,456.26,14.39,False,4.23,31.0,False
2520,2026-04-21,Delhi,South Indian,235.97,17.56,True,3.72,36.4,False
2521,2026-04-21,Chennai,Chinese,352.55,16.69,True,3.49,37.5,False
2522,2026-04-21,Bengaluru,North Indian,419.4,10.58,False,4.2,44.4,False
2523,2026-04-21,Ahmedabad,North Indian,406.79,13.73,True,3.96,35.2,False
2524,2026-04-21,Guwahati,Chinese,264.86,10.88,True,4.02,29.7,False
2525,2026-04-21,Hyderabad,Chinese,411.43,14.49,True,4.47,30.4,False
2526,2026-04-21,Pune,Italian,456.02,16.9,False,4.76,34.3,False
2527,2026-04-21,Delhi,Chinese,391.9,18.79,True,3.95,34.4,False
2528,2026-04-21,Ranchi,Chinese,378.99,18.38,True,3.83,35.8,False
2529,2026-04-21,Kochi,Chinese,433.67,14.07,False,4.49,32.0,False
2530,2026-04-21,Bengaluru,Chinese,327.8,17.63,True,4.1,31.4,False
2531,2026-04-21,Chennai,South Indian,239.47,15.06,False,3.92,25.6,False
2532,2026-04-21,Chandigarh,North Indian,450.65,13.22,False,3.35,31.5,False
2533,2026-04-21,Delhi,North Indian,454.83,11.59,True,3.93,36.9,False
2534,2026-04-21,Guwahati,North Indian,446.69,12.15,False,4.51,38.8,False
2535,2026-04-21,Chandigarh,South Indian,228.6,13.79,True,4.37,24.2,False
2536,2026-04-21,Hyderabad,North Indian,501.83,14.62,True,4.41,24.1,False
2537,2026-04-21,Delhi,Chinese,508.07,14.75,False,4.46,29.1,False
2538,2026-04-21,Guwahati,North Indian,511.55,11.29,True,3.78,43.1,False
2539,2026-04-21,Guwahati,North Indian,322.88,15.18,True,,29.9,False
2540,2026-04-21,Pune,North Indian,422.89,14.67,True,4.56,25.0,False
2541,2026-04-21,Mumbai,North Indian,570.19,15.89,False,3.89,43.4,False
2542,2026-04-21,Hyderabad,Chinese,337.69,16.03,True,3.66,40.7,False
2543,2026-04-21,Guwahati,North Indian,442.53,15.03,True,4.25,32.7,False
2544,2026-04-21,Pune,South Indian,255.2,15.41,True,4.36,35.9,False
2545,2026-04-21,Chennai,Chinese,325.58,16.71,True,,31.0,False
2546,2026-04-21,Bengaluru,South Indian,294.0,13.75,False,3.66,40.0,False
2547,2026-04-21,Nagpur,Italian,356.75,12.6,False,3.69,37.5,False
2548,2026-04-21,Chennai,Chinese,409.38,16.79,True,3.93,35.1,False
2549,2026-04-21,Hyderabad,Chinese,383.23,14.51,False,3.95,35.3,False
2550,2026-04-21,Mumbai,Italian,543.4,14.94,False,4.18,29.2,False
2551,2026-04-21,Mumbai,Chinese,344.55,14.88,False,,33.5,False
2552,2026-04-21,Delhi,Chinese,521.08,14.43,True,3.55,26.6,False
2553,2026-04-21,Guwahati,Chinese,292.23,14.83,True,,27.1,False
2554,2026-04-21,Chandigarh,Chinese,332.65,12.21,False,4.07,43.9,False
2555,2026-04-21,Chandigarh,Chinese,305.17,13.4,False,4.22,22.3,False
2556,2026-04-21,Nagpur,North Indian,488.82,12.97,False,4.68,27.7,False
2557,2026-04-21,Bengaluru,North Indian,332.05,16.61,False,4.14,26.4,False
2558,2026-04-21,Hyderabad,Desserts & Bakery,213.37,8.61,True,3.9,29.0,False
2559,2026-04-21,Mumbai,Chinese,475.89,16.76,False,4.07,37.7,False
2560,2026-04-21,Surat,Desserts & Bakery,234.53,13.95,True,3.63,37.4,False
2561,2026-04-21,Chennai,Chinese,449.87,11.55,True,,33.6,False
2562,2026-04-21,Guwahati,South Indian,233.5,13.61,True,,30.7,False
2563,2026-04-21,Mumbai,Italian,547.57,13.55,True,4.11,33.4,False
2564,2026-04-21,Bhopal,Chinese,346.49,12.9,True,,31.0,False
2565,2026-04-21,Pune,North Indian,423.26,15.48,False,4.54,36.7,False
2566,2026-04-21,Ranchi,North Indian,616.56,11.85,True,4.31,34.6,False
2567,2026-04-21,Pune,South Indian,170.44,16.96,True,4.35,50.7,False
2568,2026-04-21,Mumbai,South Indian,357.36,15.94,True,3.12,33.5,False
2569,2026-04-21,Bhopal,Chinese,431.76,13.49,True,4.33,44.0,False
2570,2026-04-21,Delhi,North Indian,373.24,14.22,True,4.19,28.4,False
2571,2026-04-21,Bengaluru,South Indian,260.07,18.12,True,4.22,35.5,False
2572,2026-04-21,Surat,North Indian,593.04,13.67,False,4.44,42.3,False
2573,2026-04-21,Kochi,North Indian,421.8,15.43,True,4.05,47.0,False
2574,2026-04-21,Pune,North Indian,496.89,12.42,True,3.41,24.2,False
2575,2026-04-21,Surat,Chinese,445.45,12.73,True,4.33,22.0,False
2576,2026-04-21,Hyderabad,Chinese,417.27,15.98,False,4.09,43.5,False
2577,2026-04-21,Pune,Desserts & Bakery,188.79,13.95,True,4.18,37.7,False
2578,2026-04-21,Guwahati,North Indian,327.83,13.25,True,4.04,42.6,False
2579,2026-04-21,Chandigarh,South Indian,301.92,14.98,False,4.19,38.8,False
2580,2026-04-21,Bhopal,Chinese,285.21,15.53,False,,26.6,False
2581,2026-04-21,Mumbai,Chinese,526.46,18.25,True,4.03,36.5,False
2582,2026-04-21,Pune,North Indian,393.76,12.96,True,4.18,40.9,False
2583,2026-04-21,Nagpur,Chinese,279.45,16.55,False,4.77,29.1,False
2584,2026-04-21,Hyderabad,South Indian,248.19,12.51,True,3.69,26.8,False
2585,2026-04-21,Pune,Italian,438.65,16.45,False,4.16,43.8,False
2586,2026-04-21,Ranchi,Desserts & Bakery,209.0,16.87,True,3.96,40.8,False
2587,2026-04-21,Ranchi,North Indian,516.85,12.86,True,3.4,28.8,False
2588,2026-04-21,Ahmedabad,North Indian,425.13,14.54,True,4.11,34.9,False
2589,2026-04-21,Ranchi,North Indian,420.79,14.52,False,4.01,36.1,False
2590,2026-04-21,Pune,North Indian,409.73,15.55,False,,40.6,False
2591,2026-04-21,Chandigarh,Italian,525.29,12.52,True,3.81,35.3,False
2592,2026-04-21,Mumbai,Italian,470.84,14.27,False,4.15,38.5,False
2593,2026-04-21,Ranchi,Desserts & Bakery,274.55,15.76,False,4.33,38.8,False
2594,2026-04-21,Mumbai,Chinese,423.41,15.03,True,3.61,31.4,False
2595,2026-04-21,Chandigarh,Italian,453.54,14.67,False,,37.6,False
2596,2026-04-21,Pune,Italian,578.25,14.83,False,,36.3,False
2597,2026-04-21,Ahmedabad,South Indian,256.63,14.12,True,4.25,37.3,False
2598,2026-04-22,Pune,Chinese,558.11,15.23,False,4.62,34.6,False
2599,2026-04-22,Bhopal,North Indian,400.53,12.61,False,4.21,37.4,False
2600,2026-04-22,Chennai,North Indian,468.28,12.94,True,3.84,38.4,False
2601,2026-04-22,Ahmedabad,North Indian,314.8,12.85,True,4.4,31.8,False
2602,2026-04-22,Ranchi,North Indian,378.78,15.3,True,4.55,22.5,False
2603,2026-04-22,Mumbai,Italian,413.2,13.44,True,3.95,31.8,False
2604,2026-04-22,Pune,North Indian,286.13,14.55,False,4.71,33.6,False
2605,2026-04-22,Ahmedabad,North Indian,358.62,13.59,True,4.48,40.8,False
2606,2026-04-22,Pune,North Indian,425.61,12.1,True,4.34,37.5,False
2607,2026-04-22,Chandigarh,North Indian,405.89,15.74,True,3.77,36.0,False
2608,2026-04-22,Bengaluru,Chinese,239.99,15.75,False,,33.4,False
2609,2026-04-22,Guwahati,South Indian,280.57,18.78,False,3.86,29.7,False
2610,2026-04-22,Delhi,North Indian,552.84,14.8,True,4.77,37.5,False
2611,2026-04-22,Bengaluru,Desserts & Bakery,190.43,11.79,False,4.25,36.0,False
2612,2026-04-22,Hyderabad,Italian,535.83,15.46,True,3.69,48.1,False
2613,2026-04-22,Pune,Italian,405.19,16.22,True,3.68,44.8,False
2614,2026-04-22,Bengaluru,North Indian,488.47,11.83,False,3.9,26.3,False
2615,2026-04-22,Pune,Italian,523.05,12.49,False,,33.8,False
2616,2026-04-22,Chennai,North Indian,671.38,15.27,False,3.99,19.7,False
2617,2026-04-22,Chennai,North Indian,416.02,14.76,True,4.57,33.8,False
2618,2026-04-22,Ahmedabad,South Indian,171.06,15.5,False,4.29,31.1,False
2619,2026-04-22,Nagpur,Chinese,278.61,11.59,True,4.28,39.4,False
2620,2026-04-22,Pune,North Indian,512.31,12.88,False,4.6,45.3,False
2621,2026-04-22,Kochi,Italian,329.03,15.0,False,4.64,27.4,False
2622,2026-04-22,Mumbai,Chinese,408.9,13.83,True,,44.6,False
2623,2026-04-22,Mumbai,South Indian,350.71,15.49,True,4.28,39.4,False
2624,2026-04-22,Ahmedabad,North Indian,582.09,16.62,True,4.24,34.6,False
2625,2026-04-22,Ranchi,North Indian,435.27,16.38,False,4.25,27.9,False
2626,2026-04-22,Chandigarh,Chinese,505.76,16.35,False,4.39,36.6,False
2627,2026-04-22,Ahmedabad,South Indian,198.84,13.84,True,3.72,38.1,False
2628,2026-04-22,Chennai,South Indian,286.4,13.24,True,4.16,33.8,False
2629,2026-04-22,Surat,Desserts & Bakery,244.66,15.88,False,4.76,26.1,False
2630,2026-04-22,Mumbai,Chinese,448.78,12.74,False,3.93,33.9,False
2631,2026-04-22,Ahmedabad,North Indian,376.33,11.72,True,3.87,36.1,False
2632,2026-04-22,Pune,Desserts & Bakery,226.12,15.9,True,4.05,39.1,False
2633,2026-04-22,Chennai,North Indian,381.88,15.41,True,4.03,33.0,False
2634,2026-04-22,Delhi,North Indian,481.46,15.97,True,3.98,27.6,False
2635,2026-04-22,Delhi,Italian,730.17,10.63,True,4.22,29.9,False
2636,2026-04-22,Delhi,South Indian,217.81,11.73,False,4.52,19.1,False
2637,2026-04-22,Ahmedabad,North Indian,444.13,15.29,True,4.09,48.8,False
2638,2026-04-22,Nagpur,North Indian,389.23,15.23,True,3.39,31.2,False
2639,2026-04-22,Delhi,North Indian,445.7,12.5,True,4.26,40.8,False
2640,2026-04-22,Ranchi,South Indian,240.32,18.36,True,,28.0,False
2641,2026-04-22,Delhi,North Indian,372.01,13.93,True,4.34,37.1,False
2642,2026-04-22,Chandigarh,South Indian,245.08,16.45,True,4.17,40.2,False
2643,2026-04-22,Ranchi,Italian,553.9,16.69,True,,22.5,False
2644,2026-04-22,Bengaluru,Italian,359.93,16.85,True,,30.0,False
2645,2026-04-22,Ahmedabad,Chinese,506.03,15.3,True,4.83,38.6,False
2646,2026-04-22,Ahmedabad,Chinese,338.77,13.14,True,3.93,35.3,False
2647,2026-04-22,Kochi,South Indian,223.81,15.25,True,4.15,19.4,False
2648,2026-04-22,Pune,North Indian,454.28,17.17,True,3.69,36.3,False
2649,2026-04-22,Hyderabad,South Indian,294.18,12.04,False,,32.5,False
2650,2026-04-22,Ahmedabad,South Indian,388.48,12.59,True,4.5,36.9,False
2651,2026-04-22,Surat,Chinese,203.49,14.69,True,4.49,22.9,False
2652,2026-04-22,Pune,North Indian,412.75,17.28,True,4.53,33.4,False
2653,2026-04-22,Ranchi,North Indian,345.25,15.92,True,4.19,30.4,False
2654,2026-04-22,Bengaluru,Italian,522.31,12.37,False,4.92,44.1,False
2655,2026-04-22,Bengaluru,North Indian,313.55,15.07,True,3.8,34.1,False
2656,2026-04-22,Hyderabad,Chinese,372.25,14.84,False,4.53,32.5,False
2657,2026-04-22,Surat,Chinese,227.85,12.69,True,4.66,38.4,False
2658,2026-04-22,Nagpur,North Indian,360.29,16.2,True,4.21,42.8,False
2659,2026-04-22,Delhi,Chinese,450.83,13.78,True,3.82,27.3,False
2660,2026-04-22,Bengaluru,Chinese,331.26,17.12,False,3.76,27.6,False
2661,2026-04-22,Surat,Desserts & Bakery,129.94,11.7,False,4.57,34.5,False
2662,2026-04-22,Mumbai,Italian,535.77,12.11,True,4.3,26.8,False
2663,2026-04-22,Nagpur,South Indian,259.17,12.86,False,4.09,47.0,False
2664,2026-04-22,Bhopal,Chinese,343.9,14.91,True,4.37,37.8,False
2665,2026-04-22,Mumbai,North Indian,387.77,17.38,True,3.85,36.7,False
2666,2026-04-22,Ranchi,North Indian,422.51,14.27,False,4.1,24.7,False
2667,2026-04-22,Pune,Chinese,493.18,15.73,True,4.41,33.8,False
2668,2026-04-22,Chennai,North Indian,466.6,15.5,False,4.85,41.4,False
2669,2026-04-22,Chandigarh,Desserts & Bakery,166.11,18.53,True,4.15,33.6,False
2670,2026-04-22,Ranchi,North Indian,286.69,16.82,True,,41.0,False
2671,2026-04-22,Guwahati,South Indian,250.64,15.54,False,4.56,37.9,False
2672,2026-04-22,Delhi,South Indian,285.12,11.59,False,,34.6,False
2673,2026-04-22,Chandigarh,Chinese,373.25,9.9,False,3.9,26.4,False
2674,2026-04-22,Surat,South Indian,200.92,14.29,True,4.72,35.4,False
2675,2026-04-22,Pune,Italian,488.56,14.56,False,4.01,30.6,False
2676,2026-04-22,Hyderabad,Chinese,478.64,19.86,False,,41.3,False
2677,2026-04-22,Delhi,North Indian,483.4,15.14,True,4.13,27.2,False
2678,2026-04-22,Mumbai,North Indian,402.75,18.03,True,4.23,47.5,False
2679,2026-04-22,Bengaluru,North Indian,418.58,13.05,False,3.96,30.2,False
2680,2026-04-22,Bengaluru,South Indian,359.43,15.82,True,4.42,31.3,False
2681,2026-04-22,Ahmedabad,South Indian,132.34,13.08,False,3.85,34.2,False
2682,2026-04-22,Bhopal,South Indian,252.69,13.85,True,,42.3,False
2683,2026-04-22,Ahmedabad,Desserts & Bakery,257.55,16.15,True,4.14,36.9,False
2684,2026-04-22,Mumbai,North Indian,379.25,15.28,False,4.46,30.3,False
2685,2026-04-22,Pune,North Indian,213.1,11.68,False,4.19,31.9,False
2686,2026-04-22,Bengaluru,Italian,544.85,15.18,False,4.18,32.9,False
2687,2026-04-22,Guwahati,Chinese,256.9,15.13,False,4.25,49.0,False
2688,2026-04-22,Bengaluru,Italian,477.24,9.57,False,,33.6,False
2689,2026-04-22,Ahmedabad,South Indian,300.9,13.22,False,3.97,45.9,False
2690,2026-04-22,Pune,North Indian,343.56,14.78,True,4.04,25.3,False
2691,2026-04-22,Hyderabad,Desserts & Bakery,247.24,14.42,False,,34.7,False
2692,2026-04-22,Mumbai,South Indian,233.25,15.79,False,4.35,46.3,False
2693,2026-04-22,Chennai,Chinese,441.62,13.07,False,4.24,44.8,False
2694,2026-04-22,Nagpur,Chinese,512.11,19.02,True,4.45,25.0,False
2695,2026-04-22,Ranchi,North Indian,525.31,14.66,False,3.54,18.8,False
2696,2026-04-22,Bengaluru,North Indian,456.24,16.29,True,4.48,31.6,False
2697,2026-04-22,Kochi,Chinese,301.16,18.97,True,4.35,33.6,False
2698,2026-04-22,Nagpur,South Indian,290.71,13.41,True,,29.1,False
2699,2026-04-22,Pune,Italian,494.18,12.85,False,4.4,34.6,False
2700,2026-04-22,Surat,Italian,446.96,12.31,True,4.0,27.8,False
2701,2026-04-22,Mumbai,South Indian,275.82,18.95,True,3.95,45.7,False
2702,2026-04-22,Guwahati,South Indian,240.37,15.94,True,4.11,40.1,False
2703,2026-04-22,Delhi,Desserts & Bakery,221.84,14.31,False,4.47,36.4,False
2704,2026-04-22,Hyderabad,Chinese,455.08,15.05,False,4.23,15.4,False
2705,2026-04-22,Surat,South Indian,254.72,12.0,True,3.81,37.8,False
2706,2026-04-22,Surat,North Indian,416.26,14.49,False,4.14,40.0,False
2707,2026-04-22,Mumbai,Chinese,406.71,13.61,True,4.68,26.4,False
2708,2026-04-22,Surat,North Indian,442.79,21.15,True,4.72,37.7,False
2709,2026-04-22,Bengaluru,South Indian,324.82,12.75,True,3.55,40.0,False
2710,2026-04-22,Delhi,North Indian,273.67,14.55,False,4.18,33.5,False
2711,2026-04-22,Nagpur,Desserts & Bakery,183.26,19.01,False,4.35,32.0,False
2712,2026-04-22,Chandigarh,South Indian,338.44,12.47,False,4.43,36.3,False
2713,2026-04-22,Hyderabad,North Indian,442.21,12.76,True,3.9,35.9,False
2714,2026-04-22,Bengaluru,Chinese,279.56,18.24,False,4.28,32.5,False
2715,2026-04-22,Guwahati,North Indian,482.62,15.86,False,4.22,24.8,False
2716,2026-04-22,Chandigarh,North Indian,322.56,13.23,True,3.87,36.8,False
2717,2026-04-22,Hyderabad,North Indian,523.97,17.27,False,3.95,27.1,False
2718,2026-04-22,Bhopal,North Indian,365.42,17.75,True,3.95,45.0,False
2719,2026-04-22,Nagpur,Desserts & Bakery,253.48,13.03,True,4.18,39.1,False
2720,2026-04-22,Bhopal,North Indian,408.95,20.08,False,3.72,19.2,False
2721,2026-04-22,Hyderabad,South Indian,238.24,13.0,True,3.84,32.1,False
2722,2026-04-22,Bhopal,North Indian,510.37,13.34,False,3.81,39.0,False
2723,2026-04-22,Nagpur,South Indian,381.59,14.47,True,4.2,40.7,False
2724,2026-04-22,Hyderabad,Desserts & Bakery,160.18,15.98,True,3.82,30.3,False
2725,2026-04-22,Bengaluru,Chinese,231.27,16.69,False,4.27,36.2,False
2726,2026-04-23,Delhi,Desserts & Bakery,225.99,9.25,False,4.0,28.0,False
2727,2026-04-23,Bengaluru,North Indian,268.55,10.56,False,,40.8,False
2728,2026-04-23,Surat,South Indian,262.54,14.69,False,4.42,45.2,False
2729,2026-04-23,Hyderabad,North Indian,368.78,14.15,True,3.63,34.3,False
2730,2026-04-23,Ranchi,North Indian,410.13,12.61,True,,41.5,False
2731,2026-04-23,Guwahati,South Indian,276.45,11.21,True,4.33,21.5,False
2732,2026-04-23,Ahmedabad,North Indian,405.2,15.64,True,4.03,32.6,False
2733,2026-04-23,Bhopal,North Indian,679.78,17.86,False,4.01,43.0,False
2734,2026-04-23,Hyderabad,North Indian,280.14,18.68,True,4.24,26.6,False
2735,2026-04-23,Delhi,Italian,472.37,16.74,True,,33.8,False
2736,2026-04-23,Hyderabad,North Indian,457.66,13.94,True,4.59,43.1,False
2737,2026-04-23,Mumbai,Chinese,288.96,16.16,False,3.89,23.6,False
2738,2026-04-23,Surat,Italian,576.87,15.72,True,4.48,30.2,False
2739,2026-04-23,Bhopal,Chinese,444.16,14.46,True,3.69,44.0,False
2740,2026-04-23,Guwahati,North Indian,380.53,12.98,True,4.84,30.6,False
2741,2026-04-23,Hyderabad,Chinese,349.25,14.89,True,3.6,21.3,False
2742,2026-04-23,Bengaluru,North Indian,398.29,14.82,False,4.22,53.3,False
2743,2026-04-23,Bengaluru,North Indian,514.26,14.95,True,4.75,35.8,False
2744,2026-04-23,Delhi,Desserts & Bakery,230.67,11.44,False,4.3,28.4,False
2745,2026-04-23,Ahmedabad,South Indian,282.99,17.02,True,4.68,29.1,False
2746,2026-04-23,Kochi,Chinese,402.52,15.89,True,4.36,31.4,False
2747,2026-04-23,Chandigarh,Chinese,374.01,15.56,True,4.01,40.5,False
2748,2026-04-23,Bhopal,South Indian,258.36,15.19,True,,26.5,False
2749,2026-04-23,Chandigarh,North Indian,412.73,15.94,True,4.27,41.3,False
2750,2026-04-23,Delhi,Chinese,391.7,14.43,False,3.84,25.5,False
2751,2026-04-23,Mumbai,North Indian,488.34,15.01,True,3.99,32.3,False
2752,2026-04-23,Ahmedabad,Chinese,406.31,9.02,False,4.29,31.1,False
2753,2026-04-23,Bhopal,South Indian,179.06,13.29,False,4.68,54.9,False
2754,2026-04-23,Bengaluru,North Indian,521.55,16.98,True,,37.4,False
2755,2026-04-23,Ahmedabad,North Indian,313.39,15.79,True,4.24,36.6,False
2756,2026-04-23,Delhi,Chinese,305.8,17.72,False,4.17,33.6,False
2757,2026-04-23,Guwahati,North Indian,460.41,13.39,False,4.09,40.4,False
2758,2026-04-23,Bengaluru,South Indian,268.17,16.55,False,3.77,32.4,False
2759,2026-04-23,Chennai,South Indian,357.45,13.09,True,3.86,42.1,False
2760,2026-04-23,Chennai,Chinese,335.26,16.65,False,4.56,50.9,False
2761,2026-04-23,Surat,Italian,655.47,14.42,False,4.06,42.4,False
2762,2026-04-23,Bengaluru,South Indian,211.32,16.21,False,4.69,21.5,False
2763,2026-04-23,Guwahati,Chinese,286.57,13.97,False,4.05,30.4,False
2764,2026-04-23,Nagpur,North Indian,544.15,17.66,False,4.0,23.6,False
2765,2026-04-23,Delhi,Chinese,236.77,14.84,True,,31.2,False
2766,2026-04-23,Mumbai,North Indian,430.24,14.1,True,4.44,30.7,False
2767,2026-04-23,Ahmedabad,Chinese,349.88,16.59,True,,33.6,False
2768,2026-04-23,Delhi,North Indian,631.2,14.15,True,4.21,42.3,False
2769,2026-04-23,Ranchi,North Indian,519.92,16.04,True,4.32,19.0,False
2770,2026-04-23,Chennai,Chinese,374.34,14.59,True,,27.0,False
2771,2026-04-23,Chennai,North Indian,458.63,12.45,True,4.25,26.7,False
2772,2026-04-23,Mumbai,South Indian,272.29,13.07,True,4.09,40.4,False
2773,2026-04-23,Chandigarh,Italian,645.93,15.27,True,4.08,33.4,False
2774,2026-04-23,Hyderabad,South Indian,254.14,14.48,False,4.11,34.2,False
2775,2026-04-23,Chennai,Chinese,353.19,16.13,True,,25.0,False
2776,2026-04-23,Bhopal,North Indian,345.25,14.74,True,3.97,35.5,False
2777,2026-04-23,Ranchi,Italian,450.9,15.57,True,3.83,26.9,False
2778,2026-04-23,Surat,North Indian,296.84,15.91,True,3.94,48.2,False
2779,2026-04-23,Bengaluru,Desserts & Bakery,244.13,15.09,True,3.91,54.4,False
2780,2026-04-23,Bhopal,North Indian,478.29,15.69,False,4.45,28.1,False
2781,2026-04-23,Chennai,North Indian,423.58,14.61,True,3.38,44.7,False
2782,2026-04-23,Ranchi,Chinese,359.39,14.1,True,4.15,34.6,False
2783,2026-04-23,Delhi,North Indian,517.93,15.31,True,3.83,39.4,False
2784,2026-04-23,Mumbai,Chinese,407.61,15.51,False,4.05,40.7,False
2785,2026-04-23,Mumbai,Chinese,202.99,11.91,True,4.12,40.8,False
2786,2026-04-23,Delhi,South Indian,283.45,15.03,True,3.58,33.5,False
2787,2026-04-23,Chennai,Chinese,317.65,17.56,False,4.33,32.0,False
2788,2026-04-23,Nagpur,Chinese,267.52,10.9,True,4.25,38.7,False
2789,2026-04-23,Hyderabad,South Indian,335.32,14.84,False,4.34,46.6,False
2790,2026-04-23,Ahmedabad,North Indian,466.91,15.68,False,4.55,32.8,False
2791,2026-04-23,Mumbai,Chinese,472.91,16.16,False,4.49,48.3,False
2792,2026-04-23,Chennai,South Indian,218.84,12.35,True,3.79,36.6,False
2793,2026-04-23,Ahmedabad,North Indian,437.33,11.24,True,4.21,22.4,False
2794,2026-04-23,Pune,North Indian,247.21,12.01,True,4.33,34.9,False
2795,2026-04-23,Kochi,Italian,600.16,14.92,False,4.21,22.1,False
2796,2026-04-23,Hyderabad,Desserts & Bakery,248.91,17.38,True,,45.1,False
2797,2026-04-23,Hyderabad,North Indian,475.18,15.53,False,4.36,31.9,False
2798,2026-04-23,Guwahati,North Indian,404.25,15.09,False,4.0,42.7,False
2799,2026-04-23,Nagpur,North Indian,466.2,10.84,False,4.72,35.5,False
2800,2026-04-23,Hyderabad,Italian,497.68,17.12,False,3.94,46.8,False
2801,2026-04-23,Delhi,South Indian,207.87,15.56,True,3.94,47.0,False
2802,2026-04-23,Kochi,Chinese,500.3,18.93,True,4.79,27.2,False
2803,2026-04-23,Ahmedabad,South Indian,146.49,11.63,False,4.52,34.0,False
2804,2026-04-23,Bengaluru,North Indian,511.3,15.4,False,,37.6,False
2805,2026-04-23,Ranchi,Italian,364.37,15.02,True,,35.0,False
2806,2026-04-23,Chandigarh,North Indian,320.71,15.85,False,4.08,20.4,False
2807,2026-04-23,Chandigarh,South Indian,380.71,14.8,False,4.22,50.5,False
2808,2026-04-23,Nagpur,Desserts & Bakery,290.43,13.35,False,4.42,41.1,False
2809,2026-04-23,Ahmedabad,Italian,536.84,13.82,False,4.32,23.5,False
2810,2026-04-23,Bhopal,North Indian,484.84,17.33,True,3.82,28.2,False
2811,2026-04-23,Delhi,South Indian,229.39,17.37,False,3.77,32.5,False
2812,2026-04-23,Pune,South Indian,297.99,13.83,True,3.75,30.7,False
2813,2026-04-23,Guwahati,North Indian,613.62,15.47,True,4.11,31.1,False
2814,2026-04-23,Guwahati,Desserts & Bakery,260.27,10.83,False,,38.3,False
2815,2026-04-23,Guwahati,Italian,290.98,15.41,True,4.37,30.8,False
2816,2026-04-23,Guwahati,Italian,326.56,17.14,False,3.86,47.5,False
2817,2026-04-23,Pune,South Indian,330.58,16.08,True,3.86,39.4,False
2818,2026-04-23,Surat,South Indian,256.78,17.33,False,,29.1,False
2819,2026-04-23,Bengaluru,Chinese,278.31,15.51,True,4.53,34.6,False
2820,2026-04-23,Delhi,South Indian,130.29,10.78,False,4.93,19.7,False
2821,2026-04-23,Chandigarh,Chinese,297.6,15.68,True,4.2,36.5,False
2822,2026-04-23,Hyderabad,Chinese,268.21,10.5,True,3.95,35.3,False
2823,2026-04-23,Guwahati,Italian,522.26,14.84,False,4.11,37.6,False
2824,2026-04-23,Hyderabad,North Indian,551.28,14.32,True,4.11,35.2,False
2825,2026-04-23,Hyderabad,North Indian,378.07,12.7,True,4.75,16.8,False
2826,2026-04-23,Mumbai,North Indian,259.23,14.03,True,3.14,36.3,False
2827,2026-04-23,Surat,Chinese,353.13,15.9,True,,40.6,False
2828,2026-04-23,Bengaluru,South Indian,308.34,15.14,False,4.08,40.8,False
2829,2026-04-23,Mumbai,North Indian,448.56,12.51,False,4.03,37.1,False
2830,2026-04-23,Chennai,North Indian,536.35,14.1,True,3.35,32.4,False
2831,2026-04-23,Hyderabad,North Indian,373.2,13.85,True,4.11,28.8,False
2832,2026-04-23,Ahmedabad,South Indian,381.35,14.13,True,,37.5,False
2833,2026-04-24,Ahmedabad,Desserts & Bakery,248.45,13.72,False,4.65,35.7,False
2834,2026-04-24,Guwahati,Chinese,549.84,11.87,False,4.69,38.4,False
2835,2026-04-24,Kochi,North Indian,489.76,17.36,False,3.92,37.2,False
2836,2026-04-24,Delhi,Chinese,400.26,13.0,True,,30.0,False
2837,2026-04-24,Chandigarh,Chinese,389.33,15.4,True,3.76,37.9,False
2838,2026-04-24,Bengaluru,North Indian,376.1,13.91,False,4.31,33.2,False
2839,2026-04-24,Bengaluru,North Indian,424.17,16.1,False,4.24,22.9,False
2840,2026-04-24,Hyderabad,North Indian,316.89,14.83,True,,29.6,False
2841,2026-04-24,Bengaluru,South Indian,261.23,13.39,False,3.88,34.0,False
2842,2026-04-24,Surat,Italian,361.81,15.5,True,3.76,32.1,False
2843,2026-04-24,Delhi,Chinese,332.75,12.67,True,3.87,26.1,False
2844,2026-04-24,Surat,South Indian,215.09,11.99,True,4.22,22.2,False
2845,2026-04-24,Hyderabad,Desserts & Bakery,264.23,10.13,False,3.86,30.9,False
2846,2026-04-24,Guwahati,North Indian,594.25,13.12,True,,39.6,False
2847,2026-04-24,Bengaluru,Chinese,388.24,14.96,False,,26.0,False
2848,2026-04-24,Mumbai,Chinese,296.6,15.88,False,4.77,36.7,False
2849,2026-04-24,Chennai,South Indian,256.23,15.12,True,3.97,26.3,False
2850,2026-04-24,Chennai,South Indian,291.47,13.33,True,4.25,34.5,False
2851,2026-04-24,Hyderabad,South Indian,276.07,15.14,False,4.33,28.9,False
2852,2026-04-24,Chandigarh,Italian,543.8,16.87,False,,39.5,False
2853,2026-04-24,Bengaluru,Desserts & Bakery,189.5,16.92,True,4.11,23.9,False
2854,2026-04-24,Hyderabad,Chinese,431.74,16.2,True,3.75,44.2,False
2855,2026-04-24,Hyderabad,North Indian,497.06,10.93,False,5.0,39.7,False
2856,2026-04-24,Delhi,North Indian,407.83,17.34,True,,28.2,False
2857,2026-04-24,Nagpur,North Indian,383.34,12.07,False,3.69,41.9,False
2858,2026-04-24,Delhi,North Indian,509.7,13.66,False,4.53,33.5,False
2859,2026-04-24,Chennai,Italian,528.5,13.96,True,,42.3,False
2860,2026-04-24,Guwahati,Chinese,436.42,14.65,True,4.03,32.5,False
2861,2026-04-24,Nagpur,North Indian,415.57,13.66,True,3.9,39.0,False
2862,2026-04-24,Nagpur,Desserts & Bakery,237.96,15.47,False,,32.2,False
2863,2026-04-24,Bengaluru,North Indian,334.27,16.08,False,3.75,28.0,False
2864,2026-04-24,Bengaluru,Chinese,400.42,13.56,True,4.38,30.7,False
2865,2026-04-24,Delhi,Desserts & Bakery,282.14,14.54,False,,33.4,False
2866,2026-04-24,Surat,South Indian,140.97,12.85,False,4.57,56.4,False
2867,2026-04-24,Ranchi,Italian,499.35,15.59,True,4.16,37.9,False
2868,2026-04-24,Ahmedabad,North Indian,680.49,15.22,True,4.22,35.3,False
2869,2026-04-24,Mumbai,South Indian,225.65,12.36,False,4.2,25.7,False
2870,2026-04-24,Chandigarh,South Indian,277.41,17.21,True,4.0,29.6,False
2871,2026-04-24,Chennai,Chinese,231.75,14.63,False,4.67,29.3,False
2872,2026-04-24,Pune,Italian,708.1,15.5,True,4.1,27.6,False
2873,2026-04-24,Chennai,Chinese,322.45,13.52,False,3.75,20.7,False
2874,2026-04-24,Hyderabad,Italian,471.57,14.21,True,3.71,42.5,False
2875,2026-04-24,Bengaluru,Chinese,324.13,12.89,True,4.06,35.3,False
2876,2026-04-24,Hyderabad,Italian,606.84,9.77,True,3.75,37.8,False
2877,2026-04-24,Guwahati,Desserts & Bakery,249.36,10.45,False,4.03,24.2,False
2878,2026-04-24,Chennai,North Indian,596.4,12.73,True,4.13,44.4,False
2879,2026-04-24,Mumbai,South Indian,271.41,14.96,False,4.0,39.8,False
2880,2026-04-24,Bengaluru,North Indian,548.23,13.14,False,3.9,37.8,False
2881,2026-04-24,Surat,North Indian,443.34,18.63,True,3.96,37.3,False
2882,2026-04-24,Bengaluru,South Indian,323.41,18.37,False,4.45,49.5,False
2883,2026-04-24,Chandigarh,North Indian,379.94,15.31,True,4.14,35.4,False
2884,2026-04-24,Pune,Desserts & Bakery,225.68,12.85,True,4.44,38.9,False
2885,2026-04-24,Guwahati,South Indian,180.41,14.66,True,4.82,32.9,False
2886,2026-04-24,Bengaluru,Chinese,265.76,11.41,False,3.89,30.5,False
2887,2026-04-24,Nagpur,Italian,617.02,16.37,False,3.93,33.4,False
2888,2026-04-24,Pune,South Indian,292.24,14.6,True,,31.1,False
2889,2026-04-24,Delhi,North Indian,375.95,10.69,True,4.19,39.2,False
2890,2026-04-24,Guwahati,Chinese,417.7,14.94,True,3.8,43.6,False
2891,2026-04-24,Surat,Chinese,483.85,13.28,False,4.19,38.2,False
2892,2026-04-24,Delhi,Chinese,374.1,9.21,True,4.39,40.2,False
2893,2026-04-24,Surat,North Indian,359.01,16.21,True,4.01,36.0,False
2894,2026-04-24,Nagpur,Chinese,310.2,13.15,False,4.81,27.9,False
2895,2026-04-24,Hyderabad,North Indian,411.6,13.8,False,3.98,20.1,False
2896,2026-04-24,Chennai,Chinese,433.66,17.43,True,3.93,54.5,False
2897,2026-04-24,Nagpur,South Indian,281.84,13.69,False,4.37,44.9,False
2898,2026-04-24,Hyderabad,North Indian,442.61,16.96,True,4.3,34.6,False
2899,2026-04-24,Bengaluru,Chinese,495.5,12.35,False,4.18,42.0,False
2900,2026-04-24,Kochi,South Indian,206.88,14.18,False,4.83,25.1,False
2901,2026-04-24,Kochi,North Indian,537.72,18.18,True,4.38,33.9,False
2902,2026-04-24,Mumbai,Italian,564.57,12.54,True,3.75,24.9,False
2903,2026-04-24,Hyderabad,North Indian,462.75,15.84,True,4.49,39.9,False
2904,2026-04-24,Nagpur,Chinese,366.06,16.36,True,3.99,28.4,False
2905,2026-04-24,Delhi,Chinese,322.01,13.71,True,3.84,44.3,False
2906,2026-04-24,Bengaluru,South Indian,255.56,15.74,True,4.01,36.6,False
2907,2026-04-24,Hyderabad,North Indian,428.88,13.07,False,4.06,46.3,False
2908,2026-04-24,Bhopal,South Indian,314.62,14.07,False,3.67,34.9,False
2909,2026-04-24,Surat,Chinese,324.49,16.6,True,4.16,22.0,False
2910,2026-04-24,Mumbai,Italian,631.15,14.9,True,4.22,36.2,False
2911,2026-04-24,Ranchi,Italian,417.2,13.07,True,4.64,37.8,False
2912,2026-04-24,Bengaluru,South Indian,289.14,14.2,False,4.0,36.2,False
2913,2026-04-24,Ahmedabad,Chinese,447.82,15.66,False,3.91,40.2,False
2914,2026-04-24,Bengaluru,North Indian,534.37,16.63,True,4.36,34.8,False
2915,2026-04-24,Ahmedabad,North Indian,371.08,16.75,False,3.76,28.3,False
2916,2026-04-24,Guwahati,South Indian,153.73,15.11,True,4.6,34.5,False
2917,2026-04-24,Hyderabad,North Indian,369.42,14.72,True,4.07,24.7,False
2918,2026-04-24,Chennai,South Indian,184.89,15.9,True,4.82,34.3,False
2919,2026-04-24,Nagpur,Chinese,222.16,16.14,False,3.97,32.5,False
2920,2026-04-24,Hyderabad,North Indian,300.94,14.2,False,3.95,31.6,False
2921,2026-04-24,Hyderabad,Italian,332.03,15.47,True,4.17,43.0,False
2922,2026-04-24,Chandigarh,Chinese,539.83,13.7,True,,34.4,False
2923,2026-04-24,Ahmedabad,Chinese,243.0,16.66,True,4.9,41.5,False
2924,2026-04-24,Pune,Chinese,516.72,16.35,True,3.93,43.3,False
2925,2026-04-24,Pune,North Indian,386.43,15.74,True,3.79,26.4,False
2926,2026-04-24,Ranchi,Chinese,275.14,12.66,True,4.13,37.0,False
2927,2026-04-24,Chennai,Italian,435.55,14.81,False,3.9,38.5,False
2928,2026-04-24,Bengaluru,North Indian,315.47,16.6,False,3.63,34.8,False
2929,2026-04-24,Pune,Italian,618.69,12.84,True,4.65,26.8,False
2930,2026-04-24,Chennai,North Indian,410.41,14.09,True,4.31,34.4,False
2931,2026-04-24,Pune,South Indian,213.17,12.22,True,4.43,40.2,False
2932,2026-04-24,Surat,South Indian,224.65,14.56,False,4.69,41.5,False
2933,2026-04-24,Chennai,Chinese,368.11,14.07,False,3.96,33.9,False
2934,2026-04-24,Surat,Italian,465.49,9.99,False,4.46,29.2,False
2935,2026-04-24,Pune,Desserts & Bakery,200.13,13.19,True,3.47,29.8,False
2936,2026-04-24,Mumbai,Chinese,340.76,18.17,False,4.39,32.7,False
2937,2026-04-24,Ahmedabad,Desserts & Bakery,195.57,16.36,True,4.27,40.7,False
2938,2026-04-24,Bengaluru,Italian,371.72,9.99,True,4.24,25.4,False
2939,2026-04-24,Kochi,Italian,460.91,13.83,True,4.45,30.6,False
2940,2026-04-25,Bhopal,Chinese,410.94,12.72,False,4.21,34.3,True
2941,2026-04-25,Delhi,North Indian,577.18,16.46,False,3.95,36.1,True
2942,2026-04-25,Bhopal,Chinese,321.86,16.79,True,4.1,50.9,True
2943,2026-04-25,Chandigarh,North Indian,482.82,10.99,True,4.71,30.9,True
2944,2026-04-25,Kochi,South Indian,302.55,15.58,True,4.22,32.2,True
2945,2026-04-25,Kochi,Chinese,216.57,12.07,False,3.45,31.7,True
2946,2026-04-25,Guwahati,Italian,697.59,11.63,True,4.6,36.9,True
2947,2026-04-25,Bhopal,North Indian,304.82,15.26,False,4.32,29.8,True
2948,2026-04-25,Pune,South Indian,264.5,13.99,False,4.57,30.8,True
2949,2026-04-25,Kochi,North Indian,423.62,15.18,True,3.53,40.0,True
2950,2026-04-25,Chennai,Desserts & Bakery,290.98,16.31,True,4.41,43.5,True
2951,2026-04-25,Chandigarh,North Indian,252.85,15.44,False,3.78,46.0,True
2952,2026-04-25,Pune,Chinese,392.95,15.28,True,3.87,37.6,True
2953,2026-04-25,Bhopal,South Indian,283.41,17.85,True,,36.1,True
2954,2026-04-25,Nagpur,North Indian,427.03,14.28,True,4.11,31.2,True
2955,2026-04-25,Chennai,South Indian,367.34,15.24,False,4.17,37.9,True
2956,2026-04-25,Bhopal,South Indian,261.03,15.98,True,4.23,30.8,True
2957,2026-04-25,Hyderabad,South Indian,324.45,16.9,False,3.38,34.8,True
2958,2026-04-25,Nagpur,North Indian,319.46,14.79,True,4.37,25.0,True
2959,2026-04-25,Kochi,North Indian,439.09,13.22,False,4.63,28.6,True
2960,2026-04-25,Bhopal,Chinese,208.84,17.07,True,4.03,35.7,True
2961,2026-04-25,Pune,Desserts & Bakery,164.57,15.83,True,4.68,29.3,True
2962,2026-04-25,Kochi,North Indian,453.95,15.0,True,3.78,32.1,True
2963,2026-04-25,Mumbai,South Indian,244.36,14.97,False,3.72,33.6,True
2964,2026-04-25,Bhopal,Italian,720.73,14.3,False,4.54,38.0,True
2965,2026-04-25,Surat,North Indian,489.94,16.53,True,4.09,50.0,True
2966,2026-04-25,Guwahati,Chinese,317.78,17.02,True,4.22,42.9,True
2967,2026-04-25,Chandigarh,Chinese,343.87,16.21,False,4.49,35.5,True
2968,2026-04-25,Bhopal,North Indian,481.94,14.44,False,3.85,31.3,True
2969,2026-04-25,Hyderabad,Chinese,383.36,16.17,False,4.44,40.9,True
2970,2026-04-25,Bengaluru,South Indian,208.9,12.24,False,4.3,26.7,True
2971,2026-04-25,,Chinese,382.12,12.64,True,4.52,34.4,True
2972,2026-04-25,Nagpur,South Indian,232.84,15.96,False,4.4,32.5,True
2973,2026-04-25,Delhi,Desserts & Bakery,212.37,8.48,True,4.39,45.9,True
2974,2026-04-25,Bengaluru,Chinese,401.63,14.71,True,4.71,37.1,True
2975,2026-04-25,Bengaluru,North Indian,337.21,14.67,True,5.0,36.9,True
2976,2026-04-25,Delhi,North Indian,348.47,8.7,False,4.18,32.2,True
2977,2026-04-25,Ranchi,North Indian,418.81,10.09,False,4.14,35.3,True
2978,2026-04-25,Pune,Chinese,293.19,12.05,False,4.33,34.9,True
2979,2026-04-25,Delhi,North Indian,460.59,19.71,True,3.71,36.7,True
2980,2026-04-25,Pune,South Indian,261.86,16.45,False,4.37,34.2,True
2981,2026-04-25,Surat,North Indian,344.74,15.25,True,4.64,35.1,True
2982,2026-04-25,Bengaluru,Italian,619.76,13.88,True,4.63,31.7,True
2983,2026-04-25,Pune,North Indian,542.71,13.25,True,4.45,39.3,True
2984,2026-04-25,Ranchi,Italian,670.54,14.36,False,4.9,25.9,True
2985,2026-04-25,Chandigarh,Chinese,340.05,15.12,True,4.19,41.2,True
2986,2026-04-25,Pune,North Indian,440.93,14.11,False,3.97,34.0,True
2987,2026-04-25,Nagpur,South Indian,170.19,13.24,True,4.32,33.6,True
2988,2026-04-25,Bhopal,South Indian,186.16,14.85,True,,37.4,True
2989,2026-04-25,Delhi,Italian,421.03,15.54,False,3.79,33.0,True
2990,2026-04-25,Bengaluru,Chinese,324.46,15.67,False,4.62,40.9,True
2991,2026-04-25,Pune,North Indian,498.65,17.65,True,3.23,41.8,True
2992,2026-04-25,Chandigarh,North Indian,508.89,16.54,False,4.31,22.1,True
2993,2026-04-25,Mumbai,North Indian,453.87,14.37,False,4.42,37.6,True
2994,2026-04-25,Chennai,North Indian,407.0,15.81,True,4.03,45.5,True
2995,2026-04-25,Kochi,South Indian,293.11,18.44,False,3.99,36.8,True
2996,2026-04-25,,Chinese,264.63,14.87,False,3.3,39.8,True
2997,2026-04-25,Nagpur,Chinese,466.71,15.46,True,4.35,33.0,True
2998,2026-04-25,Mumbai,South Indian,322.68,14.04,True,4.06,49.1,True
2999,2026-04-25,Mumbai,South Indian,133.36,15.62,False,4.5,35.6,True
3000,2026-04-25,Pune,North Indian,402.47,10.5,False,4.67,49.2,True
3001,2026-04-25,Hyderabad,South Indian,209.26,11.16,False,3.92,37.3,True
3002,2026-04-25,Guwahati,Italian,559.21,13.66,False,4.01,46.4,True
3003,2026-04-25,Bhopal,Chinese,489.51,12.86,True,3.73,28.2,True
3004,2026-04-25,Pune,Chinese,497.67,14.43,False,3.76,28.2,True
3005,2026-04-25,Nagpur,Italian,711.89,11.59,True,,30.3,True
3006,2026-04-25,Chandigarh,South Indian,269.43,16.41,False,3.94,25.6,True
3007,2026-04-25,Chennai,North Indian,499.51,17.42,False,4.63,28.5,True
3008,2026-04-25,Chennai,North Indian,467.19,16.29,True,,26.9,True
3009,2026-04-25,Surat,North Indian,391.26,11.25,False,3.9,24.8,True
3010,2026-04-25,Chennai,South Indian,170.71,13.39,True,4.18,39.4,True
3011,2026-04-25,Kochi,Chinese,263.68,14.63,False,3.77,33.3,True
3012,2026-04-25,Pune,South Indian,317.86,14.46,False,4.77,26.8,True
3013,2026-04-25,Chandigarh,North Indian,430.79,12.44,False,4.69,34.6,True
3014,2026-04-25,Nagpur,South Indian,324.19,13.68,False,,31.6,True
3015,2026-04-25,Delhi,Italian,575.74,13.54,True,4.18,49.5,True
3016,2026-04-25,Ahmedabad,South Indian,164.96,13.09,True,3.38,41.2,True
3017,2026-04-25,Bhopal,Italian,430.96,15.28,True,,25.6,True
3018,2026-04-25,Bengaluru,Chinese,245.21,14.4,True,3.7,34.6,True
3019,2026-04-25,Mumbai,Chinese,418.12,14.1,False,4.17,35.7,True
3020,2026-04-25,Chandigarh,North Indian,244.79,16.78,False,3.88,28.9,True
3021,2026-04-25,Chandigarh,North Indian,422.4,13.43,True,3.91,26.2,True
3022,2026-04-25,Surat,North Indian,292.42,15.17,True,4.2,41.3,True
3023,2026-04-25,Hyderabad,Chinese,310.4,16.75,False,3.55,28.8,True
3024,2026-04-25,Bhopal,North Indian,364.99,11.4,False,4.46,31.1,True
3025,2026-04-25,Bengaluru,North Indian,308.85,13.89,False,3.52,40.7,True
3026,2026-04-25,Chennai,Chinese,428.45,18.43,True,4.41,36.8,True
3027,2026-04-25,Chandigarh,Chinese,464.14,12.38,True,4.24,44.3,True
3028,2026-04-25,Bengaluru,Chinese,358.88,16.84,False,4.39,35.5,True
3029,2026-04-25,Bengaluru,Chinese,253.84,15.13,False,,40.5,True
3030,2026-04-25,Bengaluru,North Indian,268.24,16.93,True,3.92,30.6,True
3031,2026-04-25,Bengaluru,Chinese,420.87,13.31,True,4.2,27.5,True
3032,2026-04-25,Delhi,Chinese,358.71,15.67,False,4.3,30.5,True
3033,2026-04-25,Chennai,Chinese,313.63,12.5,True,,33.6,True
3034,2026-04-25,Chennai,North Indian,468.03,15.9,True,4.38,44.9,True
3035,2026-04-25,Bengaluru,Italian,409.03,12.74,False,4.68,28.5,True
3036,2026-04-25,Ranchi,North Indian,640.38,13.84,True,3.8,31.7,True
3037,2026-04-25,Guwahati,Chinese,395.62,12.71,True,,24.1,True
3038,2026-04-25,Chandigarh,Italian,666.34,17.67,False,3.88,30.0,True
3039,2026-04-25,Surat,North Indian,323.56,12.19,True,4.06,23.6,True
3040,2026-04-25,Mumbai,North Indian,502.92,7.57,False,4.58,40.2,True
3041,2026-04-25,Ranchi,North Indian,545.4,13.69,False,4.42,48.7,True
3042,2026-04-25,Kochi,North Indian,457.49,12.04,False,4.13,39.6,True
3043,2026-04-25,Hyderabad,North Indian,393.93,15.17,True,3.89,31.8,True
3044,2026-04-25,Kochi,Chinese,324.55,18.63,True,4.66,24.5,True
3045,2026-04-25,Ahmedabad,North Indian,318.21,15.63,True,4.46,34.4,True
3046,2026-04-25,Guwahati,Chinese,343.23,13.92,True,3.7,12.0,True
3047,2026-04-25,Pune,North Indian,441.87,14.26,False,4.52,27.2,True
3048,2026-04-25,Kochi,South Indian,317.67,15.31,True,4.5,22.2,True
3049,2026-04-25,Mumbai,North Indian,426.13,16.96,True,4.41,34.2,True
3050,2026-04-25,Chandigarh,North Indian,375.52,17.46,True,4.24,32.9,True
3051,2026-04-25,Surat,North Indian,210.18,16.48,True,,40.5,True
3052,2026-04-25,Chennai,North Indian,498.74,18.98,True,5.0,34.0,True
3053,2026-04-25,Hyderabad,Chinese,303.53,15.04,True,4.0,35.7,True
3054,2026-04-25,Bhopal,North Indian,378.47,12.88,True,4.54,38.9,True
3055,2026-04-25,Hyderabad,South Indian,196.68,18.22,True,,44.7,True
3056,2026-04-25,Nagpur,Desserts & Bakery,251.67,15.55,True,4.01,35.9,True
3057,2026-04-25,Guwahati,Chinese,376.25,14.95,True,3.57,33.2,True
3058,2026-04-25,Hyderabad,Chinese,197.59,19.0,True,3.97,45.9,True
3059,2026-04-25,Chandigarh,South Indian,408.76,14.0,True,4.14,37.6,True
3060,2026-04-25,Delhi,North Indian,467.99,18.33,True,3.77,26.8,True
3061,2026-04-25,Hyderabad,North Indian,442.86,14.97,False,4.34,45.1,True
3062,2026-04-25,Pune,North Indian,445.28,16.1,False,4.4,33.1,True
3063,2026-04-25,Surat,North Indian,221.83,13.11,True,4.43,32.0,True
3064,2026-04-25,Nagpur,North Indian,224.55,11.41,False,4.41,33.6,True
3065,2026-04-25,Ranchi,North Indian,496.68,15.88,True,4.01,53.6,True
3066,2026-04-25,Ranchi,North Indian,470.73,14.14,True,3.96,26.9,True
3067,2026-04-25,Ahmedabad,South Indian,271.2,11.75,True,4.23,38.6,True
3068,2026-04-25,Bengaluru,North Indian,336.48,16.43,False,,37.7,True
3069,2026-04-25,Hyderabad,Chinese,374.08,15.6,True,4.33,39.8,True
3070,2026-04-25,Ahmedabad,North Indian,608.48,16.61,False,3.98,39.9,True
3071,2026-04-25,Mumbai,Desserts & Bakery,80.0,15.99,True,3.75,28.0,True
3072,2026-04-25,Surat,Desserts & Bakery,153.67,16.44,False,4.01,39.2,True
3073,2026-04-25,Pune,North Indian,491.34,15.34,False,4.0,28.6,True
3074,2026-04-25,Ranchi,Desserts & Bakery,286.84,18.12,True,4.8,37.3,True
3075,2026-04-25,Mumbai,Italian,472.72,15.86,True,,34.1,True
3076,2026-04-25,Nagpur,North Indian,450.55,15.61,True,3.62,34.9,True
3077,2026-04-25,Guwahati,Desserts & Bakery,140.82,12.9,True,3.69,42.4,True
3078,2026-04-25,Kochi,South Indian,269.14,15.18,True,4.11,48.7,True
3079,2026-04-25,Nagpur,Chinese,481.25,16.3,True,3.76,16.9,True
3080,2026-04-25,Delhi,South Indian,318.85,14.28,True,3.81,25.2,True
3081,2026-04-25,Hyderabad,North Indian,321.69,17.56,True,3.95,36.8,True
3082,2026-04-25,Ahmedabad,Italian,679.71,15.08,True,4.52,22.1,True
3083,2026-04-25,Pune,North Indian,493.24,12.3,False,3.96,35.6,True
3084,2026-04-25,Chandigarh,Chinese,261.98,11.9,False,4.44,34.4,True
3085,2026-04-25,Nagpur,South Indian,276.0,10.19,True,4.07,34.1,True
3086,2026-04-25,Bengaluru,Chinese,476.4,15.95,True,4.75,27.8,True
3087,2026-04-25,Bhopal,South Indian,250.17,12.26,True,4.1,24.3,True
3088,2026-04-25,Chennai,Chinese,193.44,14.61,False,4.48,36.6,True
3089,2026-04-25,Bengaluru,Chinese,288.2,16.74,False,4.44,40.2,True
3090,2026-04-25,Chennai,North Indian,479.17,10.25,True,,33.4,True
3091,2026-04-25,Delhi,Chinese,372.02,15.69,False,4.46,39.0,True
3092,2026-04-25,Pune,North Indian,308.85,14.23,False,3.79,39.3,True
3093,2026-04-25,Mumbai,South Indian,205.3,14.43,False,4.38,43.1,True
3094,2026-04-25,Surat,Italian,699.07,13.85,False,4.33,28.9,True
3095,2026-04-25,Chennai,Chinese,292.89,15.55,False,4.15,28.9,True
3096,2026-04-25,Bengaluru,Chinese,366.42,16.53,True,,44.3,True
3097,2026-04-25,Hyderabad,Chinese,379.69,13.61,False,3.87,37.7,True
3098,2026-04-26,Delhi,South Indian,297.66,14.04,True,4.01,27.7,True
3099,2026-04-26,Hyderabad,South Indian,263.83,18.69,False,3.77,37.7,True
3100,2026-04-26,Chandigarh,South Indian,312.61,12.76,True,3.94,32.9,True
3101,2026-04-26,Pune,Chinese,474.49,16.43,True,3.96,30.4,True
3102,2026-04-26,Ahmedabad,North Indian,413.45,12.75,False,4.46,33.8,True
3103,2026-04-26,Bengaluru,Chinese,340.53,15.89,True,4.19,36.6,True
3104,2026-04-26,Mumbai,North Indian,557.19,16.38,True,3.34,28.7,True
3105,2026-04-26,Guwahati,Chinese,282.59,14.6,True,4.47,48.4,True
3106,2026-04-26,Pune,North Indian,273.83,10.34,True,4.21,26.1,True
3107,2026-04-26,Pune,North Indian,563.32,14.21,True,4.32,35.6,True
3108,2026-04-26,Guwahati,South Indian,291.7,12.32,False,3.88,38.9,True
3109,2026-04-26,Chennai,Italian,361.31,10.89,False,3.95,44.0,True
3110,2026-04-26,Chennai,North Indian,510.7,12.58,False,,30.1,True
3111,2026-04-26,Bengaluru,South Indian,259.38,15.61,True,4.04,31.9,True
3112,2026-04-26,Chandigarh,North Indian,636.02,12.54,True,4.62,38.8,True
3113,2026-04-26,Delhi,South Indian,218.7,14.51,True,3.66,34.2,True
3114,2026-04-26,Chennai,Chinese,562.94,13.35,True,4.01,46.5,True
3115,2026-04-26,Mumbai,North Indian,455.96,16.16,True,4.09,37.9,True
3116,2026-04-26,Bengaluru,Italian,568.63,14.49,False,4.01,38.3,True
3117,2026-04-26,Chandigarh,North Indian,330.86,13.23,False,4.47,38.9,True
3118,2026-04-26,Delhi,Italian,516.24,16.8,False,3.78,27.0,True
3119,2026-04-26,Surat,North Indian,392.05,13.96,False,,26.0,True
3120,2026-04-26,Ranchi,South Indian,289.44,15.74,False,4.01,45.4,True
3121,2026-04-26,Chennai,South Indian,367.17,11.18,True,3.52,32.6,True
3122,2026-04-26,Pune,Desserts & Bakery,240.79,14.1,False,4.08,41.5,True
3123,2026-04-26,Hyderabad,Chinese,433.67,12.13,True,,37.1,True
3124,2026-04-26,Bengaluru,North Indian,397.8,11.12,False,5.0,41.2,True
3125,2026-04-26,Nagpur,Chinese,370.33,15.05,False,4.19,46.3,True
3126,2026-04-26,Kochi,North Indian,426.87,14.24,False,3.95,32.5,True
3127,2026-04-26,Delhi,South Indian,290.96,13.96,True,3.72,28.1,True
3128,2026-04-26,Ranchi,Chinese,272.36,13.84,False,4.39,22.2,True
3129,2026-04-26,Pune,Desserts & Bakery,162.19,18.64,True,4.46,36.2,True
3130,2026-04-26,Hyderabad,South Indian,248.14,14.82,True,4.31,35.7,True
3131,2026-04-26,Kochi,North Indian,364.44,13.17,True,4.29,39.5,True
3132,2026-04-26,Nagpur,Italian,364.61,14.91,True,4.26,34.4,True
3133,2026-04-26,Ranchi,Chinese,463.32,16.55,False,,30.9,True
3134,2026-04-26,Hyderabad,Desserts & Bakery,314.54,12.84,True,,31.7,True
3135,2026-04-26,Pune,Chinese,381.31,12.93,False,4.16,38.8,True
3136,2026-04-26,Ahmedabad,Chinese,320.28,13.0,True,4.01,40.5,True
3137,2026-04-26,Pune,Italian,534.61,14.21,False,4.4,30.8,True
3138,2026-04-26,Mumbai,South Indian,256.54,10.17,False,4.08,32.3,True
3139,2026-04-26,Bengaluru,North Indian,335.81,11.05,False,4.49,33.3,True
3140,2026-04-26,Bengaluru,Desserts & Bakery,193.95,17.16,True,4.51,40.3,True
3141,2026-04-26,Bengaluru,South Indian,289.71,14.15,False,3.56,38.6,True
3142,2026-04-26,Kochi,Desserts & Bakery,254.64,13.81,True,4.38,37.6,True
3143,2026-04-26,Surat,South Indian,196.73,13.11,True,4.43,24.2,True
3144,2026-04-26,Kochi,Chinese,374.73,11.88,True,,45.1,True
3145,2026-04-26,Delhi,South Indian,275.18,14.83,True,4.33,27.9,True
3146,2026-04-26,Bengaluru,Desserts & Bakery,237.71,14.83,True,3.73,38.1,True
3147,2026-04-26,Pune,South Indian,260.23,14.49,False,4.04,33.4,True
3148,2026-04-26,Bengaluru,Desserts & Bakery,203.12,17.7,True,4.38,35.5,True
3149,2026-04-26,Chennai,South Indian,297.64,17.14,True,4.05,40.5,True
3150,2026-04-26,Pune,Chinese,333.79,15.55,False,4.54,34.0,True
3151,2026-04-26,Delhi,Italian,440.4,15.46,True,4.2,44.4,True
3152,2026-04-26,Chandigarh,South Indian,284.55,13.2,False,5.0,44.3,True
3153,2026-04-26,Pune,North Indian,222.47,14.73,False,4.56,32.1,True
3154,2026-04-26,Pune,North Indian,333.83,12.38,True,3.97,37.2,True
3155,2026-04-26,Chennai,South Indian,180.66,12.83,False,4.33,35.1,True
3156,2026-04-26,Bhopal,Italian,479.88,14.0,False,4.25,27.9,True
3157,2026-04-26,Chennai,Chinese,382.01,15.41,False,4.55,30.5,True
3158,2026-04-26,Kochi,North Indian,445.0,16.41,True,4.26,25.1,True
3159,2026-04-26,Bengaluru,Chinese,286.4,11.79,True,4.75,26.9,True
3160,2026-04-26,Ranchi,South Indian,307.7,15.61,False,5.0,37.2,True
3161,2026-04-26,Bengaluru,South Indian,209.7,14.01,True,4.13,32.5,True
3162,2026-04-26,Nagpur,Italian,350.31,17.32,True,,34.1,True
3163,2026-04-26,Pune,Chinese,308.39,14.88,True,4.33,22.6,True
3164,2026-04-26,Mumbai,Chinese,312.96,20.09,False,4.36,35.4,True
3165,2026-04-26,Ahmedabad,North Indian,528.76,15.9,False,4.74,32.5,True
3166,2026-04-26,Pune,Italian,385.11,12.88,False,3.7,43.0,True
3167,2026-04-26,Mumbai,South Indian,109.06,12.17,False,4.72,24.1,True
3168,2026-04-26,Delhi,North Indian,431.16,15.18,True,3.61,39.1,True
3169,2026-04-26,Ranchi,Desserts & Bakery,176.3,15.28,True,4.22,40.3,True
3170,2026-04-26,Ahmedabad,North Indian,420.97,14.77,True,4.42,25.7,True
3171,2026-04-26,Mumbai,Chinese,340.87,19.22,True,3.95,32.8,True
3172,2026-04-26,Chandigarh,Chinese,416.5,11.14,True,4.14,24.4,True
3173,2026-04-26,Mumbai,South Indian,355.0,15.18,False,3.97,35.3,True
3174,2026-04-26,Delhi,Chinese,326.67,14.18,True,3.71,33.7,True
3175,2026-04-26,Hyderabad,Chinese,240.89,15.64,False,3.68,31.7,True
3176,2026-04-26,Hyderabad,Chinese,394.83,12.28,False,4.45,24.8,True
3177,2026-04-26,Chennai,South Indian,404.89,13.54,False,4.23,43.7,True
3178,2026-04-26,Hyderabad,South Indian,329.15,14.21,True,4.11,31.2,True
3179,2026-04-26,Chennai,North Indian,595.15,17.33,True,4.71,30.1,True
3180,2026-04-26,Delhi,North Indian,330.06,15.32,True,,30.1,True
3181,2026-04-26,Mumbai,Italian,518.38,14.71,True,4.09,44.5,True
3182,2026-04-26,Bhopal,Italian,590.34,14.57,True,3.9,38.3,True
3183,2026-04-26,Ranchi,North Indian,381.84,13.33,True,4.11,28.7,True
3184,2026-04-26,Mumbai,South Indian,244.36,14.64,True,4.0,36.6,True
3185,2026-04-26,Bhopal,North Indian,335.71,12.22,True,4.67,29.5,True
3186,2026-04-26,Mumbai,Chinese,424.53,13.66,False,4.37,25.3,True
3187,2026-04-26,Pune,Chinese,291.67,16.84,False,,34.2,True
3188,2026-04-26,Kochi,South Indian,306.58,13.32,True,3.35,32.1,True
3189,2026-04-26,Hyderabad,North Indian,418.51,13.24,False,4.24,30.0,True
3190,2026-04-26,Hyderabad,South Indian,265.07,14.14,False,4.1,37.5,True
3191,2026-04-26,Bengaluru,South Indian,284.71,12.74,True,4.67,27.7,True
3192,2026-04-26,Ahmedabad,North Indian,407.52,13.07,True,4.44,42.4,True
3193,2026-04-26,Bhopal,Chinese,360.15,17.96,True,4.11,26.2,True
3194,2026-04-26,Bengaluru,North Indian,461.09,13.56,False,3.7,46.9,True
3195,2026-04-26,Hyderabad,Italian,541.73,11.49,True,4.6,22.4,True
3196,2026-04-26,Ahmedabad,Italian,467.43,16.46,True,4.25,30.9,True
3197,2026-04-26,Pune,Italian,614.55,13.26,True,4.25,34.7,True
3198,2026-04-26,Bhopal,North Indian,474.18,11.32,True,4.42,33.8,True
3199,2026-04-26,Hyderabad,Italian,610.05,16.61,False,4.08,35.8,True
3200,2026-04-26,Pune,Desserts & Bakery,279.29,12.12,True,4.1,31.8,True
3201,2026-04-26,Delhi,North Indian,424.74,11.94,True,3.93,37.6,True
3202,2026-04-26,Chandigarh,Desserts & Bakery,165.04,15.5,False,4.91,29.5,True
3203,2026-04-26,Chennai,Desserts & Bakery,173.47,15.47,True,4.47,45.0,True
3204,2026-04-26,Mumbai,South Indian,214.9,14.55,True,3.59,37.0,True
3205,2026-04-26,Hyderabad,Italian,393.02,15.01,False,,40.3,True
3206,2026-04-26,Hyderabad,Chinese,259.2,16.77,False,4.03,36.5,True
3207,2026-04-26,Guwahati,South Indian,185.91,14.5,True,,28.9,True
3208,2026-04-26,Hyderabad,Chinese,365.76,14.78,False,3.93,35.2,True
3209,2026-04-26,Pune,North Indian,314.57,13.81,False,4.78,33.8,True
3210,2026-04-26,Hyderabad,Chinese,391.55,16.34,False,4.68,34.2,True
3211,2026-04-26,Pune,Italian,396.03,13.27,True,4.27,21.6,True
3212,2026-04-26,Chandigarh,North Indian,461.98,13.17,True,3.87,30.5,True
3213,2026-04-26,Delhi,Italian,497.18,12.8,True,4.04,22.8,True
3214,2026-04-26,Pune,South Indian,324.67,15.75,True,3.83,38.8,True
3215,2026-04-26,Guwahati,North Indian,355.88,13.24,False,4.07,31.6,True
3216,2026-04-26,Hyderabad,North Indian,303.1,14.52,False,3.97,29.1,True
3217,2026-04-26,Hyderabad,North Indian,438.46,10.28,True,,30.5,True
3218,2026-04-26,Bengaluru,South Indian,153.08,12.29,False,4.04,34.8,True
3219,2026-04-26,Pune,Desserts & Bakery,218.88,15.59,True,3.39,29.9,True
3220,2026-04-26,Pune,Chinese,350.0,14.47,True,4.25,27.7,True
3221,2026-04-26,Mumbai,Italian,766.26,15.36,True,4.54,17.2,True
3222,2026-04-26,Ahmedabad,South Indian,189.34,10.86,True,4.2,33.6,True
3223,2026-04-26,Ranchi,Chinese,316.58,10.66,False,3.87,32.7,True
3224,2026-04-26,Surat,North Indian,467.8,16.65,False,5.0,44.8,True
3225,2026-04-26,Hyderabad,Chinese,362.16,17.85,True,4.27,38.2,True
3226,2026-04-26,Ahmedabad,Italian,483.73,12.16,True,4.3,22.4,True
3227,2026-04-26,Hyderabad,Desserts & Bakery,241.44,17.34,False,3.37,33.2,True
3228,2026-04-26,Delhi,Italian,475.37,14.0,True,,32.5,True
3229,2026-04-26,Kochi,North Indian,525.27,13.88,True,4.5,27.3,True
3230,2026-04-26,Pune,Italian,505.06,18.24,False,4.27,33.7,True
3231,2026-04-26,Bengaluru,South Indian,323.14,14.96,False,3.8,44.9,True
3232,2026-04-26,Delhi,Desserts & Bakery,221.43,14.03,True,4.11,40.5,True
3233,2026-04-26,Delhi,Desserts & Bakery,238.73,10.02,True,4.6,31.3,True
3234,2026-04-26,Chandigarh,Chinese,360.63,20.03,False,4.86,36.0,True
3235,2026-04-27,Kochi,North Indian,420.21,14.95,True,4.1,23.3,False
3236,2026-04-27,Hyderabad,Chinese,339.62,10.37,True,4.21,27.6,False
3237,2026-04-27,Chandigarh,North Indian,303.62,14.36,True,4.52,27.0,False
3238,2026-04-27,Chandigarh,South Indian,274.69,15.43,True,4.17,24.9,False
3239,2026-04-27,Chandigarh,North Indian,439.08,15.4,True,4.02,41.4,False
3240,2026-04-27,Hyderabad,South Indian,246.4,17.04,True,4.25,29.4,False
3241,2026-04-27,Delhi,North Indian,403.93,12.99,True,4.44,33.4,False
3242,2026-04-27,Delhi,North Indian,470.99,11.82,True,4.22,31.2,False
3243,2026-04-27,Surat,North Indian,343.03,9.75,False,4.54,38.3,False
3244,2026-04-27,Ahmedabad,Chinese,420.41,14.76,True,4.26,38.5,False
3245,2026-04-27,Pune,South Indian,322.05,16.44,True,4.4,41.8,False
3246,2026-04-27,Kochi,Italian,459.86,17.53,False,,31.2,False
3247,2026-04-27,Ahmedabad,North Indian,618.84,11.8,False,4.22,41.1,False
3248,2026-04-27,Delhi,North Indian,480.87,13.89,True,3.56,47.9,False
3249,2026-04-27,Delhi,Italian,531.7,13.11,True,3.9,38.6,False
3250,2026-04-27,Chennai,Italian,778.72,15.53,True,3.51,30.5,False
3251,2026-04-27,Delhi,Italian,466.63,17.43,False,5.0,24.4,False
3252,2026-04-27,Kochi,Desserts & Bakery,161.04,13.42,True,4.59,41.6,False
3253,2026-04-27,Hyderabad,North Indian,551.52,11.01,False,4.44,29.7,False
3254,2026-04-27,Surat,Chinese,237.36,11.11,False,4.34,37.7,False
3255,2026-04-27,Chandigarh,Italian,453.69,13.87,True,4.13,32.2,False
3256,2026-04-27,Ranchi,North Indian,318.37,15.33,False,,29.3,False
3257,2026-04-27,Bengaluru,North Indian,508.35,12.4,False,3.82,27.9,False
3258,2026-04-27,Bengaluru,Desserts & Bakery,163.12,15.99,False,3.89,42.0,False
3259,2026-04-27,Ahmedabad,South Indian,299.68,16.03,True,4.07,51.0,False
3260,2026-04-27,Pune,Chinese,401.97,15.53,False,4.05,28.9,False
3261,2026-04-27,Mumbai,North Indian,387.64,13.86,True,3.99,42.0,False
3262,2026-04-27,Chandigarh,South Indian,322.06,14.18,False,3.9,40.1,False
3263,2026-04-27,Delhi,North Indian,420.47,15.7,False,4.15,35.7,False
3264,2026-04-27,Chennai,Desserts & Bakery,247.17,12.68,False,3.71,27.8,False
3265,2026-04-27,Kochi,North Indian,405.77,12.23,True,4.54,18.2,False
3266,2026-04-27,Kochi,Desserts & Bakery,293.63,13.81,True,4.03,35.1,False
3267,2026-04-27,Guwahati,Italian,611.34,14.05,True,4.18,38.0,False
3268,2026-04-27,Surat,South Indian,284.12,12.48,False,3.76,26.2,False
3269,2026-04-27,Hyderabad,Italian,487.2,15.11,False,4.61,33.0,False
3270,2026-04-27,Mumbai,Italian,421.18,14.46,False,4.13,22.0,False
3271,2026-04-27,Pune,North Indian,273.97,13.61,True,4.27,27.2,False
3272,2026-04-27,Chennai,Desserts & Bakery,103.25,13.92,True,4.18,35.3,False
3273,2026-04-27,Guwahati,North Indian,290.35,11.31,False,4.06,29.9,False
3274,2026-04-27,Surat,Italian,393.17,10.97,True,3.66,45.0,False
3275,2026-04-27,Chennai,North Indian,511.24,15.05,True,4.04,37.1,False
3276,2026-04-27,Kochi,Chinese,310.43,15.42,True,4.34,38.1,False
3277,2026-04-27,Ranchi,North Indian,403.61,11.05,True,4.34,32.9,False
3278,2026-04-27,Surat,North Indian,432.48,14.23,True,4.16,32.0,False
3279,2026-04-27,Chennai,South Indian,226.79,16.34,True,,34.5,False
3280,2026-04-27,Guwahati,South Indian,257.42,16.87,True,3.57,38.5,False
3281,2026-04-27,Ranchi,Italian,610.26,16.16,True,3.51,26.3,False
3282,2026-04-27,Delhi,North Indian,362.45,14.51,False,3.4,25.8,False
3283,2026-04-27,Surat,North Indian,424.28,16.76,True,3.8,40.5,False
3284,2026-04-27,Pune,North Indian,383.28,15.08,True,4.61,32.9,False
3285,2026-04-27,Delhi,Chinese,313.13,17.51,False,4.58,29.0,False
3286,2026-04-27,Hyderabad,Desserts & Bakery,158.54,13.49,True,3.91,38.0,False
3287,2026-04-27,Guwahati,Italian,644.54,14.54,True,4.21,38.0,False
3288,2026-04-27,Chennai,Italian,544.13,18.08,False,4.09,42.6,False
3289,2026-04-27,Hyderabad,North Indian,472.67,11.43,False,4.15,32.4,False
3290,2026-04-27,Mumbai,North Indian,511.42,12.91,False,4.21,39.9,False
3291,2026-04-27,Kochi,North Indian,422.3,13.29,False,4.16,35.3,False
3292,2026-04-27,Mumbai,Italian,679.52,14.66,False,4.51,31.4,False
3293,2026-04-27,Hyderabad,Chinese,364.92,13.1,True,4.62,33.6,False
3294,2026-04-27,Ranchi,South Indian,344.62,13.97,True,3.68,26.6,False
3295,2026-04-27,Guwahati,South Indian,209.2,11.89,False,,37.4,False
3296,2026-04-27,Delhi,South Indian,262.01,15.14,False,3.88,30.7,False
3297,2026-04-27,Surat,South Indian,272.41,14.13,True,3.69,36.0,False
3298,2026-04-27,Mumbai,Chinese,262.12,12.22,True,4.42,37.9,False
3299,2026-04-27,Bhopal,North Indian,436.1,14.64,True,3.5,39.8,False
3300,2026-04-27,Chennai,Italian,513.93,12.63,False,3.82,28.4,False
3301,2026-04-27,Pune,Italian,545.82,15.66,False,4.12,38.3,False
3302,2026-04-27,Mumbai,North Indian,392.02,13.69,False,,31.9,False
3303,2026-04-27,Hyderabad,North Indian,236.3,15.11,True,4.1,23.7,False
3304,2026-04-27,Guwahati,North Indian,410.34,14.82,True,4.5,33.7,False
3305,2026-04-27,Guwahati,Chinese,273.06,14.43,False,3.85,29.2,False
3306,2026-04-27,Ahmedabad,North Indian,517.82,14.34,True,4.74,39.0,False
3307,2026-04-27,Mumbai,North Indian,416.34,17.49,True,4.68,36.6,False
3308,2026-04-27,Nagpur,North Indian,476.61,17.1,True,4.27,42.9,False
3309,2026-04-27,Delhi,Chinese,293.51,13.58,False,4.05,42.8,False
3310,2026-04-27,Bengaluru,Chinese,424.2,16.79,False,3.56,40.1,False
3311,2026-04-27,Hyderabad,South Indian,310.75,11.22,True,4.39,35.9,False
3312,2026-04-27,Bengaluru,North Indian,435.13,14.96,True,4.24,32.7,False
3313,2026-04-27,Nagpur,Chinese,220.14,15.55,True,4.51,40.7,False
3314,2026-04-27,Surat,North Indian,500.14,17.47,False,,31.7,False
3315,2026-04-27,Bengaluru,Italian,565.82,14.99,False,3.98,31.9,False
3316,2026-04-27,Surat,Desserts & Bakery,189.83,16.62,True,4.11,34.0,False
3317,2026-04-27,Mumbai,North Indian,282.34,13.3,False,3.88,21.9,False
3318,2026-04-27,Pune,South Indian,82.06,12.57,False,4.39,28.3,False
3319,2026-04-27,Kochi,South Indian,253.39,14.31,True,3.8,31.1,False
3320,2026-04-27,Chandigarh,North Indian,477.05,14.34,True,3.58,45.6,False
3321,2026-04-27,Bhopal,South Indian,324.5,11.33,False,4.35,39.0,False
3322,2026-04-27,Bhopal,South Indian,257.8,12.37,True,4.48,35.4,False
3323,2026-04-27,Guwahati,North Indian,373.27,15.85,True,4.06,26.9,False
3324,2026-04-27,Hyderabad,North Indian,513.41,15.53,True,4.32,26.5,False
3325,2026-04-27,Nagpur,North Indian,415.78,14.21,False,4.14,29.7,False
3326,2026-04-27,Nagpur,South Indian,263.42,17.67,False,4.1,40.0,False
3327,2026-04-27,Guwahati,South Indian,232.85,16.08,True,,20.6,False
3328,2026-04-27,Chennai,North Indian,484.74,15.04,True,4.03,32.1,False
3329,2026-04-27,Kochi,North Indian,283.94,16.24,True,4.99,30.4,False
3330,2026-04-27,Bengaluru,Chinese,429.03,13.42,False,3.67,31.1,False
3331,2026-04-27,Delhi,Chinese,386.56,13.05,False,3.75,41.2,False
3332,2026-04-27,Ranchi,North Indian,490.23,17.29,True,3.88,27.9,False
3333,2026-04-27,Ahmedabad,North Indian,244.62,12.81,False,,36.1,False
3334,2026-04-27,Mumbai,Chinese,445.81,17.91,True,4.57,47.0,False
3335,2026-04-27,Ahmedabad,North Indian,389.77,14.71,False,4.54,23.5,False
3336,2026-04-27,Mumbai,South Indian,265.35,17.64,False,3.62,24.4,False
3337,2026-04-27,Chennai,Desserts & Bakery,202.68,18.57,True,4.7,33.7,False
3338,2026-04-27,Delhi,North Indian,531.8,14.43,False,3.33,38.2,False
3339,2026-04-27,Nagpur,South Indian,337.65,15.1,False,4.87,38.4,False
3340,2026-04-27,Chennai,Italian,471.83,13.48,True,4.43,31.1,False
3341,2026-04-27,,North Indian,443.43,10.28,True,3.85,22.5,False
3342,2026-04-27,Surat,North Indian,491.31,15.41,False,4.36,33.2,False
3343,2026-04-27,Surat,Chinese,446.16,15.63,True,3.7,30.8,False
3344,2026-04-27,Chennai,North Indian,329.17,21.11,False,4.15,34.3,False
3345,2026-04-28,Mumbai,South Indian,195.82,17.39,False,4.43,20.1,False
3346,2026-04-28,Delhi,North Indian,471.25,16.46,False,3.63,26.8,False
3347,2026-04-28,Guwahati,North Indian,536.62,11.9,False,4.67,37.8,False
3348,2026-04-28,Bhopal,Chinese,518.29,15.36,True,3.71,39.6,False
3349,2026-04-28,Chennai,Italian,546.91,14.86,False,4.01,23.4,False
3350,2026-04-28,Bengaluru,South Indian,254.51,15.1,True,4.67,27.2,False
3351,2026-04-28,Delhi,North Indian,493.01,14.69,True,4.07,23.8,False
3352,2026-04-28,Guwahati,North Indian,410.14,14.9,False,4.18,41.9,False
3353,2026-04-28,Pune,South Indian,153.47,15.05,True,,43.7,False
3354,2026-04-28,Chandigarh,South Indian,365.97,15.1,False,4.51,41.0,False
3355,2026-04-28,Bhopal,North Indian,462.69,15.37,False,4.98,27.5,False
3356,2026-04-28,Ahmedabad,South Indian,179.1,16.38,True,3.96,34.9,False
3357,2026-04-28,Surat,North Indian,452.33,16.78,False,4.38,43.9,False
3358,2026-04-28,Chandigarh,Chinese,262.17,13.87,True,3.77,40.8,False
3359,2026-04-28,Chennai,North Indian,257.55,17.09,False,4.08,35.7,False
3360,2026-04-28,Hyderabad,Desserts & Bakery,222.94,17.2,True,4.43,37.9,False
3361,2026-04-28,Hyderabad,South Indian,226.43,13.42,False,4.02,34.9,False
3362,2026-04-28,Chennai,Desserts & Bakery,252.16,15.34,True,3.64,41.4,False
3363,2026-04-28,Surat,Italian,618.42,14.07,True,3.95,44.7,False
3364,2026-04-28,Chennai,South Indian,278.63,14.61,True,,30.1,False
3365,2026-04-28,Mumbai,North Indian,438.46,13.62,True,3.93,40.0,False
3366,2026-04-28,Bengaluru,North Indian,512.65,12.66,False,3.95,35.8,False
3367,2026-04-28,Pune,Italian,508.23,14.65,True,4.07,34.2,False
3368,2026-04-28,Surat,Desserts & Bakery,188.93,12.42,False,4.21,46.7,False
3369,2026-04-28,Delhi,North Indian,408.19,12.7,True,4.29,39.5,False
3370,2026-04-28,Delhi,South Indian,151.37,19.01,False,4.0,30.9,False
3371,2026-04-28,Guwahati,Chinese,451.85,15.59,True,4.44,29.1,False
3372,2026-04-28,Pune,Chinese,402.25,15.23,True,4.01,31.9,False
3373,2026-04-28,Bengaluru,North Indian,397.97,16.66,False,4.01,31.0,False
3374,2026-04-28,Bhopal,South Indian,213.32,10.83,True,4.29,27.1,False
3375,2026-04-28,Chandigarh,North Indian,329.93,16.8,False,4.29,39.5,False
3376,2026-04-28,Ranchi,Chinese,520.53,12.11,True,4.14,42.5,False
3377,2026-04-28,Bengaluru,North Indian,334.96,13.44,False,4.35,35.5,False
3378,2026-04-28,Chandigarh,North Indian,357.2,16.82,False,4.4,37.8,False
3379,2026-04-28,Delhi,South Indian,248.51,15.05,True,3.41,39.2,False
3380,2026-04-28,Kochi,North Indian,335.63,12.62,False,4.37,39.4,False
3381,2026-04-28,Ahmedabad,South Indian,338.01,16.15,True,4.24,21.2,False
3382,2026-04-28,Guwahati,Chinese,251.7,14.43,False,4.45,30.4,False
3383,2026-04-28,Hyderabad,North Indian,297.0,15.2,True,3.82,35.1,False
3384,2026-04-28,Bengaluru,Italian,478.19,15.39,True,4.26,41.3,False
3385,2026-04-28,Bengaluru,North Indian,357.17,14.78,True,3.78,38.3,False
3386,2026-04-28,Delhi,South Indian,252.2,14.22,True,3.83,30.3,False
3387,2026-04-28,Hyderabad,Chinese,361.46,12.37,False,3.68,45.0,False
3388,2026-04-28,Chennai,South Indian,233.83,10.72,True,4.38,34.2,False
3389,2026-04-28,Pune,North Indian,348.66,13.18,False,4.08,32.4,False
3390,2026-04-28,Kochi,South Indian,197.63,15.96,True,4.02,29.5,False
3391,2026-04-28,Surat,North Indian,405.97,19.76,False,3.93,22.0,False
3392,2026-04-28,Ranchi,South Indian,199.09,16.43,True,4.16,40.5,False
3393,2026-04-28,Surat,Italian,430.79,15.74,False,4.18,39.3,False
3394,2026-04-28,Chennai,Chinese,379.66,12.25,False,4.08,44.6,False
3395,2026-04-28,Bengaluru,North Indian,377.3,14.43,True,4.21,35.2,False
3396,2026-04-28,Guwahati,North Indian,446.65,16.25,True,3.86,12.5,False
3397,2026-04-28,Chennai,North Indian,280.66,13.35,True,3.35,21.7,False
3398,2026-04-28,Mumbai,Chinese,254.41,14.49,False,3.64,27.9,False
3399,2026-04-28,Surat,Chinese,344.45,13.88,False,,36.6,False
3400,2026-04-28,Nagpur,Desserts & Bakery,80.0,15.12,False,4.2,37.5,False
3401,2026-04-28,Bhopal,Chinese,347.88,14.71,False,4.36,39.7,False
3402,2026-04-28,Delhi,Chinese,222.4,14.81,True,4.15,32.7,False
3403,2026-04-28,Chandigarh,Desserts & Bakery,160.1,12.89,True,3.93,35.0,False
3404,2026-04-28,Bengaluru,Desserts & Bakery,246.32,17.25,False,,32.7,False
3405,2026-04-28,Ranchi,South Indian,372.49,12.63,False,3.89,37.0,False
3406,2026-04-28,Nagpur,North Indian,557.07,15.86,False,4.12,36.8,False
3407,2026-04-28,Chandigarh,North Indian,336.88,16.96,False,4.23,35.3,False
3408,2026-04-28,Pune,Italian,404.29,14.41,True,,32.3,False
3409,2026-04-28,Guwahati,Chinese,164.38,11.13,False,3.72,47.7,False
3410,2026-04-28,Nagpur,North Indian,395.5,11.99,False,3.46,35.6,False
3411,2026-04-28,Chennai,North Indian,603.76,13.74,False,3.94,27.6,False
3412,2026-04-28,Pune,North Indian,492.92,9.69,True,4.72,37.9,False
3413,2026-04-28,Nagpur,North Indian,525.1,10.79,False,4.33,40.6,False
3414,2026-04-28,Hyderabad,Chinese,306.95,12.96,True,3.59,39.1,False
3415,2026-04-28,Surat,Chinese,427.92,17.17,False,4.45,42.9,False
3416,2026-04-28,Pune,Desserts & Bakery,245.17,12.9,True,4.59,33.1,False
3417,2026-04-28,Mumbai,Chinese,498.51,14.55,True,4.64,35.4,False
3418,2026-04-28,Surat,Italian,445.09,11.99,True,4.28,27.1,False
3419,2026-04-28,Bhopal,South Indian,232.04,15.51,False,,21.6,False
3420,2026-04-28,Chennai,Italian,541.59,15.3,True,3.89,34.2,False
3421,2026-04-28,Ranchi,South Indian,265.0,14.34,True,4.42,29.0,False
3422,2026-04-28,Kochi,South Indian,333.17,17.37,True,3.97,25.6,False
3423,2026-04-28,Ranchi,Italian,450.57,14.47,True,4.55,33.9,False
3424,2026-04-28,Pune,Italian,355.15,16.16,False,4.56,34.2,False
3425,2026-04-28,Pune,North Indian,457.07,11.34,True,4.5,31.1,False
3426,2026-04-28,Chandigarh,North Indian,502.37,14.73,False,3.88,41.8,False
3427,2026-04-28,Delhi,South Indian,286.87,15.82,True,3.9,33.0,False
3428,2026-04-28,Bhopal,South Indian,249.97,17.75,True,4.03,18.4,False
3429,2026-04-28,Bengaluru,North Indian,285.46,13.19,False,4.31,25.0,False
3430,2026-04-28,Hyderabad,South Indian,268.04,14.98,True,4.45,20.0,False
3431,2026-04-28,Mumbai,South Indian,217.04,15.3,True,4.32,35.9,False
3432,2026-04-28,Hyderabad,North Indian,400.63,13.64,True,4.63,29.2,False
3433,2026-04-28,Hyderabad,Italian,443.65,13.64,True,4.14,31.1,False
3434,2026-04-28,Pune,Chinese,425.78,16.19,False,4.27,32.0,False
3435,2026-04-28,Ranchi,Chinese,266.47,11.33,False,4.06,40.3,False
3436,2026-04-28,Ahmedabad,South Indian,409.52,15.96,False,4.7,27.7,False
3437,2026-04-28,Pune,Chinese,296.03,11.85,True,3.9,45.3,False
3438,2026-04-28,Delhi,North Indian,482.75,14.88,False,4.18,30.7,False
3439,2026-04-28,Pune,Chinese,334.01,16.6,True,4.1,34.0,False
3440,2026-04-28,Nagpur,North Indian,504.15,14.32,True,4.02,42.9,False
3441,2026-04-28,Chennai,Chinese,476.16,15.11,True,4.07,41.6,False
3442,2026-04-28,Surat,South Indian,206.14,14.64,False,4.59,34.7,False
3443,2026-04-28,Bengaluru,Chinese,338.01,16.89,True,3.55,39.2,False
3444,2026-04-28,Kochi,Italian,431.84,12.5,False,4.15,36.8,False
3445,2026-04-28,Chennai,Chinese,276.83,15.43,False,,32.0,False
3446,2026-04-28,Hyderabad,North Indian,516.65,13.82,False,4.15,40.3,False
3447,2026-04-29,Hyderabad,Chinese,469.1,15.59,False,3.59,37.0,False
3448,2026-04-29,Delhi,North Indian,330.94,11.19,False,,31.9,False
3449,2026-04-29,Guwahati,North Indian,701.91,16.54,False,,35.7,False
3450,2026-04-29,Nagpur,South Indian,431.34,13.12,False,4.34,27.7,False
3451,2026-04-29,Bengaluru,North Indian,249.45,13.52,False,3.97,40.8,False
3452,2026-04-29,Ranchi,North Indian,425.92,13.79,True,3.6,41.7,False
3453,2026-04-29,Pune,Chinese,383.84,12.13,True,4.29,29.5,False
3454,2026-04-29,Ahmedabad,Chinese,470.68,14.03,False,4.33,30.7,False
3455,2026-04-29,Kochi,South Indian,135.19,15.73,True,3.94,27.4,False
3456,2026-04-29,Bhopal,North Indian,448.08,12.63,True,3.93,37.0,False
3457,2026-04-29,Hyderabad,North Indian,511.0,17.96,True,4.16,35.7,False
3458,2026-04-29,Surat,North Indian,538.5,13.12,False,3.54,36.9,False
3459,2026-04-29,Nagpur,North Indian,395.51,15.43,True,4.16,23.2,False
3460,2026-04-29,Mumbai,Chinese,396.18,12.91,True,4.37,36.4,False
3461,2026-04-29,Mumbai,North Indian,440.29,12.53,True,4.34,36.9,False
3462,2026-04-29,Chennai,Desserts & Bakery,171.25,14.85,False,4.31,42.2,False
3463,2026-04-29,Surat,North Indian,423.47,14.78,True,4.59,49.0,False
3464,2026-04-29,Mumbai,South Indian,230.29,15.93,False,3.92,29.4,False
3465,2026-04-29,Ahmedabad,South Indian,283.14,13.03,False,4.3,27.6,False
3466,2026-04-29,Hyderabad,Chinese,409.08,17.74,False,3.66,34.7,False
3467,2026-04-29,Mumbai,North Indian,468.02,13.42,False,3.87,25.5,False
3468,2026-04-29,Kochi,South Indian,254.33,12.49,True,4.16,35.5,False
3469,2026-04-29,Bengaluru,North Indian,466.17,13.3,False,3.79,28.9,False
3470,2026-04-29,Guwahati,Chinese,435.82,14.62,False,4.83,27.6,False
3471,2026-04-29,Delhi,North Indian,261.15,12.07,True,4.27,51.2,False
3472,2026-04-29,Hyderabad,South Indian,299.4,14.79,False,3.29,36.9,False
3473,2026-04-29,Pune,Chinese,277.77,19.9,False,4.41,39.7,False
3474,2026-04-29,Hyderabad,Chinese,336.78,12.66,True,4.47,32.0,False
3475,2026-04-29,Nagpur,South Indian,325.25,12.31,True,3.78,35.1,False
3476,2026-04-29,Pune,Italian,697.01,14.6,True,3.97,42.2,False
3477,2026-04-29,Mumbai,North Indian,508.13,15.7,True,4.46,36.7,False
3478,2026-04-29,Surat,North Indian,531.21,14.82,False,4.01,26.3,False
3479,2026-04-29,Chennai,Italian,625.86,16.36,True,3.94,35.7,False
3480,2026-04-29,Ranchi,Italian,347.96,14.81,False,4.33,27.2,False
3481,2026-04-29,Nagpur,South Indian,229.43,11.64,True,3.81,30.2,False
3482,2026-04-29,Ahmedabad,North Indian,493.91,13.83,False,4.24,24.6,False
3483,2026-04-29,Nagpur,North Indian,321.61,11.9,True,4.19,27.8,False
3484,2026-04-29,Mumbai,South Indian,270.58,13.3,False,4.26,39.6,False
3485,2026-04-29,Hyderabad,South Indian,301.08,16.23,False,4.24,30.3,False
3486,2026-04-29,Surat,Italian,412.81,13.08,True,4.17,49.8,False
3487,2026-04-29,Hyderabad,South Indian,247.52,14.65,False,4.3,37.1,False
3488,2026-04-29,Chandigarh,Italian,452.47,13.12,True,4.15,45.4,False
3489,2026-04-29,Mumbai,North Indian,287.12,15.54,True,3.9,34.2,False
3490,2026-04-29,Ranchi,South Indian,221.97,14.55,False,4.02,33.8,False
3491,2026-04-29,Mumbai,Chinese,489.71,10.92,True,3.73,30.7,False
3492,2026-04-29,Hyderabad,North Indian,334.88,11.58,False,4.59,26.6,False
3493,2026-04-29,Bengaluru,Chinese,357.06,18.3,True,4.2,33.3,False
3494,2026-04-29,Ahmedabad,South Indian,249.92,15.9,False,4.04,33.4,False
3495,2026-04-29,Mumbai,North Indian,535.47,15.9,True,4.26,29.6,False
3496,2026-04-29,Mumbai,North Indian,542.26,15.25,True,4.77,33.2,False
3497,2026-04-29,Surat,North Indian,234.98,13.07,False,4.65,47.0,False
3498,2026-04-29,Chandigarh,South Indian,236.04,17.57,True,4.64,39.7,False
3499,2026-04-29,Nagpur,South Indian,245.97,16.4,True,4.06,32.9,False
3500,2026-04-29,Hyderabad,Italian,604.32,13.89,True,4.24,43.6,False
3501,2026-04-29,Bengaluru,Chinese,331.32,12.47,False,4.27,32.2,False
3502,2026-04-29,Nagpur,Chinese,289.52,16.53,False,4.39,30.6,False
3503,2026-04-29,Chandigarh,North Indian,458.06,18.36,True,3.76,37.1,False
3504,2026-04-29,Surat,North Indian,561.45,18.91,True,4.32,39.2,False
3505,2026-04-29,Mumbai,Italian,504.71,16.53,False,3.97,22.9,False
3506,2026-04-29,Chennai,South Indian,256.31,13.93,False,,41.1,False
3507,2026-04-29,Mumbai,Chinese,363.48,13.59,True,,23.3,False
3508,2026-04-29,Chandigarh,Desserts & Bakery,249.05,14.49,True,4.53,37.0,False
3509,2026-04-29,Mumbai,North Indian,445.37,15.49,False,4.14,33.5,False
3510,2026-04-29,Mumbai,Chinese,232.96,17.57,False,3.58,32.9,False
3511,2026-04-29,Mumbai,South Indian,216.01,16.7,True,4.55,37.2,False
3512,2026-04-29,Pune,North Indian,307.11,15.94,False,4.0,36.6,False
3513,2026-04-29,Delhi,Chinese,419.74,16.69,False,3.81,26.5,False
3514,2026-04-29,Chandigarh,North Indian,578.03,17.06,False,3.57,33.4,False
3515,2026-04-29,Bhopal,South Indian,178.36,15.02,True,3.7,41.2,False
3516,2026-04-29,Chandigarh,North Indian,496.83,10.47,True,4.36,30.8,False
3517,2026-04-29,Nagpur,North Indian,410.76,14.33,True,3.78,22.1,False
3518,2026-04-29,Pune,South Indian,251.35,12.25,True,3.95,41.7,False
3519,2026-04-29,Surat,South Indian,285.53,11.78,False,4.36,40.2,False
3520,2026-04-29,Pune,Desserts & Bakery,274.45,16.4,False,4.31,31.6,False
3521,2026-04-29,Mumbai,Chinese,402.76,17.32,True,4.08,40.9,False
3522,2026-04-29,Pune,Chinese,266.14,14.19,True,,23.6,False
3523,2026-04-29,Pune,Italian,695.97,16.58,True,4.62,30.3,False
3524,2026-04-29,Chandigarh,Chinese,217.96,14.79,True,4.09,29.9,False
3525,2026-04-29,Delhi,South Indian,309.34,14.93,False,,29.0,False
3526,2026-04-29,Ranchi,North Indian,296.32,14.67,False,4.57,36.6,False
3527,2026-04-29,Chandigarh,Chinese,305.93,14.39,True,3.67,25.9,False
3528,2026-04-29,Pune,South Indian,265.44,12.64,True,4.15,28.8,False
3529,2026-04-29,Surat,Chinese,456.73,13.13,True,,44.3,False
3530,2026-04-29,Chennai,Italian,656.09,15.31,False,3.6,41.5,False
3531,2026-04-29,Chennai,Italian,575.58,12.45,True,4.28,29.4,False
3532,2026-04-29,Hyderabad,Chinese,414.85,15.4,True,4.34,26.6,False
3533,2026-04-29,Pune,Italian,515.28,12.39,True,3.87,33.4,False
3534,2026-04-29,Ranchi,South Indian,268.44,13.05,False,3.95,28.5,False
3535,2026-04-29,Kochi,Chinese,396.94,10.79,True,4.15,49.4,False
3536,2026-04-29,Delhi,South Indian,268.17,15.15,False,4.27,37.0,False
3537,2026-04-29,Pune,Chinese,291.41,17.44,True,4.39,30.4,False
3538,2026-04-29,Mumbai,South Indian,249.64,13.35,True,3.35,28.4,False
3539,2026-04-29,Delhi,North Indian,510.75,13.86,False,,33.8,False
3540,2026-04-29,Hyderabad,North Indian,451.68,14.59,False,4.06,35.7,False
3541,2026-04-29,Pune,North Indian,467.3,13.48,False,4.08,42.7,False
3542,2026-04-29,Surat,South Indian,339.61,9.96,False,4.09,31.6,False
3543,2026-04-29,Guwahati,Chinese,461.7,14.56,True,,38.0,False
3544,2026-04-29,Chennai,Chinese,326.71,13.12,False,4.02,42.0,False
3545,2026-04-29,Delhi,North Indian,310.24,15.71,True,4.65,21.9,False
3546,2026-04-29,Pune,Desserts & Bakery,189.66,11.87,False,3.58,25.9,False
3547,2026-04-29,Surat,Chinese,321.58,14.61,False,3.95,32.4,False
3548,2026-04-29,Chandigarh,Chinese,448.24,13.87,False,4.62,44.2,False
3549,2026-04-29,Delhi,Chinese,420.35,14.44,True,3.66,37.9,False
3550,2026-04-29,Pune,North Indian,201.41,16.49,True,4.25,37.1,False
3551,2026-04-29,Ranchi,Chinese,331.67,15.36,False,4.58,37.7,False
3552,2026-04-29,Bhopal,South Indian,170.55,12.99,False,4.53,44.5,False
3553,2026-04-29,Bengaluru,South Indian,286.28,19.23,True,4.16,31.7,False
3554,2026-04-29,Surat,Italian,575.51,10.88,False,4.5,36.5,False
3555,2026-04-29,Chennai,Chinese,247.04,13.48,False,3.41,25.2,False
3556,2026-04-30,Ahmedabad,North Indian,468.85,13.84,False,3.76,43.9,False
3557,2026-04-30,Ranchi,Italian,482.63,15.74,True,,42.4,False
3558,2026-04-30,Hyderabad,North Indian,327.47,13.16,True,3.6,31.8,False
3559,2026-04-30,Chennai,South Indian,207.76,13.58,False,4.66,41.0,False
3560,2026-04-30,Ahmedabad,North Indian,371.77,13.14,False,4.2,42.5,False
3561,2026-04-30,Delhi,North Indian,280.35,9.88,True,4.18,31.3,False
3562,2026-04-30,Bengaluru,North Indian,446.9,14.49,True,4.24,30.2,False
3563,2026-04-30,Ranchi,Chinese,356.19,9.59,True,4.1,24.0,False
3564,2026-04-30,Mumbai,Italian,537.12,14.35,True,4.14,36.4,False
3565,2026-04-30,Bhopal,North Indian,442.0,19.39,True,4.15,25.2,False
3566,2026-04-30,Mumbai,Chinese,411.41,15.15,False,4.32,34.1,False
3567,2026-04-30,Bengaluru,Desserts & Bakery,153.86,15.14,True,4.14,29.0,False
3568,2026-04-30,Nagpur,North Indian,500.03,15.79,False,3.81,35.0,False
3569,2026-04-30,Chennai,Chinese,351.23,12.17,True,,30.3,False
3570,2026-04-30,Surat,Chinese,251.56,15.83,True,3.78,42.7,False
3571,2026-04-30,Bhopal,Italian,542.09,14.09,False,4.62,46.3,False
3572,2026-04-30,Mumbai,South Indian,200.08,12.38,False,4.05,26.9,False
3573,2026-04-30,Surat,Chinese,352.53,16.18,True,4.28,45.1,False
3574,2026-04-30,Bhopal,North Indian,472.28,13.01,True,4.32,28.2,False
3575,2026-04-30,Chennai,Chinese,368.91,16.37,True,4.03,32.2,False
3576,2026-04-30,Mumbai,North Indian,629.43,15.98,True,3.33,36.2,False
3577,2026-04-30,Mumbai,South Indian,206.24,13.63,True,4.68,47.5,False
3578,2026-04-30,Nagpur,North Indian,325.89,12.5,False,3.9,41.4,False
3579,2026-04-30,Nagpur,Chinese,252.19,13.38,True,4.65,27.0,False
3580,2026-04-30,Mumbai,North Indian,323.66,13.55,True,3.79,39.7,False
3581,2026-04-30,Delhi,North Indian,473.22,15.32,True,4.38,31.4,False
3582,2026-04-30,Bhopal,North Indian,598.14,13.02,False,4.67,34.3,False
3583,2026-04-30,Surat,Italian,531.76,13.04,False,4.42,29.2,False
3584,2026-04-30,Ahmedabad,North Indian,493.92,15.5,False,3.81,29.4,False
3585,2026-04-30,Chennai,South Indian,348.78,17.23,True,4.38,32.9,False
3586,2026-04-30,Pune,North Indian,492.69,12.82,False,,31.7,False
3587,2026-04-30,Chennai,North Indian,470.78,13.57,True,3.96,34.5,False
3588,2026-04-30,Delhi,Italian,369.61,11.96,False,4.29,38.2,False
3589,2026-04-30,Mumbai,Chinese,392.3,17.78,True,4.4,27.5,False
3590,2026-04-30,Mumbai,North Indian,394.21,13.82,True,3.84,47.0,False
3591,2026-04-30,Mumbai,South Indian,316.91,15.24,False,4.37,25.3,False
3592,2026-04-30,Delhi,North Indian,230.41,12.11,True,4.03,36.7,False
3593,2026-04-30,Nagpur,Italian,418.34,13.2,False,4.2,38.5,False
3594,2026-04-30,Chennai,Chinese,250.5,14.85,False,4.85,29.7,False
3595,2026-04-30,Nagpur,Italian,487.92,15.12,True,5.0,42.9,False
3596,2026-04-30,Delhi,Chinese,379.77,15.62,True,4.61,40.8,False
3597,2026-04-30,Ranchi,Chinese,433.16,13.11,True,4.29,27.6,False
3598,2026-04-30,Hyderabad,Chinese,298.44,15.57,False,4.54,31.7,False
3599,2026-04-30,Ranchi,North Indian,296.19,15.61,False,3.92,28.5,False
3600,2026-04-30,Delhi,South Indian,134.54,15.57,True,4.62,31.3,False
3601,2026-04-30,Pune,South Indian,168.98,14.39,True,,28.3,False
3602,2026-04-30,Pune,South Indian,204.86,10.19,True,4.1,37.9,False
3603,2026-04-30,Ranchi,South Indian,283.06,14.48,True,4.31,34.9,False
3604,2026-04-30,Delhi,Chinese,290.29,14.03,False,,34.7,False
3605,2026-04-30,Bhopal,Chinese,434.5,14.31,True,3.95,27.2,False
3606,2026-04-30,Hyderabad,Chinese,425.56,13.03,True,4.35,27.5,False
3607,2026-04-30,Ranchi,South Indian,161.21,14.65,True,4.18,38.1,False
3608,2026-04-30,Bhopal,North Indian,519.88,16.0,False,3.73,41.4,False
3609,2026-04-30,Kochi,South Indian,268.4,13.55,True,3.64,25.5,False
3610,2026-04-30,Kochi,Desserts & Bakery,260.19,14.21,True,3.8,33.7,False
3611,2026-04-30,Bengaluru,Italian,264.14,12.17,False,4.03,31.0,False
3612,2026-04-30,Ranchi,Desserts & Bakery,289.39,12.86,False,4.1,38.4,False
3613,2026-04-30,Delhi,North Indian,387.37,15.72,True,3.32,39.2,False
3614,2026-04-30,Chandigarh,South Indian,214.06,12.58,False,,26.6,False
3615,2026-04-30,Surat,Italian,426.24,12.61,True,4.07,29.0,False
3616,2026-04-30,Pune,North Indian,391.69,14.43,True,3.31,29.8,False
3617,2026-04-30,Delhi,North Indian,471.72,15.83,False,4.0,39.7,False
3618,2026-04-30,Hyderabad,Italian,687.65,14.83,False,4.32,33.0,False
3619,2026-04-30,Surat,Chinese,263.81,14.0,True,4.69,26.0,False
3620,2026-04-30,Delhi,Chinese,367.62,13.73,False,4.71,28.4,False
3621,2026-04-30,Chennai,Desserts & Bakery,196.24,17.24,False,,38.6,False
3622,2026-04-30,Guwahati,North Indian,347.41,15.77,True,4.52,24.3,False
3623,2026-04-30,Hyderabad,South Indian,342.16,13.32,True,4.36,43.2,False
3624,2026-04-30,Mumbai,South Indian,287.92,14.29,False,4.22,30.3,False
3625,2026-04-30,Delhi,Italian,576.05,14.88,False,,34.3,False
3626,2026-04-30,Bhopal,North Indian,446.13,18.2,False,4.74,32.9,False
3627,2026-04-30,Chennai,South Indian,316.41,15.54,False,3.8,42.9,False
3628,2026-04-30,Surat,Desserts & Bakery,188.68,15.14,False,4.57,36.1,False
3629,2026-04-30,Pune,North Indian,215.5,14.67,True,4.15,37.3,False
3630,2026-04-30,Mumbai,South Indian,236.74,15.54,False,4.2,35.2,False
3631,2026-04-30,Kochi,South Indian,244.03,11.83,True,4.18,33.6,False
3632,2026-04-30,Nagpur,South Indian,240.94,14.4,True,3.64,27.5,False
3633,2026-04-30,Chandigarh,Chinese,314.61,16.29,True,4.57,19.1,False
3634,2026-04-30,Chandigarh,Italian,511.66,14.44,False,3.7,39.3,False
3635,2026-04-30,Ahmedabad,Chinese,547.04,11.26,True,4.94,33.5,False
3636,2026-04-30,Chennai,Chinese,212.7,13.27,True,4.52,24.1,False
3637,2026-04-30,Guwahati,Desserts & Bakery,207.04,12.74,True,4.39,40.1,False
3638,2026-04-30,Hyderabad,Chinese,409.56,10.56,False,4.36,38.3,False
3639,2026-04-30,Kochi,Chinese,354.68,18.33,True,4.17,39.3,False
3640,2026-04-30,Ranchi,Chinese,365.7,11.88,True,3.97,36.8,False
3641,2026-04-30,Chennai,Desserts & Bakery,206.47,15.65,False,4.36,38.7,False
3642,2026-04-30,Pune,Italian,521.57,17.37,True,4.23,32.8,False
3643,2026-04-30,Delhi,Chinese,281.44,14.03,False,3.48,35.1,False
3644,2026-04-30,Hyderabad,Italian,312.16,16.38,False,4.39,43.6,False
3645,2026-04-30,Mumbai,Chinese,451.18,17.06,True,3.97,36.6,False
3646,2026-04-30,Chennai,North Indian,235.72,13.46,False,3.88,21.5,False
3647,2026-04-30,Ranchi,South Indian,204.07,16.8,True,3.48,51.6,False
3648,2026-04-30,Chandigarh,South Indian,231.35,15.3,False,4.66,33.6,False
3649,2026-04-30,Chennai,South Indian,146.78,12.23,True,4.21,42.6,False
3650,2026-04-30,Delhi,Italian,631.96,14.07,True,3.74,49.4,False
3651,2026-04-30,Delhi,South Indian,302.13,12.09,False,4.35,34.8,False
3652,2026-04-30,Nagpur,South Indian,265.13,16.46,True,4.0,28.8,False
3653,2026-04-30,Mumbai,Chinese,321.9,10.16,True,4.25,28.5,False
3654,2026-04-30,Ahmedabad,North Indian,334.91,16.54,True,3.87,12.8,False
3655,2026-04-30,Hyderabad,Chinese,563.62,17.69,True,4.6,27.0,False
3656,2026-04-30,Nagpur,South Indian,327.73,16.64,True,3.82,43.0,False
3657,2026-04-30,Kochi,South Indian,231.88,13.06,True,4.2,27.6,False
3658,2026-04-30,Chandigarh,North Indian,392.88,11.21,False,4.87,33.1,False
3659,2026-04-30,Bhopal,Italian,917.72,13.8,False,4.56,20.5,False
3660,2026-04-30,Nagpur,North Indian,503.47,14.79,False,4.79,32.4,False
3661,2026-04-30,Pune,Desserts & Bakery,187.36,15.79,True,4.47,41.7,False
3662,2026-04-30,Hyderabad,North Indian,461.13,18.44,True,,32.8,False
3663,2026-04-30,Bengaluru,South Indian,290.16,14.5,True,,35.8,False
3664,2026-04-30,Hyderabad,North Indian,456.39,17.14,False,3.54,41.4,False
3665,2026-04-30,Mumbai,Italian,759.08,9.55,True,,20.7,False
3666,2026-04-30,Ranchi,Chinese,326.54,15.57,False,,15.5,False
3667,2026-05-01,Chennai,Chinese,395.53,13.85,True,4.04,36.5,False
3668,2026-05-01,Hyderabad,Chinese,398.65,14.84,False,4.62,31.4,False
3669,2026-05-01,Bhopal,Desserts & Bakery,172.32,12.41,False,3.47,28.3,False
3670,2026-05-01,Kochi,Chinese,350.16,14.81,True,,36.3,False
3671,2026-05-01,Mumbai,North Indian,449.8,11.47,False,3.91,39.5,False
3672,2026-05-01,Delhi,North Indian,509.44,16.09,True,4.11,30.3,False
3673,2026-05-01,Pune,Italian,420.03,12.48,True,3.9,34.9,False
3674,2026-05-01,Mumbai,Desserts & Bakery,171.73,18.58,False,4.27,29.0,False
3675,2026-05-01,Surat,Italian,508.6,14.05,False,3.69,28.2,False
3676,2026-05-01,Surat,North Indian,510.06,14.32,True,3.78,40.2,False
3677,2026-05-01,Chandigarh,North Indian,358.0,12.99,True,4.13,31.6,False
3678,2026-05-01,Pune,North Indian,576.51,11.83,False,4.33,40.3,False
3679,2026-05-01,Bengaluru,North Indian,629.97,16.12,True,4.17,38.9,False
3680,2026-05-01,Chennai,North Indian,297.6,14.91,True,4.5,22.0,False
3681,2026-05-01,Surat,Chinese,245.76,14.82,True,4.58,34.1,False
3682,2026-05-01,Kochi,Chinese,473.65,14.43,True,4.12,24.2,False
3683,2026-05-01,Chandigarh,North Indian,556.92,13.67,True,4.49,36.9,False
3684,2026-05-01,Hyderabad,Chinese,345.96,14.17,True,4.34,24.1,False
3685,2026-05-01,Delhi,Italian,640.6,17.18,False,4.14,36.4,False
3686,2026-05-01,Mumbai,North Indian,655.02,13.96,True,,45.9,False
3687,2026-05-01,Mumbai,Chinese,448.43,17.17,True,3.68,38.4,False
3688,2026-05-01,Kochi,North Indian,506.07,16.98,True,3.76,31.9,False
3689,2026-05-01,Hyderabad,Desserts & Bakery,285.37,15.28,False,4.3,20.0,False
3690,2026-05-01,Chandigarh,South Indian,265.7,16.17,False,4.16,36.0,False
3691,2026-05-01,Chandigarh,Desserts & Bakery,149.16,13.37,True,3.9,49.7,False
3692,2026-05-01,Bengaluru,South Indian,323.81,13.61,False,4.63,37.3,False
3693,2026-05-01,Pune,Chinese,341.28,15.62,False,4.59,28.0,False
3694,2026-05-01,Hyderabad,North Indian,465.53,15.96,True,4.7,34.8,False
3695,2026-05-01,Bengaluru,North Indian,415.1,12.48,True,4.3,23.0,False
3696,2026-05-01,Bhopal,North Indian,498.65,15.94,True,4.25,35.5,False
3697,2026-05-01,Delhi,Chinese,360.51,11.35,True,4.05,41.9,False
3698,2026-05-01,Bengaluru,South Indian,234.45,15.43,False,4.02,21.6,False
3699,2026-05-01,Surat,Desserts & Bakery,238.43,17.7,False,3.93,49.2,False
3700,2026-05-01,Surat,Desserts & Bakery,237.79,10.75,False,3.85,28.9,False
3701,2026-05-01,Ranchi,Chinese,348.08,16.3,True,3.18,33.5,False
3702,2026-05-01,Mumbai,Desserts & Bakery,252.03,17.27,True,4.14,32.2,False
3703,2026-05-01,Kochi,Desserts & Bakery,189.62,13.42,False,4.33,29.1,False
3704,2026-05-01,Chandigarh,North Indian,546.93,14.9,True,,27.4,False
3705,2026-05-01,Nagpur,South Indian,263.62,13.25,False,4.27,31.0,False
3706,2026-05-01,Bengaluru,North Indian,362.04,15.82,True,3.86,32.5,False
3707,2026-05-01,Delhi,Chinese,385.17,12.87,True,3.24,29.4,False
3708,2026-05-01,Mumbai,North Indian,427.31,13.44,True,3.89,30.0,False
3709,2026-05-01,Ranchi,Desserts & Bakery,163.37,13.09,True,4.39,43.6,False
3710,2026-05-01,Kochi,North Indian,436.62,17.55,False,4.19,34.3,False
3711,2026-05-01,Chandigarh,North Indian,358.11,13.22,True,4.5,30.8,False
3712,2026-05-01,Guwahati,Italian,669.77,15.97,True,4.18,23.3,False
3713,2026-05-01,Ranchi,Italian,434.47,13.71,False,4.53,28.4,False
3714,2026-05-01,Surat,North Indian,466.7,11.66,True,4.29,37.3,False
3715,2026-05-01,Ranchi,South Indian,240.15,13.87,True,4.71,45.2,False
3716,2026-05-01,Bhopal,Chinese,385.09,15.48,True,,36.5,False
3717,2026-05-01,Delhi,Italian,450.76,13.0,True,,28.9,False
3718,2026-05-01,Ahmedabad,Italian,591.69,12.86,False,4.84,35.6,False
3719,2026-05-01,Pune,North Indian,398.83,12.65,True,3.73,44.8,False
3720,2026-05-01,Bengaluru,North Indian,592.25,16.38,False,4.55,32.2,False
3721,2026-05-01,Chandigarh,North Indian,430.1,16.72,True,3.69,45.5,False
3722,2026-05-01,Chandigarh,Chinese,385.95,12.68,False,4.15,30.7,False
3723,2026-05-01,Pune,Chinese,316.68,13.07,False,4.13,36.0,False
3724,2026-05-01,Bengaluru,South Indian,422.64,15.78,True,4.28,34.4,False
3725,2026-05-01,Mumbai,North Indian,475.92,18.3,True,4.4,31.0,False
3726,2026-05-01,Guwahati,North Indian,584.32,15.58,False,4.12,18.9,False
3727,2026-05-01,Guwahati,South Indian,253.85,12.05,False,4.47,41.9,False
3728,2026-05-01,Hyderabad,South Indian,263.23,16.41,True,4.44,35.7,False
3729,2026-05-01,Delhi,South Indian,185.92,16.49,False,4.17,23.0,False
3730,2026-05-01,Delhi,North Indian,242.94,17.94,True,4.19,33.4,False
3731,2026-05-01,Bengaluru,Chinese,434.74,11.86,True,3.96,33.4,False
3732,2026-05-01,Ahmedabad,Italian,376.01,15.42,True,4.48,30.6,False
3733,2026-05-01,Pune,Chinese,351.07,15.85,False,,40.8,False
3734,2026-05-01,Pune,Desserts & Bakery,192.79,11.09,True,4.43,30.3,False
3735,2026-05-01,Mumbai,South Indian,151.48,13.45,True,4.03,29.2,False
3736,2026-05-01,Delhi,North Indian,440.47,13.35,False,4.15,56.2,False
3737,2026-05-01,Pune,Chinese,333.52,17.62,True,3.79,33.0,False
3738,2026-05-01,Bhopal,Chinese,211.25,14.75,True,4.1,44.6,False
3739,2026-05-01,Mumbai,Chinese,480.51,14.49,False,4.24,36.8,False
3740,2026-05-01,Mumbai,South Indian,291.12,11.26,False,,44.3,False
3741,2026-05-01,Delhi,Desserts & Bakery,194.01,17.3,False,3.93,37.7,False
3742,2026-05-01,Mumbai,South Indian,342.55,13.11,True,4.12,30.8,False
3743,2026-05-01,Bengaluru,North Indian,384.39,16.55,False,3.86,26.1,False
3744,2026-05-01,Kochi,North Indian,433.1,15.56,True,3.73,30.0,False
3745,2026-05-01,Pune,South Indian,191.35,12.24,False,4.43,33.3,False
3746,2026-05-01,Hyderabad,North Indian,358.35,17.52,False,4.48,37.3,False
3747,2026-05-01,Mumbai,Chinese,323.2,14.98,False,4.79,38.3,False
3748,2026-05-01,Hyderabad,North Indian,380.44,11.58,True,4.31,45.1,False
3749,2026-05-01,Ahmedabad,South Indian,211.91,14.82,False,4.17,34.5,False
3750,2026-05-01,Surat,Italian,525.94,18.18,True,3.96,36.8,False
3751,2026-05-01,Mumbai,North Indian,566.59,14.0,False,4.07,31.8,False
3752,2026-05-01,Bengaluru,South Indian,243.61,17.58,True,4.19,29.3,False
3753,2026-05-01,Pune,Chinese,360.87,12.21,False,3.92,48.5,False
3754,2026-05-01,Mumbai,South Indian,217.07,11.57,True,3.84,38.1,False
3755,2026-05-01,Chennai,North Indian,552.2,15.97,False,,20.8,False
3756,2026-05-01,Pune,Desserts & Bakery,204.44,16.11,False,4.02,27.2,False
3757,2026-05-01,Bhopal,Italian,486.97,14.07,False,3.76,26.4,False
3758,2026-05-01,Surat,Desserts & Bakery,252.0,17.43,True,,27.6,False
3759,2026-05-01,Delhi,North Indian,337.47,17.35,True,,29.3,False
3760,2026-05-01,Ahmedabad,North Indian,366.15,14.84,True,4.0,35.4,False
3761,2026-05-01,Bengaluru,North Indian,327.98,16.43,True,3.72,44.7,False
3762,2026-05-01,Delhi,South Indian,334.06,16.37,False,4.54,36.2,False
3763,2026-05-01,Chennai,North Indian,561.15,14.49,True,,43.4,False
3764,2026-05-01,Ahmedabad,South Indian,321.93,17.75,True,4.55,34.5,False
3765,2026-05-01,Surat,North Indian,315.88,14.68,False,3.88,30.2,False
3766,2026-05-01,Guwahati,Desserts & Bakery,218.73,13.75,True,4.1,29.3,False
3767,2026-05-01,Bhopal,Chinese,460.64,14.16,True,4.21,28.6,False
3768,2026-05-01,Chandigarh,South Indian,284.28,15.31,True,4.95,45.1,False
3769,2026-05-01,Chennai,Chinese,320.61,14.34,True,4.37,27.0,False
3770,2026-05-01,Delhi,North Indian,574.69,16.0,True,3.66,29.4,False
3771,2026-05-01,Bhopal,South Indian,316.45,15.72,True,3.56,29.3,False
3772,2026-05-01,Chennai,South Indian,157.95,10.65,True,3.83,26.5,False
3773,2026-05-01,Delhi,Chinese,463.14,14.77,False,,37.1,False
3774,2026-05-01,Ahmedabad,Chinese,330.34,15.69,False,4.07,23.5,False
3775,2026-05-01,Surat,South Indian,266.68,17.64,False,3.75,29.6,False
3776,2026-05-01,Nagpur,North Indian,458.24,16.2,True,3.87,38.6,False
3777,2026-05-01,Pune,Desserts & Bakery,215.74,14.28,False,4.83,31.6,False
3778,2026-05-01,Hyderabad,North Indian,501.62,15.74,True,4.44,30.9,False
3779,2026-05-01,Delhi,North Indian,279.68,14.64,False,3.95,41.4,False
3780,2026-05-01,Surat,North Indian,432.67,15.12,True,4.18,26.3,False
3781,2026-05-01,Delhi,North Indian,286.35,12.16,False,3.76,42.0,False
3782,2026-05-01,Delhi,Chinese,275.81,11.97,True,,38.8,False
3783,2026-05-01,Mumbai,Desserts & Bakery,224.7,16.16,False,,38.6,False
3784,2026-05-01,Hyderabad,South Indian,303.1,15.42,True,3.5,29.8,False
3785,2026-05-01,Delhi,South Indian,259.93,11.87,True,3.64,31.9,False
3786,2026-05-01,Guwahati,Chinese,422.58,12.35,True,4.36,34.9,False
3787,2026-05-01,Mumbai,Chinese,368.75,13.89,True,4.64,45.1,False
3788,2026-05-01,Chandigarh,Chinese,445.07,14.5,False,,28.8,False
3789,2026-05-01,Bengaluru,Desserts & Bakery,209.37,9.13,False,,23.4,False
3790,2026-05-01,Pune,North Indian,484.83,12.72,False,3.6,42.3,False
3791,2026-05-01,Delhi,Chinese,236.45,16.34,True,4.31,31.7,False
3792,2026-05-01,Bhopal,Chinese,362.16,14.42,False,4.11,37.3,False
3793,2026-05-01,Ahmedabad,North Indian,710.61,11.16,True,3.76,50.2,False
3794,2026-05-01,Nagpur,South Indian,251.62,14.39,False,3.97,14.7,False
3795,2026-05-01,Bengaluru,Italian,516.04,12.98,False,4.05,44.3,False
3796,2026-05-02,Chennai,Chinese,425.67,13.57,True,3.77,38.4,True
3797,2026-05-02,Delhi,Italian,654.41,14.28,True,4.35,35.1,True
3798,2026-05-02,Bengaluru,Italian,452.41,14.54,True,3.99,31.3,True
3799,2026-05-02,Ahmedabad,Chinese,286.17,12.13,False,4.24,38.8,True
3800,2026-05-02,Delhi,South Indian,224.14,12.31,True,4.2,41.1,True
3801,2026-05-02,Hyderabad,North Indian,444.64,15.49,True,3.89,33.2,True
3802,2026-05-02,Bengaluru,North Indian,614.78,13.3,True,3.79,38.0,True
3803,2026-05-02,Chandigarh,Chinese,511.01,11.98,False,4.15,52.0,True
3804,2026-05-02,Hyderabad,North Indian,409.06,14.02,False,4.91,36.2,True
3805,2026-05-02,Nagpur,North Indian,475.66,12.0,True,4.31,47.7,True
3806,2026-05-02,Bengaluru,Chinese,398.05,16.3,False,4.1,29.4,True
3807,2026-05-02,Ahmedabad,North Indian,295.38,12.65,False,4.28,28.3,True
3808,2026-05-02,Bhopal,Italian,629.36,13.11,False,4.34,36.3,True
3809,2026-05-02,Guwahati,North Indian,458.53,17.59,False,4.24,32.8,True
3810,2026-05-02,Kochi,North Indian,421.64,13.91,False,3.66,28.2,True
3811,2026-05-02,Delhi,North Indian,222.1,9.36,True,3.45,38.4,True
3812,2026-05-02,Bengaluru,North Indian,445.59,9.87,False,4.79,30.9,True
3813,2026-05-02,Ranchi,Chinese,429.27,13.21,False,4.15,31.6,True
3814,2026-05-02,Kochi,North Indian,419.86,15.24,False,4.38,27.3,True
3815,2026-05-02,Pune,Italian,629.38,15.48,True,4.18,28.5,True
3816,2026-05-02,Chandigarh,South Indian,294.56,15.01,True,4.32,39.3,True
3817,2026-05-02,Hyderabad,Desserts & Bakery,150.45,14.8,False,4.58,26.9,True
3818,2026-05-02,Bengaluru,South Indian,327.66,16.93,False,4.54,37.0,True
3819,2026-05-02,Ahmedabad,North Indian,297.32,12.38,True,3.72,31.1,True
3820,2026-05-02,Bengaluru,Italian,540.62,18.67,True,3.94,25.0,True
3821,2026-05-02,Chandigarh,South Indian,245.92,16.99,False,4.46,21.4,True
3822,2026-05-02,Delhi,Chinese,416.67,13.71,True,4.0,31.3,True
3823,2026-05-02,Bhopal,Italian,637.47,14.52,False,4.73,41.0,True
3824,2026-05-02,Bhopal,North Indian,526.68,14.96,True,,52.1,True
3825,2026-05-02,Nagpur,South Indian,248.45,16.55,False,3.89,27.9,True
3826,2026-05-02,Pune,South Indian,272.38,12.25,True,4.2,35.0,True
3827,2026-05-02,Guwahati,South Indian,201.06,13.85,False,3.67,30.9,True
3828,2026-05-02,Pune,North Indian,564.7,14.08,True,4.76,32.8,True
3829,2026-05-02,Surat,Desserts & Bakery,195.71,11.47,False,4.34,29.9,True
3830,2026-05-02,Ranchi,Chinese,352.73,15.43,True,3.77,26.5,True
3831,2026-05-02,Nagpur,North Indian,377.13,14.45,False,4.0,37.8,True
3832,2026-05-02,Hyderabad,Chinese,234.43,14.4,True,4.31,21.9,True
3833,2026-05-02,Surat,North Indian,329.62,11.65,False,4.13,30.8,True
3834,2026-05-02,Kochi,Chinese,309.96,17.73,True,4.23,31.3,True
3835,2026-05-02,Guwahati,North Indian,330.04,13.32,False,,37.4,True
3836,2026-05-02,Guwahati,Italian,525.36,14.29,False,3.82,31.9,True
3837,2026-05-02,Ahmedabad,North Indian,402.31,18.06,True,4.47,30.2,True
3838,2026-05-02,Delhi,Chinese,263.79,13.7,True,3.95,31.2,True
3839,2026-05-02,Nagpur,Desserts & Bakery,288.07,17.82,True,4.24,31.0,True
3840,2026-05-02,Delhi,Desserts & Bakery,181.16,14.66,False,,37.4,True
3841,2026-05-02,Nagpur,Chinese,347.69,12.48,True,4.1,36.2,True
3842,2026-05-02,Ahmedabad,Chinese,303.82,13.99,False,4.28,31.7,True
3843,2026-05-02,Nagpur,South Indian,230.42,17.05,True,4.09,36.6,True
3844,2026-05-02,Ahmedabad,North Indian,275.04,16.95,True,3.7,39.7,True
3845,2026-05-02,Ranchi,North Indian,402.0,13.15,True,4.35,32.0,True
3846,2026-05-02,Nagpur,South Indian,283.73,13.42,False,,28.3,True
3847,2026-05-02,Pune,Chinese,394.01,17.24,True,4.72,22.3,True
3848,2026-05-02,Chandigarh,North Indian,507.12,11.07,False,4.14,40.3,True
3849,2026-05-02,Bengaluru,Desserts & Bakery,205.59,15.87,False,,45.1,True
3850,2026-05-02,Ranchi,Chinese,471.21,15.16,True,4.54,34.0,True
3851,2026-05-02,Bengaluru,North Indian,415.85,13.51,True,4.18,34.8,True
3852,2026-05-02,Chennai,Chinese,369.9,14.69,True,3.92,39.3,True
3853,2026-05-02,Bhopal,South Indian,312.28,15.47,False,4.13,37.3,True
3854,2026-05-02,Mumbai,North Indian,470.69,17.33,True,4.07,31.2,True
3855,2026-05-02,Bhopal,North Indian,373.82,12.85,False,4.13,23.5,True
3856,2026-05-02,Delhi,Desserts & Bakery,229.11,11.73,False,4.17,41.9,True
3857,2026-05-02,Ahmedabad,Italian,434.68,12.84,False,4.03,36.9,True
3858,2026-05-02,Nagpur,North Indian,367.43,16.35,True,4.62,36.5,True
3859,2026-05-02,Hyderabad,North Indian,287.16,15.0,True,3.77,33.7,True
3860,2026-05-02,Chennai,South Indian,253.18,15.31,False,4.45,32.5,True
3861,2026-05-02,Nagpur,Chinese,426.02,15.35,True,4.97,32.7,True
3862,2026-05-02,Pune,North Indian,482.65,16.17,True,4.13,30.0,True
3863,2026-05-02,Delhi,North Indian,438.72,13.48,False,3.92,33.1,True
3864,2026-05-02,Ahmedabad,Italian,546.56,11.29,False,3.99,34.9,True
3865,2026-05-02,Chandigarh,Italian,511.96,15.22,False,3.92,32.7,True
3866,2026-05-02,Ahmedabad,South Indian,325.05,11.03,True,3.62,39.5,True
3867,2026-05-02,Mumbai,Italian,544.08,11.88,False,4.52,31.5,True
3868,2026-05-02,Chennai,North Indian,413.0,14.71,True,4.29,40.0,True
3869,2026-05-02,Pune,North Indian,386.39,14.26,False,4.83,29.1,True
3870,2026-05-02,Ahmedabad,North Indian,220.56,17.53,True,4.17,31.4,True
3871,2026-05-02,Surat,North Indian,539.4,17.07,False,4.1,18.8,True
3872,2026-05-02,Bhopal,Chinese,502.2,15.92,True,4.6,34.1,True
3873,2026-05-02,Kochi,North Indian,277.64,16.69,True,4.26,37.4,True
3874,2026-05-02,Bengaluru,North Indian,348.17,15.65,True,4.18,30.0,True
3875,2026-05-02,Chennai,Chinese,207.9,15.24,True,3.76,33.7,True
3876,2026-05-02,Ahmedabad,South Indian,204.86,12.44,False,4.33,26.3,True
3877,2026-05-02,Surat,North Indian,378.46,11.67,False,4.09,34.8,True
3878,2026-05-02,Hyderabad,North Indian,415.87,13.88,False,4.5,40.1,True
3879,2026-05-02,Mumbai,North Indian,552.46,12.61,True,3.63,34.9,True
3880,2026-05-02,Ahmedabad,North Indian,521.95,14.91,True,3.96,48.0,True
3881,2026-05-02,Bhopal,Chinese,380.17,13.0,True,4.25,37.6,True
3882,2026-05-02,Ranchi,Chinese,310.38,17.13,True,3.85,31.2,True
3883,2026-05-02,Chandigarh,North Indian,320.04,14.66,False,4.39,28.6,True
3884,2026-05-02,Bengaluru,North Indian,372.83,13.52,True,3.67,25.6,True
3885,2026-05-02,Mumbai,Chinese,306.49,17.59,True,3.76,28.6,True
3886,2026-05-02,Chennai,Chinese,349.48,12.44,True,4.71,42.9,True
3887,2026-05-02,Nagpur,North Indian,396.5,11.75,False,4.35,18.3,True
3888,2026-05-02,Surat,North Indian,534.11,11.87,False,3.75,35.9,True
3889,2026-05-02,Pune,North Indian,339.03,14.89,True,4.53,27.6,True
3890,2026-05-02,Chandigarh,North Indian,396.14,12.02,False,4.19,23.9,True
3891,2026-05-02,Bhopal,Italian,378.97,11.2,True,3.71,39.7,True
3892,2026-05-02,Guwahati,North Indian,619.57,15.32,False,4.1,36.4,True
3893,2026-05-02,Bengaluru,Italian,534.57,14.32,True,4.52,39.6,True
3894,2026-05-02,Chennai,Chinese,226.52,15.7,True,,37.9,True
3895,2026-05-02,Delhi,North Indian,440.59,14.37,True,4.13,28.4,True
3896,2026-05-02,Pune,Desserts & Bakery,218.16,15.33,False,3.84,44.0,True
3897,2026-05-02,Ahmedabad,South Indian,343.44,18.28,True,4.35,35.6,True
3898,2026-05-02,Pune,North Indian,479.71,18.62,False,4.3,39.2,True
3899,2026-05-02,Mumbai,Chinese,250.08,16.01,True,3.51,32.1,True
3900,2026-05-02,Surat,North Indian,487.41,14.77,True,4.15,25.0,True
3901,2026-05-02,Nagpur,Chinese,414.81,17.44,False,4.88,28.8,True
3902,2026-05-02,Delhi,North Indian,357.95,15.61,False,4.14,30.1,True
3903,2026-05-02,Chennai,North Indian,388.16,19.54,False,4.63,33.6,True
3904,2026-05-02,Pune,North Indian,484.09,11.69,True,4.27,30.1,True
3905,2026-05-02,Pune,North Indian,304.35,12.12,False,4.23,43.4,True
3906,2026-05-02,Ahmedabad,South Indian,188.41,14.77,False,4.37,20.2,True
3907,2026-05-02,Surat,South Indian,334.32,16.01,False,,33.9,True
3908,2026-05-02,Pune,Desserts & Bakery,186.52,15.51,True,4.7,24.4,True
3909,2026-05-02,Delhi,Desserts & Bakery,303.96,15.9,False,4.13,31.0,True
3910,2026-05-02,Pune,South Indian,268.89,16.27,True,4.15,43.4,True
3911,2026-05-02,Ranchi,Chinese,516.19,10.98,False,,34.8,True
3912,2026-05-02,Mumbai,South Indian,265.57,16.37,False,3.91,27.0,True
3913,2026-05-02,Delhi,North Indian,309.85,14.44,False,4.59,30.9,True
3914,2026-05-02,Delhi,North Indian,568.68,14.26,False,3.87,33.0,True
3915,2026-05-02,Delhi,North Indian,480.8,16.12,False,3.94,31.3,True
3916,2026-05-02,Pune,Chinese,290.72,13.44,False,3.33,38.9,True
3917,2026-05-02,Chennai,North Indian,326.39,11.16,False,4.14,37.8,True
3918,2026-05-02,Pune,North Indian,481.97,14.14,False,,41.4,True
3919,2026-05-02,Surat,North Indian,515.87,12.96,True,4.16,27.9,True
3920,2026-05-02,Pune,Chinese,321.3,12.29,False,4.18,41.9,True
3921,2026-05-02,Mumbai,North Indian,498.8,15.91,False,4.18,21.2,True
3922,2026-05-02,Mumbai,North Indian,288.86,17.33,False,3.69,24.8,True
3923,2026-05-02,Delhi,North Indian,410.59,11.33,False,4.32,19.3,True
3924,2026-05-02,Pune,North Indian,484.56,16.2,False,4.2,27.1,True
3925,2026-05-02,Kochi,North Indian,384.68,12.09,True,3.95,38.7,True
3926,2026-05-02,Kochi,Desserts & Bakery,194.42,16.52,False,3.77,19.4,True
3927,2026-05-02,Chandigarh,South Indian,165.89,13.66,False,4.14,33.6,True
3928,2026-05-02,Pune,North Indian,412.95,16.58,True,4.04,31.7,True
3929,2026-05-02,Bengaluru,Chinese,427.69,14.58,False,4.47,29.9,True
3930,2026-05-02,Chandigarh,Desserts & Bakery,188.38,12.12,False,4.34,32.9,True
3931,2026-05-02,Ranchi,North Indian,447.8,13.32,True,3.88,24.1,True
3932,2026-05-02,Hyderabad,North Indian,414.99,11.24,True,,36.3,True
3933,2026-05-02,Nagpur,North Indian,521.1,14.94,True,3.65,35.1,True
3934,2026-05-02,Bhopal,Desserts & Bakery,258.69,16.65,False,4.15,29.1,True
3935,2026-05-02,Delhi,South Indian,260.02,12.61,True,3.88,24.9,True
3936,2026-05-02,Chandigarh,Chinese,331.35,16.59,False,4.49,28.3,True
3937,2026-05-02,Guwahati,Chinese,410.47,16.89,True,4.82,29.8,True
3938,2026-05-02,Ranchi,Italian,586.42,15.66,False,4.23,34.4,True
3939,2026-05-02,Nagpur,South Indian,152.93,15.86,True,3.96,38.4,True
3940,2026-05-02,Hyderabad,Chinese,390.48,11.74,True,3.86,47.7,True
3941,2026-05-02,Bengaluru,North Indian,495.14,13.15,False,4.0,42.4,True
3942,2026-05-02,Pune,North Indian,353.54,14.98,True,4.79,52.7,True
3943,2026-05-03,Surat,Chinese,234.28,14.41,False,3.81,29.9,True
3944,2026-05-03,Guwahati,North Indian,428.43,14.51,True,3.99,53.2,True
3945,2026-05-03,Bengaluru,Chinese,380.33,14.62,True,3.72,22.3,True
3946,2026-05-03,Delhi,Desserts & Bakery,168.89,12.3,True,,40.0,True
3947,2026-05-03,Delhi,South Indian,283.44,16.1,False,4.28,47.6,True
3948,2026-05-03,Kochi,Desserts & Bakery,208.92,14.66,True,4.63,42.2,True
3949,2026-05-03,Hyderabad,South Indian,232.27,12.09,False,3.3,37.8,True
3950,2026-05-03,Bhopal,Chinese,333.35,19.96,False,4.23,41.9,True
3951,2026-05-03,Bengaluru,Desserts & Bakery,215.93,16.38,True,3.81,28.0,True
3952,2026-05-03,Bengaluru,South Indian,322.09,12.3,False,4.41,29.4,True
3953,2026-05-03,Bengaluru,North Indian,420.29,14.85,False,4.21,43.9,True
3954,2026-05-03,Chandigarh,Desserts & Bakery,189.41,12.74,False,4.52,28.7,True
3955,2026-05-03,Hyderabad,Chinese,354.6,15.01,False,4.5,33.0,True
3956,2026-05-03,Bengaluru,North Indian,293.43,14.27,True,4.21,22.5,True
3957,2026-05-03,Bengaluru,Chinese,422.86,14.26,True,4.05,33.1,True
3958,2026-05-03,Hyderabad,Desserts & Bakery,141.18,13.97,True,4.76,46.5,True
3959,2026-05-03,Nagpur,Italian,395.21,10.72,False,3.85,29.2,True
3960,2026-05-03,Hyderabad,North Indian,370.21,10.36,False,3.96,42.2,True
3961,2026-05-03,Hyderabad,Italian,455.69,15.6,True,4.33,33.2,True
3962,2026-05-03,Mumbai,Italian,525.4,15.52,False,3.84,36.2,True
3963,2026-05-03,Surat,South Indian,285.12,13.53,True,4.15,44.9,True
3964,2026-05-03,Kochi,Chinese,392.07,12.64,True,4.46,29.3,True
3965,2026-05-03,Bengaluru,Chinese,382.79,15.58,True,3.95,47.1,True
3966,2026-05-03,Pune,Chinese,296.62,11.7,True,3.87,27.3,True
3967,2026-05-03,Guwahati,North Indian,349.65,15.37,False,4.1,22.2,True
3968,2026-05-03,Kochi,North Indian,451.23,18.6,True,3.9,30.1,True
3969,2026-05-03,Bengaluru,Chinese,410.18,15.73,True,4.44,18.4,True
3970,2026-05-03,Bhopal,North Indian,186.98,12.87,True,3.72,40.5,True
3971,2026-05-03,Pune,South Indian,227.66,14.65,False,4.35,28.6,True
3972,2026-05-03,Chennai,South Indian,170.87,16.33,True,4.55,32.2,True
3973,2026-05-03,Kochi,North Indian,401.06,13.49,True,4.43,36.3,True
3974,2026-05-03,Bengaluru,Chinese,465.68,13.03,True,4.46,30.1,True
3975,2026-05-03,Ranchi,South Indian,266.16,14.74,True,3.79,44.6,True
3976,2026-05-03,Nagpur,Italian,555.63,18.65,False,3.85,31.7,True
3977,2026-05-03,Surat,North Indian,564.25,14.2,False,4.38,43.6,True
3978,2026-05-03,Bengaluru,Desserts & Bakery,244.19,12.81,False,4.69,39.1,True
3979,2026-05-03,Delhi,Italian,513.53,13.92,False,3.89,29.4,True
3980,2026-05-03,Chennai,South Indian,315.6,15.84,True,4.26,31.7,True
3981,2026-05-03,Pune,Chinese,361.15,16.5,False,4.1,17.2,True
3982,2026-05-03,Guwahati,Chinese,347.84,14.56,True,,44.5,True
3983,2026-05-03,Pune,North Indian,475.75,14.77,False,3.72,39.6,True
3984,2026-05-03,Mumbai,South Indian,237.04,15.23,True,4.21,32.7,True
3985,2026-05-03,Mumbai,Chinese,292.6,16.94,True,3.98,29.3,True
3986,2026-05-03,Mumbai,Chinese,352.57,16.08,False,4.06,41.1,True
3987,2026-05-03,Pune,South Indian,289.79,13.58,True,3.48,31.3,True
3988,2026-05-03,Bhopal,Chinese,306.16,13.55,True,3.6,18.1,True
3989,2026-05-03,Bengaluru,North Indian,302.17,16.17,False,3.73,42.7,True
3990,2026-05-03,Chandigarh,Desserts & Bakery,195.99,11.94,True,4.42,33.3,True
3991,2026-05-03,Delhi,Italian,445.89,12.88,False,,45.7,True
3992,2026-05-03,Delhi,Chinese,312.93,14.14,False,4.12,35.3,True
3993,2026-05-03,Chandigarh,South Indian,165.54,15.6,False,4.16,32.9,True
3994,2026-05-03,Ranchi,North Indian,447.4,12.22,True,4.31,40.3,True
3995,2026-05-03,Bhopal,Desserts & Bakery,192.11,13.14,True,4.49,21.2,True
3996,2026-05-03,Delhi,North Indian,346.11,13.42,True,4.68,32.5,True
3997,2026-05-03,Kochi,North Indian,505.13,16.35,False,3.78,37.8,True
3998,2026-05-03,Ahmedabad,Italian,763.55,16.09,True,4.4,44.5,True
3999,2026-05-03,Mumbai,North Indian,291.66,11.78,True,4.25,42.0,True
4000,2026-05-03,Ranchi,Italian,420.24,12.9,True,4.0,32.2,True
4001,2026-05-03,Chennai,South Indian,249.24,16.82,True,4.27,32.7,True
4002,2026-05-03,Delhi,Chinese,419.86,15.91,False,3.54,48.4,True
4003,2026-05-03,Hyderabad,Chinese,249.53,15.25,True,,40.0,True
4004,2026-05-03,Ahmedabad,North Indian,473.25,13.43,True,4.36,24.7,True
4005,2026-05-03,Mumbai,Desserts & Bakery,159.57,14.45,True,3.42,56.1,True
4006,2026-05-03,Hyderabad,South Indian,265.28,14.23,True,4.62,38.3,True
4007,2026-05-03,Ranchi,Chinese,494.94,16.11,True,,44.8,True
4008,2026-05-03,Pune,Chinese,353.38,13.45,True,4.23,38.9,True
4009,2026-05-03,Nagpur,Chinese,425.23,14.83,True,4.36,38.7,True
4010,2026-05-03,Pune,North Indian,408.07,17.75,True,4.14,32.4,True
4011,2026-05-03,Chennai,South Indian,263.1,14.87,True,4.03,32.5,True
4012,2026-05-03,Chennai,Italian,518.71,15.0,True,4.65,24.5,True
4013,2026-05-03,Surat,Chinese,395.81,10.03,False,4.58,27.4,True
4014,2026-05-03,Hyderabad,South Indian,224.51,12.33,True,3.81,30.4,True
4015,2026-05-03,Pune,Chinese,278.26,13.14,True,4.53,35.9,True
4016,2026-05-03,Bhopal,Chinese,299.68,14.81,False,4.07,25.5,True
4017,2026-05-03,Ahmedabad,Chinese,358.55,12.73,False,3.4,34.5,True
4018,2026-05-03,Ranchi,South Indian,191.0,15.84,False,3.95,35.8,True
4019,2026-05-03,Mumbai,Italian,525.11,12.52,False,,46.1,True
4020,2026-05-03,Delhi,Chinese,334.47,13.06,True,4.88,39.2,True
4021,2026-05-03,Chennai,South Indian,188.04,12.49,True,4.41,32.8,True
4022,2026-05-03,Guwahati,Chinese,380.04,17.08,True,4.16,39.4,True
4023,2026-05-03,Mumbai,North Indian,486.97,10.51,True,4.58,33.9,True
4024,2026-05-03,Bhopal,South Indian,242.71,13.8,False,4.35,37.8,True
4025,2026-05-03,Guwahati,North Indian,475.98,14.49,True,4.18,38.2,True
4026,2026-05-03,Kochi,Chinese,395.88,14.57,False,3.99,24.8,True
4027,2026-05-03,Chandigarh,Italian,579.65,16.08,False,4.17,38.3,True
4028,2026-05-03,Ranchi,North Indian,438.3,14.2,True,4.55,41.3,True
4029,2026-05-03,Bengaluru,North Indian,442.82,14.9,True,4.31,48.0,True
4030,2026-05-03,Pune,Italian,451.84,13.0,True,4.48,44.3,True
4031,2026-05-03,Pune,North Indian,472.55,10.27,True,,33.7,True
4032,2026-05-03,Hyderabad,South Indian,217.33,11.6,True,3.65,37.7,True
4033,2026-05-03,Bengaluru,Chinese,271.83,17.42,False,4.35,34.6,True
4034,2026-05-03,Surat,North Indian,515.65,13.68,True,3.89,29.2,True
4035,2026-05-03,Guwahati,North Indian,430.62,11.5,True,3.92,28.5,True
4036,2026-05-03,Kochi,South Indian,306.59,15.05,True,,37.0,True
4037,2026-05-03,Pune,Desserts & Bakery,186.66,15.5,False,3.99,33.6,True
4038,2026-05-03,Bengaluru,North Indian,572.05,13.83,True,3.76,33.3,True
4039,2026-05-03,Nagpur,South Indian,323.79,17.3,False,3.95,30.7,True
4040,2026-05-03,Bengaluru,South Indian,366.58,13.07,False,4.44,30.6,True
4041,2026-05-03,Hyderabad,South Indian,331.15,13.48,True,3.76,44.8,True
4042,2026-05-03,Ahmedabad,Desserts & Bakery,132.9,11.07,True,,34.0,True
4043,2026-05-03,Chennai,South Indian,223.19,12.66,False,3.9,34.0,True
4044,2026-05-03,Chandigarh,North Indian,398.62,14.82,True,4.17,24.9,True
4045,2026-05-03,Bhopal,Chinese,244.99,14.45,False,,41.6,True
4046,2026-05-03,Surat,Desserts & Bakery,192.85,14.73,True,4.43,31.6,True
4047,2026-05-03,Guwahati,North Indian,449.16,15.82,False,4.18,37.4,True
4048,2026-05-03,Mumbai,North Indian,510.82,13.62,False,3.5,35.5,True
4049,2026-05-03,Pune,North Indian,385.73,14.55,True,3.34,33.1,True
4050,2026-05-03,Chennai,South Indian,212.52,11.41,True,4.29,27.4,True
4051,2026-05-03,Hyderabad,Chinese,340.49,13.69,False,3.61,29.5,True
4052,2026-05-03,Ahmedabad,North Indian,414.53,11.86,True,4.42,32.2,True
4053,2026-05-03,Mumbai,Italian,469.6,12.5,True,,26.6,True
4054,2026-05-03,Nagpur,Chinese,388.92,13.85,False,4.03,37.7,True
4055,2026-05-03,Ranchi,North Indian,281.2,14.17,True,,36.9,True
4056,2026-05-03,Kochi,Chinese,313.31,13.78,True,3.68,44.8,True
4057,2026-05-03,Delhi,Chinese,281.98,13.35,True,3.7,37.7,True
4058,2026-05-03,Chandigarh,South Indian,292.71,13.26,False,3.9,30.4,True
4059,2026-05-03,Chandigarh,Desserts & Bakery,163.54,15.89,True,4.83,36.6,True
4060,2026-05-03,Mumbai,North Indian,429.14,15.47,True,4.47,29.0,True
4061,2026-05-03,Ranchi,Chinese,443.83,17.79,False,4.19,36.5,True
4062,2026-05-03,Delhi,Chinese,516.82,9.72,False,4.28,25.7,True
4063,2026-05-03,Pune,North Indian,440.35,16.11,True,4.58,31.8,True
4064,2026-05-03,Kochi,Italian,582.45,18.31,True,4.81,33.1,True
4065,2026-05-03,Pune,Chinese,315.48,19.02,False,4.57,46.4,True
4066,2026-05-03,Ahmedabad,Italian,807.88,13.86,True,3.86,33.4,True
4067,2026-05-03,Ranchi,Desserts & Bakery,240.8,12.2,True,,43.8,True
4068,2026-05-03,Mumbai,North Indian,544.39,11.35,True,4.24,30.5,True
4069,2026-05-03,Ranchi,South Indian,253.97,14.19,False,4.59,35.9,True
4070,2026-05-03,Ranchi,North Indian,491.27,12.22,False,3.81,38.8,True
4071,2026-05-03,Ranchi,North Indian,387.59,13.81,False,4.58,29.4,True
4072,2026-05-03,Bhopal,South Indian,262.44,12.65,True,4.2,42.6,True
4073,2026-05-03,Hyderabad,Chinese,469.42,14.12,True,3.59,38.8,True
4074,2026-05-03,Pune,Italian,478.21,17.26,False,5.0,36.3,True
4075,2026-05-03,Bhopal,South Indian,261.07,14.16,False,4.28,43.8,True
4076,2026-05-03,Bengaluru,Chinese,358.4,13.87,False,4.07,44.2,True
4077,2026-05-03,Bengaluru,Italian,597.36,15.86,False,4.26,33.3,True
4078,2026-05-03,Chennai,Chinese,313.13,17.87,False,3.84,29.5,True
4079,2026-05-03,Mumbai,North Indian,574.69,15.72,False,,32.3,True
4080,2026-05-03,Pune,South Indian,305.97,16.63,False,4.42,39.0,True
4081,2026-05-03,Chandigarh,Italian,487.64,16.78,False,4.06,31.8,True
4082,2026-05-03,Nagpur,Chinese,288.61,16.14,True,4.11,44.7,True
4083,2026-05-03,Chandigarh,South Indian,254.5,15.52,True,3.56,32.8,True
4084,2026-05-03,Pune,Chinese,469.98,19.16,True,4.02,27.2,True
4085,2026-05-03,Hyderabad,Chinese,286.1,13.57,False,3.48,33.9,True
4086,2026-05-03,Nagpur,South Indian,129.42,16.1,False,4.46,25.0,True
4087,2026-05-03,Ranchi,South Indian,381.31,11.41,False,3.99,38.9,True
4088,2026-05-03,Bengaluru,South Indian,164.3,15.6,True,3.93,48.5,True
4089,2026-05-03,Ranchi,Desserts & Bakery,190.59,15.77,False,,25.4,True
4090,2026-05-03,Chennai,North Indian,403.15,14.55,True,4.24,30.6,True
4091,2026-05-03,Kochi,North Indian,363.27,16.39,False,4.37,22.9,True
4092,2026-05-03,Ahmedabad,North Indian,417.7,14.2,False,4.8,35.6,True
4093,2026-05-03,Bhopal,Desserts & Bakery,227.6,12.45,False,3.85,22.6,True
4094,2026-05-03,Delhi,South Indian,204.2,15.56,False,,34.2,True
4095,2026-05-03,Delhi,North Indian,470.25,13.76,False,3.99,29.8,True
4096,2026-05-03,Chandigarh,North Indian,417.38,18.66,True,4.14,41.1,True
4097,2026-05-03,Surat,North Indian,414.71,14.99,True,4.1,30.3,True
4098,2026-05-04,Hyderabad,North Indian,446.13,16.53,True,4.06,36.6,False
4099,2026-05-04,Kochi,Italian,490.23,14.73,False,4.58,35.0,False
4100,2026-05-04,Bengaluru,Chinese,367.65,14.52,False,4.66,33.0,False
4101,2026-05-04,Kochi,North Indian,331.25,15.25,True,3.43,49.1,False
4102,2026-05-04,Chandigarh,Chinese,443.0,13.74,True,3.7,31.1,False
4103,2026-05-04,Delhi,Chinese,311.56,15.2,True,3.8,30.9,False
4104,2026-05-04,Kochi,Chinese,496.34,9.35,False,3.82,42.5,False
4105,2026-05-04,Ahmedabad,Chinese,252.21,10.3,True,4.23,30.8,False
4106,2026-05-04,Delhi,Chinese,437.08,14.96,True,4.05,34.3,False
4107,2026-05-04,Delhi,North Indian,399.22,15.25,False,3.89,30.8,False
4108,2026-05-04,Mumbai,Chinese,501.52,17.45,True,4.2,45.6,False
4109,2026-05-04,Bhopal,North Indian,437.68,11.05,True,4.31,40.9,False
4110,2026-05-04,Delhi,South Indian,219.47,13.4,False,4.23,29.7,False
4111,2026-05-04,Hyderabad,North Indian,309.32,12.91,True,,43.4,False
4112,2026-05-04,Chennai,Italian,700.59,12.66,True,4.34,40.9,False
4113,2026-05-04,Ahmedabad,North Indian,451.94,18.67,False,4.06,32.0,False
4114,2026-05-04,Bengaluru,North Indian,464.96,13.71,True,4.31,24.2,False
4115,2026-05-04,Nagpur,Desserts & Bakery,225.6,10.89,True,3.91,33.5,False
4116,2026-05-04,Mumbai,South Indian,310.98,15.13,True,3.86,35.6,False
4117,2026-05-04,Hyderabad,North Indian,496.6,14.57,True,4.4,34.4,False
4118,2026-05-04,Pune,North Indian,333.83,15.17,False,5.0,47.6,False
4119,2026-05-04,Pune,Desserts & Bakery,206.51,15.07,False,4.59,44.9,False
4120,2026-05-04,Pune,South Indian,377.08,13.57,True,4.38,37.6,False
4121,2026-05-04,Guwahati,South Indian,267.92,14.2,False,4.0,42.7,False
4122,2026-05-04,Delhi,Chinese,426.08,13.96,True,4.1,26.2,False
4123,2026-05-04,Hyderabad,South Indian,351.08,16.31,False,4.12,38.7,False
4124,2026-05-04,Bhopal,Desserts & Bakery,169.4,14.61,True,3.53,40.4,False
4125,2026-05-04,Ahmedabad,South Indian,209.43,17.44,True,4.36,38.4,False
4126,2026-05-04,Mumbai,Italian,630.88,13.05,True,4.21,31.7,False
4127,2026-05-04,Mumbai,Desserts & Bakery,243.72,14.77,True,,37.3,False
4128,2026-05-04,Chennai,Chinese,567.62,15.23,False,3.84,42.7,False
4129,2026-05-04,Kochi,South Indian,325.32,11.25,True,4.06,36.5,False
4130,2026-05-04,Mumbai,South Indian,282.48,16.26,False,3.67,37.8,False
4131,2026-05-04,Bhopal,Italian,447.73,14.77,True,3.33,36.3,False
4132,2026-05-04,Bengaluru,Chinese,307.03,15.89,True,3.87,22.2,False
4133,2026-05-04,Bhopal,Italian,457.16,14.0,True,4.31,48.5,False
4134,2026-05-04,Ranchi,Italian,328.7,14.45,True,4.68,36.6,False
4135,2026-05-04,Kochi,South Indian,265.74,16.7,False,3.89,31.1,False
4136,2026-05-04,Ahmedabad,Desserts & Bakery,264.06,13.88,True,3.83,32.1,False
4137,2026-05-04,Kochi,Chinese,400.22,14.81,False,4.12,20.3,False
4138,2026-05-04,Chandigarh,North Indian,533.01,14.22,False,4.17,40.8,False
4139,2026-05-04,Surat,North Indian,536.93,13.39,True,3.81,26.6,False
4140,2026-05-04,Mumbai,South Indian,290.95,15.62,False,4.14,36.6,False
4141,2026-05-04,Mumbai,North Indian,536.92,12.96,False,4.25,25.1,False
4142,2026-05-04,Bengaluru,Chinese,384.37,13.23,True,3.99,25.5,False
4143,2026-05-04,Bhopal,Chinese,289.91,16.07,False,4.32,38.5,False
4144,2026-05-04,Guwahati,South Indian,308.39,15.3,True,4.56,25.0,False
4145,2026-05-04,Ahmedabad,Italian,525.3,13.02,False,3.55,32.0,False
4146,2026-05-04,Mumbai,South Indian,362.58,16.12,True,4.34,32.5,False
4147,2026-05-04,Chennai,Chinese,254.52,15.89,False,,35.1,False
4148,2026-05-04,Surat,North Indian,391.33,16.88,True,3.96,44.4,False
4149,2026-05-04,Delhi,North Indian,192.79,15.52,True,4.07,40.4,False
4150,2026-05-04,Ranchi,Chinese,534.43,13.35,True,4.44,38.6,False
4151,2026-05-04,Hyderabad,Chinese,298.65,10.67,True,4.67,25.7,False
4152,2026-05-04,Ahmedabad,Italian,228.38,12.13,False,3.95,28.6,False
4153,2026-05-04,Chennai,Chinese,296.75,19.88,False,3.83,47.5,False
4154,2026-05-04,Bengaluru,North Indian,466.23,14.78,False,4.3,32.8,False
4155,2026-05-04,Hyderabad,South Indian,248.69,14.65,True,4.44,18.2,False
4156,2026-05-04,Bengaluru,Italian,660.28,13.85,False,4.6,40.8,False
4157,2026-05-04,Chennai,South Indian,215.93,12.27,False,4.09,30.5,False
4158,2026-05-04,Ranchi,Chinese,245.78,14.86,False,3.97,30.5,False
4159,2026-05-04,Ranchi,North Indian,284.33,13.61,False,4.23,45.4,False
4160,2026-05-04,Bengaluru,Chinese,346.8,13.52,True,4.53,25.1,False
4161,2026-05-04,Chennai,North Indian,444.28,15.57,True,3.83,35.7,False
4162,2026-05-04,Pune,Chinese,344.05,16.21,True,4.32,29.4,False
4163,2026-05-04,Delhi,North Indian,382.31,14.21,True,,25.6,False
4164,2026-05-04,Hyderabad,North Indian,247.55,14.72,False,3.46,36.3,False
4165,2026-05-04,Guwahati,Chinese,242.74,12.41,True,4.44,49.4,False
4166,2026-05-04,Hyderabad,Italian,479.36,13.33,False,3.41,30.0,False
4167,2026-05-04,Mumbai,North Indian,523.21,13.63,False,3.56,28.0,False
4168,2026-05-04,Surat,Desserts & Bakery,234.19,12.69,True,3.84,25.5,False
4169,2026-05-04,Ranchi,Italian,438.65,15.39,True,3.87,36.0,False
4170,2026-05-04,Bhopal,South Indian,274.64,11.56,False,,28.2,False
4171,2026-05-04,Bengaluru,Chinese,459.91,15.47,True,4.35,42.8,False
4172,2026-05-04,Chennai,North Indian,436.5,11.3,False,3.55,32.8,False
4173,2026-05-04,Pune,North Indian,304.8,18.1,False,4.35,36.2,False
4174,2026-05-04,Bengaluru,North Indian,252.2,14.92,False,4.45,27.1,False
4175,2026-05-04,Kochi,North Indian,438.0,15.92,True,4.82,40.6,False
4176,2026-05-04,Nagpur,South Indian,274.38,12.0,True,3.68,28.4,False
4177,2026-05-04,Nagpur,Desserts & Bakery,189.34,16.55,False,4.29,36.9,False
4178,2026-05-04,Delhi,Desserts & Bakery,170.43,12.27,True,4.52,32.1,False
4179,2026-05-04,Delhi,North Indian,522.94,13.2,True,4.23,29.3,False
4180,2026-05-04,Bengaluru,Chinese,362.35,13.66,False,4.12,38.9,False
4181,2026-05-04,Bhopal,Chinese,306.7,14.17,True,4.62,26.9,False
4182,2026-05-04,Ranchi,South Indian,248.34,16.92,True,3.73,25.4,False
4183,2026-05-04,Nagpur,North Indian,380.42,17.3,False,3.52,45.7,False
4184,2026-05-04,Chennai,Chinese,415.71,10.76,False,,24.7,False
4185,2026-05-04,Hyderabad,South Indian,277.08,14.48,False,3.53,37.4,False
4186,2026-05-04,Delhi,Chinese,505.12,11.84,True,3.71,30.8,False
4187,2026-05-04,Bengaluru,South Indian,208.79,15.39,True,4.47,23.6,False
4188,2026-05-04,Ahmedabad,North Indian,465.63,18.21,True,3.97,26.7,False
4189,2026-05-04,Pune,Italian,494.43,10.97,False,4.12,35.6,False
4190,2026-05-04,Pune,Italian,491.57,17.19,True,4.09,46.4,False
4191,2026-05-04,Guwahati,North Indian,310.04,13.6,True,3.68,37.0,False
4192,2026-05-04,Bhopal,South Indian,342.67,12.68,False,3.45,32.8,False
4193,2026-05-04,Ahmedabad,Italian,348.86,10.81,True,3.9,41.7,False
4194,2026-05-04,Bhopal,South Indian,272.82,18.62,True,3.78,42.3,False
4195,2026-05-04,Ranchi,Italian,412.02,13.92,False,4.6,29.0,False
4196,2026-05-04,Chandigarh,Chinese,421.66,12.92,False,,20.1,False
4197,2026-05-04,Guwahati,South Indian,274.58,17.99,True,4.1,47.5,False
4198,2026-05-04,Bengaluru,North Indian,382.26,12.34,False,3.6,34.8,False
4199,2026-05-04,Kochi,South Indian,165.35,15.62,False,3.96,29.6,False
4200,2026-05-04,Delhi,Chinese,434.43,15.81,False,4.39,40.4,False
4201,2026-05-04,Ranchi,South Indian,279.0,17.76,False,4.33,36.4,False
4202,2026-05-04,Delhi,South Indian,192.61,13.77,False,4.18,34.8,False
4203,2026-05-04,Chennai,Italian,528.55,12.71,False,4.52,36.4,False
4204,2026-05-04,Bengaluru,North Indian,397.02,10.71,True,,29.7,False
4205,2026-05-04,Kochi,Chinese,387.34,14.43,False,,52.9,False
4206,2026-05-04,Delhi,North Indian,372.55,13.43,False,3.74,36.6,False
4207,2026-05-04,Hyderabad,North Indian,484.31,15.95,True,4.29,32.1,False
4208,2026-05-04,Nagpur,North Indian,430.0,15.41,True,4.18,43.0,False
4209,2026-05-04,Ranchi,South Indian,217.28,9.27,True,4.51,29.4,False
4210,2026-05-04,Bengaluru,Chinese,373.95,15.5,False,3.85,44.3,False
4211,2026-05-04,Ranchi,North Indian,640.74,16.03,True,4.33,35.9,False
4212,2026-05-04,Hyderabad,North Indian,435.78,11.39,True,3.72,30.5,False
4213,2026-05-04,Hyderabad,North Indian,510.02,10.58,False,,32.8,False
4214,2026-05-04,Pune,Desserts & Bakery,203.25,17.64,True,4.14,43.0,False
4215,2026-05-04,Mumbai,North Indian,338.71,15.17,True,4.3,38.8,False
4216,2026-05-04,Mumbai,Chinese,246.18,14.69,True,4.65,21.5,False
4217,2026-05-04,Chennai,North Indian,504.68,15.75,True,3.84,37.6,False
4218,2026-05-04,Nagpur,Desserts & Bakery,101.2,17.45,True,4.28,20.1,False
4219,2026-05-04,Mumbai,North Indian,536.11,14.63,True,,31.6,False
4220,2026-05-04,Delhi,North Indian,527.2,13.17,True,3.4,44.4,False
4221,2026-05-04,Ahmedabad,Chinese,483.39,14.22,True,4.64,33.1,False
4222,2026-05-05,Bhopal,Italian,405.99,13.63,True,4.31,35.6,False
4223,2026-05-05,Ahmedabad,Desserts & Bakery,187.43,17.2,True,3.57,36.1,False
4224,2026-05-05,Ahmedabad,North Indian,455.68,14.49,True,4.26,38.6,False
4225,2026-05-05,Guwahati,South Indian,277.99,14.98,True,4.28,33.5,False
4226,2026-05-05,Chandigarh,Desserts & Bakery,235.84,19.7,False,4.09,34.1,False
4227,2026-05-05,Hyderabad,South Indian,290.73,14.5,True,4.17,32.3,False
4228,2026-05-05,Mumbai,North Indian,201.01,16.5,True,4.18,24.5,False
4229,2026-05-05,Hyderabad,Desserts & Bakery,250.06,15.28,True,3.81,38.5,False
4230,2026-05-05,Kochi,North Indian,408.36,13.52,False,4.02,38.3,False
4231,2026-05-05,Guwahati,South Indian,240.11,12.28,False,3.86,36.2,False
4232,2026-05-05,Nagpur,Chinese,327.26,11.65,False,3.9,30.1,False
4233,2026-05-05,Pune,South Indian,174.54,16.59,True,3.51,35.6,False
4234,2026-05-05,Pune,North Indian,422.06,14.29,True,4.45,38.4,False
4235,2026-05-05,Kochi,Chinese,386.68,12.12,True,4.01,31.4,False
4236,2026-05-05,Mumbai,Italian,468.64,15.3,False,4.17,32.4,False
4237,2026-05-05,Bhopal,Desserts & Bakery,164.33,16.88,True,4.0,33.2,False
4238,2026-05-05,Chandigarh,North Indian,391.04,12.2,False,4.19,28.7,False
4239,2026-05-05,Chennai,South Indian,254.11,16.7,False,4.36,33.0,False
4240,2026-05-05,Pune,South Indian,190.76,15.9,True,4.07,34.4,False
4241,2026-05-05,Pune,Desserts & Bakery,189.89,12.21,False,4.19,42.9,False
4242,2026-05-05,Bengaluru,South Indian,206.31,9.34,False,4.06,25.1,False
4243,2026-05-05,Bengaluru,North Indian,403.11,15.77,True,3.82,29.2,False
4244,2026-05-05,Nagpur,North Indian,87.58,15.46,True,,37.4,False
4245,2026-05-05,Chennai,South Indian,248.35,14.9,False,4.21,26.7,False
4246,2026-05-05,Ahmedabad,North Indian,406.9,12.98,False,,31.2,False
4247,2026-05-05,Delhi,North Indian,397.0,16.87,True,4.12,25.9,False
4248,2026-05-05,Surat,Chinese,453.2,13.37,False,4.36,32.0,False
4249,2026-05-05,Mumbai,Italian,454.99,14.47,False,5.0,35.7,False
4250,2026-05-05,Pune,North Indian,261.06,15.74,True,4.16,35.3,False
4251,2026-05-05,Delhi,Chinese,264.68,16.41,False,4.44,33.5,False
4252,2026-05-05,Pune,Chinese,369.5,19.44,True,4.01,38.3,False
4253,2026-05-05,Mumbai,Chinese,328.13,12.81,True,3.97,44.2,False
4254,2026-05-05,Pune,South Indian,258.3,14.23,True,3.78,34.2,False
4255,2026-05-05,Surat,Chinese,354.51,14.64,True,3.9,26.4,False
4256,2026-05-05,Delhi,South Indian,163.18,15.51,True,3.98,22.0,False
4257,2026-05-05,Delhi,Chinese,296.67,9.94,True,4.03,33.1,False
4258,2026-05-05,Chandigarh,South Indian,281.85,15.14,True,3.78,25.8,False
4259,2026-05-05,Surat,North Indian,454.46,15.26,False,,36.0,False
4260,2026-05-05,Ahmedabad,South Indian,241.72,18.73,False,4.07,32.7,False
4261,2026-05-05,Nagpur,Chinese,253.12,15.79,True,4.48,38.0,False
4262,2026-05-05,Chennai,Italian,513.34,14.55,False,3.8,40.1,False
4263,2026-05-05,Delhi,North Indian,442.05,14.38,True,4.1,33.6,False
4264,2026-05-05,Surat,Italian,464.29,17.15,True,4.17,16.9,False
4265,2026-05-05,Pune,Italian,377.43,18.46,True,4.5,34.4,False
4266,2026-05-05,Pune,North Indian,302.7,12.89,True,4.06,33.8,False
4267,2026-05-05,Bengaluru,North Indian,369.91,14.51,False,4.14,46.7,False
4268,2026-05-05,Mumbai,Chinese,417.0,12.9,True,4.26,34.9,False
4269,2026-05-05,Chandigarh,Chinese,525.66,16.17,True,,40.6,False
4270,2026-05-05,Ahmedabad,Chinese,308.54,13.02,False,4.23,36.6,False
4271,2026-05-05,Nagpur,Chinese,281.78,16.18,True,3.97,38.2,False
4272,2026-05-05,Delhi,Chinese,316.38,13.89,False,3.74,37.0,False
4273,2026-05-05,Hyderabad,Desserts & Bakery,180.88,14.78,True,4.06,40.3,False
4274,2026-05-05,Delhi,Chinese,389.85,14.48,True,4.17,35.5,False
4275,2026-05-05,Ranchi,North Indian,590.67,19.62,False,4.63,40.4,False
4276,2026-05-05,Chennai,Chinese,463.33,15.77,True,3.72,34.1,False
4277,2026-05-05,Nagpur,North Indian,561.35,13.69,False,,38.7,False
4278,2026-05-05,Surat,Italian,424.15,13.76,True,4.33,47.2,False
4279,2026-05-05,Pune,North Indian,341.34,11.23,False,4.21,20.5,False
4280,2026-05-05,Pune,Desserts & Bakery,258.55,14.46,True,3.92,28.0,False
4281,2026-05-05,Mumbai,Italian,412.76,12.71,False,3.77,30.9,False
4282,2026-05-05,Ranchi,North Indian,211.32,18.17,True,,42.1,False
4283,2026-05-05,Mumbai,South Indian,369.17,13.63,False,4.17,38.0,False
4284,2026-05-05,Bhopal,Chinese,403.01,13.18,False,4.71,24.3,False
4285,2026-05-05,Hyderabad,South Indian,311.76,14.04,False,3.91,37.6,False
4286,2026-05-05,Guwahati,North Indian,457.58,14.9,False,3.52,34.7,False
4287,2026-05-05,Chennai,South Indian,224.55,14.03,False,4.01,45.1,False
4288,2026-05-05,Surat,Desserts & Bakery,212.18,7.95,False,3.75,27.3,False
4289,2026-05-05,Kochi,South Indian,182.48,14.76,True,3.95,33.1,False
4290,2026-05-05,Chennai,North Indian,567.9,17.1,True,4.29,41.1,False
4291,2026-05-05,Chennai,North Indian,638.48,12.55,False,4.31,19.6,False
4292,2026-05-05,Guwahati,Italian,499.55,14.65,False,4.02,39.5,False
4293,2026-05-05,Ahmedabad,Chinese,382.02,13.98,True,4.17,31.4,False
4294,2026-05-05,Chennai,Chinese,419.0,18.09,False,3.8,19.9,False
4295,2026-05-05,Mumbai,Italian,485.72,14.51,False,4.57,43.3,False
4296,2026-05-05,Mumbai,North Indian,388.27,15.3,True,4.44,28.2,False
4297,2026-05-05,Chandigarh,Chinese,373.95,11.56,False,4.37,35.8,False
4298,2026-05-05,Chennai,North Indian,304.34,14.68,True,4.21,38.1,False
4299,2026-05-05,Ahmedabad,South Indian,259.52,10.7,False,4.93,27.3,False
4300,2026-05-05,Mumbai,North Indian,437.0,16.22,True,4.51,29.7,False
4301,2026-05-05,Delhi,Chinese,369.15,15.74,False,3.87,23.0,False
4302,2026-05-05,Chennai,Chinese,424.24,11.24,True,3.54,23.3,False
4303,2026-05-05,Kochi,North Indian,382.46,11.93,True,3.95,30.5,False
4304,2026-05-05,Bengaluru,Chinese,207.43,12.11,False,,33.4,False
4305,2026-05-05,Mumbai,North Indian,553.51,14.8,True,4.47,33.4,False
4306,2026-05-05,Chandigarh,North Indian,587.85,13.78,True,4.27,37.2,False
4307,2026-05-05,Bhopal,Chinese,452.67,14.64,True,3.63,50.2,False
4308,2026-05-05,Mumbai,Chinese,307.93,15.1,False,3.72,49.2,False
4309,2026-05-05,Delhi,North Indian,478.65,13.94,False,3.98,40.2,False
4310,2026-05-05,Bhopal,North Indian,514.51,11.98,True,4.88,28.1,False
4311,2026-05-05,Ahmedabad,South Indian,158.94,16.1,False,4.1,44.6,False
4312,2026-05-05,Chandigarh,South Indian,134.24,14.19,False,3.61,25.7,False
4313,2026-05-05,Kochi,Chinese,286.29,10.93,False,3.17,17.0,False
4314,2026-05-05,Surat,Italian,516.23,14.01,True,4.15,29.3,False
4315,2026-05-05,Bhopal,Chinese,423.6,13.85,False,4.51,46.1,False
4316,2026-05-05,Chennai,North Indian,371.85,15.65,True,4.24,28.4,False
4317,2026-05-05,Hyderabad,South Indian,376.25,15.45,True,4.08,27.9,False
4318,2026-05-05,Bhopal,Italian,504.9,12.18,True,4.57,30.3,False
4319,2026-05-05,Ahmedabad,Desserts & Bakery,220.66,17.55,False,3.83,43.5,False
4320,2026-05-05,Guwahati,North Indian,604.08,13.28,True,,38.0,False
4321,2026-05-06,Chennai,South Indian,285.5,15.88,True,4.22,25.1,False
4322,2026-05-06,Guwahati,Desserts & Bakery,149.11,13.37,False,4.63,39.9,False
4323,2026-05-06,Ahmedabad,Chinese,267.81,14.54,True,4.43,29.3,False
4324,2026-05-06,Nagpur,Chinese,353.34,16.81,True,3.89,49.2,False
4325,2026-05-06,Guwahati,Italian,495.6,12.34,True,3.72,28.9,False
4326,2026-05-06,Mumbai,North Indian,537.38,12.93,False,3.89,29.1,False
4327,2026-05-06,Guwahati,Chinese,378.33,9.28,True,3.92,29.5,False
4328,2026-05-06,Pune,North Indian,353.91,16.07,True,3.59,29.1,False
4329,2026-05-06,Chandigarh,North Indian,336.64,14.68,True,4.18,30.9,False
4330,2026-05-06,Chandigarh,South Indian,269.88,15.96,False,3.75,28.5,False
4331,2026-05-06,Hyderabad,North Indian,484.22,15.81,True,3.5,35.9,False
4332,2026-05-06,Chennai,Desserts & Bakery,160.01,12.46,True,3.82,47.4,False
4333,2026-05-06,Bhopal,Italian,626.45,15.28,True,3.61,28.8,False
4334,2026-05-06,Bengaluru,North Indian,383.64,16.66,False,4.63,30.0,False
4335,2026-05-06,Pune,North Indian,538.68,16.45,True,3.71,33.7,False
4336,2026-05-06,Bengaluru,Desserts & Bakery,209.67,9.49,True,,30.2,False
4337,2026-05-06,Guwahati,North Indian,459.91,16.08,False,,44.5,False
4338,2026-05-06,Nagpur,South Indian,210.8,12.94,True,,40.3,False
4339,2026-05-06,Pune,South Indian,320.44,7.91,False,4.41,49.6,False
4340,2026-05-06,Chandigarh,North Indian,442.55,12.17,True,3.91,33.5,False
4341,2026-05-06,Delhi,North Indian,510.63,16.04,False,3.92,36.4,False
4342,2026-05-06,Ahmedabad,South Indian,181.09,11.73,False,3.78,30.3,False
4343,2026-05-06,Mumbai,North Indian,435.36,14.12,False,4.52,24.1,False
4344,2026-05-06,Ahmedabad,North Indian,563.42,14.19,True,3.56,36.4,False
4345,2026-05-06,Kochi,South Indian,270.11,13.78,True,4.24,46.3,False
4346,2026-05-06,Bhopal,Italian,564.6,9.63,False,4.47,33.3,False
4347,2026-05-06,Chandigarh,North Indian,306.97,15.51,True,4.04,36.5,False
4348,2026-05-06,Hyderabad,North Indian,457.52,16.14,True,4.03,40.9,False
4349,2026-05-06,Bengaluru,Desserts & Bakery,243.8,16.97,True,3.98,41.5,False
4350,2026-05-06,Pune,South Indian,325.94,14.59,False,4.02,29.6,False
4351,2026-05-06,Mumbai,South Indian,353.42,15.31,False,3.81,43.9,False
4352,2026-05-06,Guwahati,South Indian,295.86,13.94,True,4.0,30.0,False
4353,2026-05-06,Delhi,Chinese,327.13,11.59,False,3.56,36.1,False
4354,2026-05-06,Nagpur,Chinese,385.31,15.36,True,3.73,36.7,False
4355,2026-05-06,Nagpur,South Indian,229.76,14.1,True,4.31,52.9,False
4356,2026-05-06,Hyderabad,South Indian,147.98,13.91,True,3.91,29.9,False
4357,2026-05-06,Nagpur,North Indian,478.66,19.93,False,3.5,41.5,False
4358,2026-05-06,Chandigarh,North Indian,475.79,13.01,True,4.42,36.8,False
4359,2026-05-06,Hyderabad,Chinese,397.64,15.43,False,4.32,30.0,False
4360,2026-05-06,Delhi,Chinese,353.24,11.91,False,4.17,40.6,False
4361,2026-05-06,Mumbai,Desserts & Bakery,98.08,14.52,False,4.23,51.9,False
4362,2026-05-06,Mumbai,Desserts & Bakery,261.13,12.83,False,,41.4,False
4363,2026-05-06,Nagpur,South Indian,142.42,16.03,True,4.22,29.1,False
4364,2026-05-06,Mumbai,South Indian,269.19,14.5,True,,37.8,False
4365,2026-05-06,Chandigarh,North Indian,389.27,14.51,False,3.57,34.9,False
4366,2026-05-06,Delhi,North Indian,502.23,12.52,False,4.57,42.4,False
4367,2026-05-06,Guwahati,South Indian,256.57,13.8,True,,32.2,False
4368,2026-05-06,Delhi,South Indian,156.35,18.69,True,4.15,43.9,False
4369,2026-05-06,Pune,Chinese,360.49,15.33,True,4.35,35.7,False
4370,2026-05-06,Nagpur,Chinese,478.27,14.52,True,4.52,34.7,False
4371,2026-05-06,Delhi,South Indian,243.98,13.27,True,4.15,29.0,False
4372,2026-05-06,Chennai,South Indian,323.35,15.72,True,4.07,38.4,False
4373,2026-05-06,Chennai,South Indian,273.3,17.3,True,3.57,37.1,False
4374,2026-05-06,Kochi,Italian,791.5,13.96,True,3.92,29.1,False
4375,2026-05-06,Bengaluru,Chinese,371.47,13.07,True,4.49,32.2,False
4376,2026-05-06,Bhopal,Chinese,355.06,13.75,False,3.69,45.8,False
4377,2026-05-06,Hyderabad,North Indian,193.04,18.51,True,3.82,31.8,False
4378,2026-05-06,Guwahati,Italian,414.49,12.63,False,3.86,32.9,False
4379,2026-05-06,Delhi,South Indian,262.07,10.77,True,4.04,37.3,False
4380,2026-05-06,Nagpur,Italian,515.55,17.03,True,3.65,36.8,False
4381,2026-05-06,Ahmedabad,Chinese,437.46,13.65,True,4.15,33.4,False
4382,2026-05-06,Pune,North Indian,411.99,14.82,True,4.16,31.2,False
4383,2026-05-06,Surat,North Indian,312.43,13.67,False,4.29,64.3,False
4384,2026-05-06,Ahmedabad,Chinese,421.52,13.18,True,4.41,31.9,False
4385,2026-05-06,Ranchi,Desserts & Bakery,197.13,10.32,True,3.33,38.5,False
4386,2026-05-06,Nagpur,Chinese,358.61,13.92,False,3.68,20.4,False
4387,2026-05-06,Ranchi,Italian,431.88,15.56,True,4.33,42.3,False
4388,2026-05-06,Chennai,North Indian,354.41,14.17,True,4.05,34.6,False
4389,2026-05-06,Chennai,Chinese,291.58,13.04,False,4.99,33.8,False
4390,2026-05-06,Nagpur,Desserts & Bakery,190.64,11.48,True,3.94,28.2,False
4391,2026-05-06,Nagpur,South Indian,310.79,15.22,False,4.26,36.5,False
4392,2026-05-06,Ahmedabad,North Indian,340.78,13.36,True,3.77,27.4,False
4393,2026-05-06,Ahmedabad,North Indian,444.39,13.78,False,,46.3,False
4394,2026-05-06,Kochi,North Indian,421.95,12.68,True,3.92,35.3,False
4395,2026-05-06,Chandigarh,South Indian,267.47,15.68,True,4.04,30.5,False
4396,2026-05-06,Bengaluru,Chinese,276.54,17.17,False,4.33,41.6,False
4397,2026-05-06,Surat,North Indian,413.74,12.45,True,4.57,24.2,False
4398,2026-05-06,Chennai,North Indian,380.44,16.01,False,3.57,34.6,False
4399,2026-05-06,Surat,North Indian,325.99,12.28,True,3.9,20.1,False
4400,2026-05-06,Chennai,North Indian,391.56,13.8,True,4.21,33.7,False
4401,2026-05-06,Ranchi,North Indian,362.56,11.63,False,,50.4,False
4402,2026-05-06,Bengaluru,Desserts & Bakery,240.2,18.7,False,3.5,23.8,False
4403,2026-05-06,Kochi,Chinese,395.59,16.71,False,3.85,41.4,False
4404,2026-05-06,Chennai,North Indian,478.96,12.31,True,4.19,39.5,False
4405,2026-05-06,Pune,North Indian,521.57,14.54,False,4.81,33.5,False
4406,2026-05-06,Nagpur,Chinese,440.08,16.14,False,3.86,35.5,False
4407,2026-05-06,Mumbai,North Indian,592.76,17.74,True,3.63,34.6,False
4408,2026-05-06,Bengaluru,Italian,652.33,17.84,False,3.71,42.1,False
4409,2026-05-06,Bengaluru,South Indian,192.49,16.79,False,3.35,37.2,False
4410,2026-05-06,Ranchi,North Indian,294.11,11.63,True,4.06,44.7,False
4411,2026-05-06,Pune,Chinese,335.28,14.63,True,3.43,32.6,False
4412,2026-05-06,Hyderabad,Chinese,422.28,15.4,False,4.55,31.0,False
4413,2026-05-06,Ahmedabad,North Indian,524.73,15.08,True,3.98,31.7,False
4414,2026-05-06,Bhopal,Desserts & Bakery,202.63,14.07,True,3.82,36.2,False
4415,2026-05-06,Chennai,Chinese,354.64,9.42,False,4.07,36.5,False
4416,2026-05-06,Mumbai,South Indian,302.89,16.38,False,3.67,32.3,False
4417,2026-05-06,Delhi,Desserts & Bakery,224.03,14.92,True,4.83,35.2,False
4418,2026-05-06,Hyderabad,North Indian,407.75,14.17,True,3.82,38.8,False
4419,2026-05-06,Mumbai,North Indian,597.52,14.15,False,3.83,34.3,False
4420,2026-05-06,Bhopal,Italian,509.21,16.19,False,4.29,38.6,False
4421,2026-05-06,Chennai,Italian,502.06,11.7,False,4.28,32.0,False
4422,2026-05-06,Guwahati,Chinese,383.18,16.67,True,3.74,32.6,False
4423,2026-05-06,Nagpur,Desserts & Bakery,294.62,12.72,False,4.8,33.8,False
4424,2026-05-06,Mumbai,South Indian,345.89,13.12,False,,28.9,False
4425,2026-05-06,Guwahati,South Indian,196.24,17.69,False,4.45,48.2,False
4426,2026-05-06,Ahmedabad,Desserts & Bakery,225.62,16.62,False,4.22,20.9,False
4427,2026-05-06,Kochi,North Indian,523.81,16.81,True,4.16,19.8,False
4428,2026-05-06,Mumbai,North Indian,483.09,14.06,False,5.0,18.8,False
4429,2026-05-06,Hyderabad,Chinese,351.71,13.81,False,3.39,43.0,False
4430,2026-05-06,Ahmedabad,North Indian,532.51,16.57,True,4.42,43.9,False
4431,2026-05-06,Guwahati,South Indian,169.63,15.5,False,4.2,31.3,False
4432,2026-05-06,Pune,North Indian,206.21,15.43,True,4.11,24.3,False
4433,2026-05-06,Chandigarh,North Indian,494.64,12.34,False,4.05,31.6,False
4434,2026-05-06,Bengaluru,Chinese,327.31,11.84,True,3.64,30.9,False
4435,2026-05-06,Mumbai,Desserts & Bakery,148.16,13.17,True,3.92,30.8,False
4436,2026-05-06,Surat,South Indian,285.67,9.06,True,4.24,42.3,False
4437,2026-05-06,Mumbai,Chinese,176.15,14.08,False,,34.6,False
4438,2026-05-06,Bengaluru,North Indian,380.46,13.53,True,4.66,28.8,False
4439,2026-05-06,Hyderabad,Desserts & Bakery,269.72,16.66,False,4.22,19.5,False
4440,2026-05-06,Mumbai,South Indian,200.31,11.87,True,4.54,35.3,False
4441,2026-05-06,Delhi,Chinese,370.79,15.41,True,4.01,31.9,False
4442,2026-05-06,Chennai,South Indian,187.98,12.03,True,4.08,32.9,False
4443,2026-05-06,Guwahati,North Indian,396.5,15.39,False,4.23,25.0,False
4444,2026-05-06,Mumbai,Desserts & Bakery,169.95,11.85,False,3.17,40.1,False
4445,2026-05-06,Delhi,South Indian,217.61,12.05,False,3.95,31.3,False
4446,2026-05-06,Nagpur,Italian,596.97,17.47,True,3.63,27.7,False
4447,2026-05-06,Kochi,North Indian,360.04,16.54,False,4.1,42.2,False
4448,2026-05-06,Mumbai,South Indian,253.61,15.34,True,3.53,35.8,False
4449,2026-05-06,Guwahati,North Indian,576.89,14.04,True,4.58,37.0,False
4450,2026-05-06,Chennai,North Indian,538.05,14.08,False,4.7,42.0,False
4451,2026-05-06,Hyderabad,North Indian,387.39,16.43,False,4.24,34.5,False
4452,2026-05-07,Bengaluru,North Indian,339.13,16.43,False,4.33,33.2,False
4453,2026-05-07,Delhi,North Indian,479.51,13.9,False,4.24,31.7,False
4454,2026-05-07,Mumbai,South Indian,225.12,13.63,True,4.28,33.3,False
4455,2026-05-07,Kochi,South Indian,325.5,14.89,False,4.29,27.9,False
4456,2026-05-07,Bengaluru,North Indian,405.86,12.21,False,3.35,35.2,False
4457,2026-05-07,Hyderabad,North Indian,437.18,16.33,False,3.94,31.5,False
4458,2026-05-07,Delhi,Chinese,441.55,18.39,False,4.1,29.8,False
4459,2026-05-07,Bengaluru,South Indian,294.67,13.46,True,3.91,31.7,False
4460,2026-05-07,Surat,North Indian,495.09,13.24,True,4.22,47.2,False
4461,2026-05-07,Hyderabad,North Indian,310.89,17.87,False,4.13,42.8,False
4462,2026-05-07,Delhi,South Indian,233.18,16.49,True,3.88,29.7,False
4463,2026-05-07,Mumbai,Desserts & Bakery,211.31,13.26,True,4.71,27.4,False
4464,2026-05-07,Chennai,North Indian,416.11,15.61,False,4.05,23.2,False
4465,2026-05-07,Delhi,Italian,552.18,11.61,False,4.1,42.0,False
4466,2026-05-07,Surat,North Indian,183.4,12.86,True,3.69,37.4,False
4467,2026-05-07,Delhi,Italian,602.92,12.55,True,3.76,29.7,False
4468,2026-05-07,Bhopal,Desserts & Bakery,162.78,14.78,False,4.12,30.7,False
4469,2026-05-07,Ahmedabad,Italian,776.3,16.58,False,,47.4,False
4470,2026-05-07,Chennai,Chinese,249.08,14.34,True,3.6,34.5,False
4471,2026-05-07,Ranchi,North Indian,536.06,15.56,True,4.23,46.5,False
4472,2026-05-07,Nagpur,North Indian,363.55,15.12,False,4.36,41.0,False
4473,2026-05-07,Bhopal,Desserts & Bakery,185.86,13.54,False,4.03,31.4,False
4474,2026-05-07,Kochi,Italian,568.26,14.58,True,3.92,38.6,False
4475,2026-05-07,Mumbai,Desserts & Bakery,190.28,13.7,False,,33.7,False
4476,2026-05-07,Delhi,North Indian,483.07,18.55,False,,44.8,False
4477,2026-05-07,Hyderabad,North Indian,388.86,13.98,False,5.0,39.5,False
4478,2026-05-07,Bengaluru,Italian,384.36,16.02,False,4.0,22.2,False
4479,2026-05-07,Hyderabad,North Indian,547.49,15.26,False,4.3,24.8,False
4480,2026-05-07,Surat,North Indian,426.98,15.83,False,3.6,33.2,False
4481,2026-05-07,Hyderabad,North Indian,528.3,14.44,True,4.42,34.8,False
4482,2026-05-07,Bhopal,South Indian,234.28,16.59,False,4.53,32.9,False
4483,2026-05-07,Delhi,North Indian,433.09,12.56,False,4.59,36.8,False
4484,2026-05-07,Surat,Chinese,372.8,18.39,True,4.13,36.9,False
4485,2026-05-07,Guwahati,North Indian,344.02,16.13,False,4.36,42.6,False
4486,2026-05-07,Guwahati,South Indian,276.66,17.62,False,4.17,26.5,False
4487,2026-05-07,Ahmedabad,Italian,462.58,15.64,True,4.64,39.4,False
4488,2026-05-07,Hyderabad,North Indian,500.98,15.78,True,4.14,43.9,False
4489,2026-05-07,Chandigarh,Chinese,335.9,14.25,True,3.89,23.1,False
4490,2026-05-07,Ahmedabad,North Indian,291.95,15.62,False,4.04,46.2,False
4491,2026-05-07,Kochi,North Indian,431.18,10.95,True,3.6,35.9,False
4492,2026-05-07,Ahmedabad,Chinese,414.65,12.64,True,4.4,42.6,False
4493,2026-05-07,Guwahati,North Indian,278.33,10.98,True,,25.4,False
4494,2026-05-07,Delhi,North Indian,388.64,15.73,True,3.81,33.8,False
4495,2026-05-07,Pune,Chinese,357.84,12.76,False,3.82,20.4,False
4496,2026-05-07,Surat,South Indian,298.99,12.45,True,4.05,38.5,False
4497,2026-05-07,Chennai,North Indian,425.7,13.32,False,4.52,24.7,False
4498,2026-05-07,Ahmedabad,Italian,268.32,13.04,False,4.42,27.5,False
4499,2026-05-07,Delhi,South Indian,241.73,15.49,True,3.94,37.9,False
4500,2026-05-07,Chandigarh,South Indian,414.32,12.6,True,4.59,39.8,False
4501,2026-05-07,Bengaluru,South Indian,275.72,14.8,True,4.27,27.7,False
4502,2026-05-07,Chandigarh,Chinese,256.51,12.49,False,4.39,26.4,False
4503,2026-05-07,Chandigarh,Desserts & Bakery,181.58,11.38,True,4.01,35.6,False
4504,2026-05-07,Chennai,Chinese,311.68,13.56,True,4.36,38.1,False
4505,2026-05-07,Chandigarh,South Indian,241.03,12.69,False,4.8,34.8,False
4506,2026-05-07,Ahmedabad,North Indian,470.02,14.95,True,4.1,44.7,False
4507,2026-05-07,Delhi,Chinese,371.67,12.93,False,3.86,35.6,False
4508,2026-05-07,Guwahati,Desserts & Bakery,139.35,12.78,True,,40.7,False
4509,2026-05-07,Ahmedabad,South Indian,217.96,12.24,True,3.97,34.0,False
4510,2026-05-07,Nagpur,South Indian,143.55,16.41,True,4.5,38.0,False
4511,2026-05-07,Delhi,South Indian,247.64,14.21,True,4.37,30.3,False
4512,2026-05-07,Ahmedabad,Chinese,261.04,9.76,False,3.59,28.0,False
4513,2026-05-07,Kochi,Italian,635.54,14.84,False,4.9,34.0,False
4514,2026-05-07,Pune,North Indian,368.93,11.17,False,4.37,24.7,False
4515,2026-05-07,Guwahati,Chinese,392.78,16.93,False,4.32,32.1,False
4516,2026-05-07,Kochi,South Indian,235.82,17.36,True,4.15,25.2,False
4517,2026-05-07,Chennai,Chinese,325.85,14.19,False,4.4,27.0,False
4518,2026-05-07,Bengaluru,North Indian,410.59,14.69,False,4.14,36.1,False
4519,2026-05-07,Chandigarh,North Indian,366.41,17.02,True,3.85,32.5,False
4520,2026-05-07,Hyderabad,Desserts & Bakery,183.32,11.62,True,3.98,31.1,False
4521,2026-05-07,Ahmedabad,Desserts & Bakery,277.41,17.99,True,4.45,38.1,False
4522,2026-05-07,Nagpur,Chinese,451.77,14.05,True,4.41,41.0,False
4523,2026-05-07,Chandigarh,South Indian,210.14,18.22,True,4.08,23.2,False
4524,2026-05-07,Chennai,North Indian,652.82,14.31,False,3.29,31.7,False
4525,2026-05-07,Bhopal,South Indian,347.29,14.87,True,3.69,32.3,False
4526,2026-05-07,Surat,Chinese,198.53,15.8,False,,38.7,False
4527,2026-05-07,Ahmedabad,North Indian,630.8,15.87,False,3.95,35.6,False
4528,2026-05-07,Chandigarh,South Indian,207.59,15.73,True,4.37,30.3,False
4529,2026-05-07,Guwahati,North Indian,432.58,15.81,False,4.34,30.5,False
4530,2026-05-07,Mumbai,North Indian,461.61,12.87,True,,34.9,False
4531,2026-05-07,Guwahati,South Indian,219.79,16.21,True,3.96,32.0,False
4532,2026-05-07,Kochi,North Indian,514.56,13.63,True,4.21,34.8,False
4533,2026-05-07,Bengaluru,South Indian,213.26,12.92,False,4.3,37.6,False
4534,2026-05-07,Surat,Chinese,401.2,12.94,False,4.52,31.4,False
4535,2026-05-07,Ahmedabad,North Indian,395.09,15.39,True,,30.3,False
4536,2026-05-07,Chennai,North Indian,445.79,13.51,True,4.33,33.5,False
4537,2026-05-07,Ranchi,South Indian,183.74,11.86,False,,18.6,False
4538,2026-05-07,Nagpur,South Indian,196.33,13.9,False,4.22,38.7,False
4539,2026-05-07,Pune,South Indian,248.99,15.21,False,4.2,30.8,False
4540,2026-05-07,Mumbai,Chinese,465.82,14.03,True,4.1,31.8,False
4541,2026-05-07,Delhi,Italian,657.09,16.13,True,4.16,27.1,False
4542,2026-05-07,Chennai,Chinese,408.32,16.37,True,3.13,33.4,False
4543,2026-05-07,Surat,South Indian,313.33,12.58,False,4.68,27.6,False
4544,2026-05-07,Bengaluru,Chinese,386.34,14.81,True,,35.8,False
4545,2026-05-07,Kochi,Chinese,245.71,13.31,False,4.26,26.0,False
4546,2026-05-07,Nagpur,North Indian,376.02,15.4,True,4.01,19.2,False
4547,2026-05-07,Mumbai,North Indian,208.82,13.95,False,4.06,33.6,False
4548,2026-05-07,Hyderabad,Italian,434.21,13.2,False,4.04,25.2,False
4549,2026-05-07,Delhi,Desserts & Bakery,248.72,13.71,True,3.84,54.8,False
4550,2026-05-07,Ahmedabad,Desserts & Bakery,204.88,14.9,True,3.37,47.3,False
4551,2026-05-07,Ahmedabad,North Indian,431.17,13.46,True,3.9,38.3,False
4552,2026-05-07,Chennai,Chinese,410.25,18.15,True,4.5,26.7,False
4553,2026-05-07,Chandigarh,Italian,391.63,9.74,False,4.13,26.9,False
4554,2026-05-07,Guwahati,North Indian,263.36,15.47,False,4.19,38.1,False
4555,2026-05-07,Hyderabad,North Indian,503.2,17.49,True,,22.5,False
4556,2026-05-08,Nagpur,South Indian,270.26,14.41,True,4.54,33.2,False
4557,2026-05-08,Kochi,North Indian,478.61,16.16,True,3.74,28.5,False
4558,2026-05-08,Bengaluru,Chinese,365.75,17.07,False,3.56,28.3,False
4559,2026-05-08,Chandigarh,North Indian,361.86,15.47,True,3.75,20.2,False
4560,2026-05-08,Kochi,North Indian,247.22,15.75,False,4.46,42.2,False
4561,2026-05-08,Pune,South Indian,356.49,14.66,False,3.93,42.3,False
4562,2026-05-08,Mumbai,North Indian,477.9,14.36,False,4.61,33.8,False
4563,2026-05-08,Chandigarh,North Indian,451.87,15.89,True,3.89,35.7,False
4564,2026-05-08,Chandigarh,Chinese,361.92,15.97,True,4.43,32.4,False
4565,2026-05-08,Delhi,South Indian,189.41,15.77,False,4.54,36.1,False
4566,2026-05-08,Ahmedabad,North Indian,193.27,15.72,False,4.07,37.1,False
4567,2026-05-08,Delhi,South Indian,339.54,15.88,True,4.6,42.2,False
4568,2026-05-08,Mumbai,North Indian,479.66,16.58,False,3.51,37.9,False
4569,2026-05-08,Ahmedabad,North Indian,337.92,17.52,True,3.83,35.4,False
4570,2026-05-08,Hyderabad,Chinese,408.26,13.69,True,3.87,34.4,False
4571,2026-05-08,Ahmedabad,Italian,618.93,13.29,True,4.43,31.1,False
4572,2026-05-08,Bengaluru,Italian,567.16,12.35,False,,30.0,False
4573,2026-05-08,Bengaluru,Italian,417.67,13.76,True,,41.0,False
4574,2026-05-08,Hyderabad,North Indian,537.1,15.89,False,4.79,32.3,False
4575,2026-05-08,Ahmedabad,North Indian,415.28,14.91,True,4.67,28.2,False
4576,2026-05-08,Delhi,Italian,616.29,15.71,True,3.97,27.4,False
4577,2026-05-08,Bengaluru,North Indian,441.89,14.55,False,4.59,28.2,False
4578,2026-05-08,Bhopal,South Indian,213.84,16.12,True,4.25,32.2,False
4579,2026-05-08,Kochi,North Indian,594.89,14.97,False,,50.5,False
4580,2026-05-08,Chennai,North Indian,354.99,14.34,False,3.34,35.0,False
4581,2026-05-08,Delhi,North Indian,386.29,13.47,True,4.18,28.5,False
4582,2026-05-08,Ahmedabad,South Indian,262.35,13.38,True,3.55,42.0,False
4583,2026-05-08,Chennai,North Indian,539.85,15.31,False,4.09,34.7,False
4584,2026-05-08,Guwahati,North Indian,544.93,14.27,True,4.11,24.5,False
4585,2026-05-08,Mumbai,Chinese,381.52,15.19,False,4.81,35.7,False
4586,2026-05-08,Ahmedabad,South Indian,261.42,15.3,True,4.23,19.5,False
4587,2026-05-08,Pune,Desserts & Bakery,164.43,16.81,False,4.21,33.5,False
4588,2026-05-08,Mumbai,North Indian,543.89,12.49,True,4.68,25.6,False
4589,2026-05-08,Guwahati,South Indian,272.1,14.27,True,4.19,44.4,False
4590,2026-05-08,Pune,North Indian,389.15,18.18,True,4.42,29.5,False
4591,2026-05-08,Guwahati,North Indian,275.13,15.41,True,3.72,35.5,False
4592,2026-05-08,Chennai,Chinese,319.49,16.09,True,4.23,32.3,False
4593,2026-05-08,Surat,Chinese,448.69,14.58,True,4.14,25.4,False
4594,2026-05-08,Pune,North Indian,345.94,15.08,False,,40.0,False
4595,2026-05-08,Pune,Italian,487.27,18.34,False,4.54,29.2,False
4596,2026-05-08,Ahmedabad,Chinese,365.26,16.29,True,4.64,37.0,False
4597,2026-05-08,Guwahati,Italian,587.0,16.09,False,3.96,37.6,False
4598,2026-05-08,Delhi,Chinese,466.85,12.06,False,3.76,32.0,False
4599,2026-05-08,Ranchi,Chinese,245.59,15.46,True,3.66,35.2,False
4600,2026-05-08,Guwahati,South Indian,312.33,12.93,False,,37.8,False
4601,2026-05-08,Pune,North Indian,522.6,15.52,False,4.16,29.8,False
4602,2026-05-08,Hyderabad,Chinese,333.82,11.09,False,4.49,32.2,False
4603,2026-05-08,Nagpur,Italian,487.98,17.13,True,3.76,25.2,False
4604,2026-05-08,Hyderabad,South Indian,268.39,13.52,True,3.94,40.2,False
4605,2026-05-08,Kochi,Italian,509.63,18.72,False,3.54,28.0,False
4606,2026-05-08,Chandigarh,North Indian,541.05,13.83,False,4.86,26.2,False
4607,2026-05-08,Nagpur,Chinese,269.63,18.14,True,4.31,33.9,False
4608,2026-05-08,Chennai,North Indian,344.01,12.52,True,3.45,30.7,False
4609,2026-05-08,Chennai,North Indian,281.88,13.36,True,,34.3,False
4610,2026-05-08,Bengaluru,South Indian,219.66,13.1,True,4.32,40.5,False
4611,2026-05-08,Ranchi,North Indian,441.33,13.46,True,3.44,37.0,False
4612,2026-05-08,Surat,Desserts & Bakery,225.15,13.96,False,4.2,41.4,False
4613,2026-05-08,Surat,Italian,679.53,12.95,False,4.2,39.3,False
4614,2026-05-08,Mumbai,Desserts & Bakery,298.8,14.45,True,,33.6,False
4615,2026-05-08,Hyderabad,Chinese,436.31,15.64,True,3.96,31.9,False
4616,2026-05-08,Delhi,Desserts & Bakery,127.5,16.71,False,4.16,27.6,False
4617,2026-05-08,Ranchi,South Indian,182.63,11.25,True,4.14,41.8,False
4618,2026-05-08,Hyderabad,Italian,540.61,18.72,False,4.94,35.9,False
4619,2026-05-08,Pune,Desserts & Bakery,165.49,12.24,False,4.44,43.3,False
4620,2026-05-08,Chennai,South Indian,253.85,13.86,True,4.11,41.9,False
4621,2026-05-08,Nagpur,Italian,541.73,16.57,False,4.0,44.3,False
4622,2026-05-08,Guwahati,South Indian,237.72,16.89,True,4.34,40.8,False
4623,2026-05-08,Delhi,North Indian,458.07,15.29,False,3.89,40.2,False
4624,2026-05-08,Delhi,Chinese,422.67,16.44,True,4.32,41.7,False
4625,2026-05-08,Pune,Italian,477.7,11.99,True,4.66,24.6,False
4626,2026-05-08,Chennai,Desserts & Bakery,80.0,18.86,False,3.88,42.8,False
4627,2026-05-08,Delhi,Italian,582.45,13.34,True,3.9,24.5,False
4628,2026-05-08,Nagpur,Chinese,223.19,14.97,False,3.92,32.7,False
4629,2026-05-08,Nagpur,North Indian,371.41,12.97,True,4.85,36.5,False
4630,2026-05-08,Hyderabad,Chinese,357.37,13.14,True,4.16,29.1,False
4631,2026-05-08,Bhopal,North Indian,459.99,14.19,False,,35.3,False
4632,2026-05-08,Guwahati,North Indian,381.25,13.95,True,4.14,30.1,False
4633,2026-05-08,Surat,North Indian,509.52,11.86,False,4.59,37.9,False
4634,2026-05-08,Surat,Italian,532.28,13.66,True,4.27,41.1,False
4635,2026-05-08,Bengaluru,North Indian,450.0,11.11,False,4.46,33.9,False
4636,2026-05-08,Mumbai,Chinese,344.05,12.53,True,3.83,33.1,False
4637,2026-05-08,Chandigarh,Desserts & Bakery,202.59,13.77,False,4.35,39.0,False
4638,2026-05-08,Pune,Desserts & Bakery,151.86,12.85,True,4.08,37.4,False
4639,2026-05-08,Bhopal,Chinese,353.65,16.7,False,3.98,35.8,False
4640,2026-05-08,Chandigarh,Desserts & Bakery,222.2,16.83,False,4.01,34.2,False
4641,2026-05-08,Chandigarh,Desserts & Bakery,234.64,14.78,True,4.0,34.7,False
4642,2026-05-08,Delhi,Italian,585.79,15.18,False,4.08,35.3,False
4643,2026-05-08,Delhi,Chinese,338.52,13.83,False,4.1,31.0,False
4644,2026-05-08,Nagpur,South Indian,161.61,16.23,True,4.06,35.0,False
4645,2026-05-08,Chennai,Italian,565.69,11.41,True,4.32,42.7,False
4646,2026-05-08,Hyderabad,North Indian,380.93,13.83,True,4.13,23.6,False
4647,2026-05-08,Mumbai,Italian,468.59,15.51,True,4.78,29.8,False
4648,2026-05-08,Surat,North Indian,324.97,18.48,True,3.88,34.4,False
4649,2026-05-08,Ahmedabad,Italian,564.48,15.37,False,4.41,41.1,False
4650,2026-05-08,Mumbai,South Indian,258.4,12.82,False,4.18,46.8,False
4651,2026-05-08,Kochi,Chinese,532.91,12.11,True,3.37,43.5,False
4652,2026-05-08,Chennai,North Indian,481.39,15.33,True,4.38,30.3,False
4653,2026-05-08,Nagpur,South Indian,248.2,13.95,True,4.53,29.6,False
4654,2026-05-08,Ranchi,Chinese,395.18,14.23,False,3.73,35.8,False
4655,2026-05-08,Surat,North Indian,370.66,18.56,True,3.8,41.8,False
4656,2026-05-08,Ranchi,Desserts & Bakery,222.88,15.24,True,3.81,34.3,False
4657,2026-05-08,Delhi,North Indian,363.79,13.58,False,4.04,39.4,False
4658,2026-05-08,Guwahati,Italian,542.03,14.6,True,4.23,33.7,False
4659,2026-05-08,Bengaluru,Italian,424.75,13.27,False,4.09,53.7,False
4660,2026-05-08,Surat,North Indian,218.7,14.88,False,4.24,34.2,False
4661,2026-05-08,Mumbai,North Indian,360.83,15.32,False,4.31,28.6,False
4662,2026-05-08,Ranchi,North Indian,398.05,16.02,False,4.08,45.9,False
4663,2026-05-08,Chandigarh,Desserts & Bakery,283.58,15.37,True,3.69,26.0,False
4664,2026-05-08,Bengaluru,South Indian,274.32,13.87,True,3.81,44.0,False
4665,2026-05-08,Ahmedabad,North Indian,317.6,17.09,True,3.7,31.2,False
4666,2026-05-08,Chandigarh,North Indian,401.92,14.58,False,4.62,39.5,False
4667,2026-05-08,Mumbai,North Indian,315.3,19.03,True,4.45,35.0,False
4668,2026-05-08,Chennai,Desserts & Bakery,237.83,12.43,False,4.64,17.0,False
4669,2026-05-08,Bengaluru,Italian,567.28,15.16,False,4.86,39.1,False
4670,2026-05-08,Delhi,Italian,667.95,18.01,False,3.36,33.9,False
4671,2026-05-08,Guwahati,North Indian,531.05,14.85,True,4.17,36.9,False
4672,2026-05-08,Ahmedabad,South Indian,107.67,12.75,False,3.59,23.4,False
4673,2026-05-08,Ahmedabad,Desserts & Bakery,244.4,16.33,True,4.86,35.0,False
4674,2026-05-08,Surat,Italian,394.28,12.72,True,3.29,28.5,False
4675,2026-05-08,Guwahati,Chinese,420.73,17.88,True,4.05,31.1,False
4676,2026-05-08,Ahmedabad,North Indian,412.01,12.62,False,4.66,43.9,False
4677,2026-05-08,Mumbai,Chinese,488.67,12.33,True,4.19,31.9,False
4678,2026-05-08,Delhi,Desserts & Bakery,279.98,9.41,True,4.08,34.8,False
4679,2026-05-09,Hyderabad,South Indian,266.37,14.26,False,3.82,42.9,True
4680,2026-05-09,Delhi,Chinese,350.92,16.99,False,4.48,35.6,True
4681,2026-05-09,Nagpur,Chinese,81.47,15.9,False,4.64,33.8,True
4682,2026-05-09,Mumbai,Italian,492.76,15.01,False,,30.6,True
4683,2026-05-09,Ranchi,North Indian,395.46,14.88,True,3.85,25.8,True
4684,2026-05-09,Hyderabad,Italian,347.07,16.77,False,3.57,28.3,True
4685,2026-05-09,Mumbai,North Indian,516.96,14.81,True,4.09,33.6,True
4686,2026-05-09,Ahmedabad,Italian,687.07,14.55,True,4.06,28.6,True
4687,2026-05-09,Chennai,South Indian,298.36,18.25,False,3.57,48.4,True
4688,2026-05-09,Kochi,South Indian,317.67,16.97,True,,34.0,True
4689,2026-05-09,Nagpur,Chinese,432.45,11.78,False,4.13,32.3,True
4690,2026-05-09,Kochi,South Indian,337.73,16.69,False,4.08,34.8,True
4691,2026-05-09,Ranchi,Desserts & Bakery,106.71,12.7,True,3.85,39.1,True
4692,2026-05-09,Ahmedabad,Chinese,361.34,16.54,False,4.13,41.6,True
4693,2026-05-09,Mumbai,Italian,547.92,15.06,False,4.24,25.6,True
4694,2026-05-09,Hyderabad,North Indian,474.24,17.04,True,3.64,35.9,True
4695,2026-05-09,Kochi,Italian,519.29,15.01,True,4.32,37.9,True
4696,2026-05-09,Surat,North Indian,386.17,14.76,False,4.05,34.9,True
4697,2026-05-09,Ahmedabad,North Indian,313.28,15.42,True,4.37,38.4,True
4698,2026-05-09,Ahmedabad,Chinese,311.94,15.49,False,4.0,37.3,True
4699,2026-05-09,Hyderabad,North Indian,258.48,14.18,True,4.17,34.3,True
4700,2026-05-09,Nagpur,North Indian,388.36,12.05,False,3.59,25.5,True
4701,2026-05-09,Kochi,North Indian,332.78,15.34,False,4.36,31.8,True
4702,2026-05-09,Delhi,Italian,571.79,15.38,True,3.75,28.5,True
4703,2026-05-09,Bengaluru,North Indian,482.82,12.38,True,4.07,36.2,True
4704,2026-05-09,Mumbai,Desserts & Bakery,148.11,14.74,False,3.96,22.4,True
4705,2026-05-09,Mumbai,South Indian,297.25,15.06,False,,39.0,True
4706,2026-05-09,Mumbai,Chinese,326.47,13.84,True,4.05,40.1,True
4707,2026-05-09,Hyderabad,North Indian,419.84,15.97,False,4.2,32.9,True
4708,2026-05-09,Nagpur,South Indian,171.54,13.17,False,4.03,32.2,True
4709,2026-05-09,Chennai,North Indian,565.93,13.91,True,3.58,42.6,True
4710,2026-05-09,Chennai,Chinese,409.72,15.01,True,4.44,46.6,True
4711,2026-05-09,Chandigarh,South Indian,156.28,12.1,True,4.45,38.4,True
4712,2026-05-09,Ranchi,Italian,588.04,14.85,False,4.85,32.7,True
4713,2026-05-09,Hyderabad,Italian,457.0,15.47,False,3.94,26.3,True
4714,2026-05-09,Bhopal,North Indian,402.1,12.83,True,,26.7,True
4715,2026-05-09,Kochi,Chinese,244.28,17.44,False,4.14,28.5,True
4716,2026-05-09,Mumbai,Desserts & Bakery,167.48,9.46,True,3.9,32.3,True
4717,2026-05-09,Chandigarh,Chinese,350.01,9.89,True,3.71,28.9,True
4718,2026-05-09,Surat,Italian,569.95,12.16,False,4.37,32.6,True
4719,2026-05-09,Mumbai,North Indian,334.94,15.89,False,3.97,39.6,True
4720,2026-05-09,Nagpur,North Indian,390.08,15.05,True,,27.6,True
4721,2026-05-09,Mumbai,North Indian,347.24,15.25,False,3.87,32.9,True
4722,2026-05-09,Ahmedabad,North Indian,502.9,9.43,True,4.29,36.9,True
4723,2026-05-09,Mumbai,South Indian,286.98,14.71,True,3.75,38.3,True
4724,2026-05-09,Ahmedabad,North Indian,446.82,13.53,True,,29.6,True
4725,2026-05-09,Hyderabad,Italian,361.7,13.65,True,3.88,39.5,True
4726,2026-05-09,Surat,Desserts & Bakery,181.29,15.58,True,4.49,36.9,True
4727,2026-05-09,Hyderabad,Italian,513.98,14.33,False,4.34,28.1,True
4728,2026-05-09,Ahmedabad,Chinese,366.94,13.58,False,4.65,40.1,True
4729,2026-05-09,Bengaluru,Italian,377.4,15.58,False,3.93,41.1,True
4730,2026-05-09,Ranchi,North Indian,413.29,13.6,False,3.99,34.4,True
4731,2026-05-09,Chandigarh,Chinese,348.67,14.06,True,4.27,25.1,True
4732,2026-05-09,Hyderabad,North Indian,366.77,13.25,True,,39.0,True
4733,2026-05-09,Hyderabad,South Indian,183.68,15.26,True,4.01,22.1,True
4734,2026-05-09,Chandigarh,North Indian,342.84,15.55,False,4.17,42.4,True
4735,2026-05-09,Bengaluru,North Indian,348.03,13.7,False,4.45,35.1,True
4736,2026-05-09,Mumbai,Desserts & Bakery,141.41,14.86,True,4.25,29.3,True
4737,2026-05-09,Surat,North Indian,397.5,13.27,False,3.9,41.4,True
4738,2026-05-09,Bhopal,Desserts & Bakery,145.98,14.55,True,,34.1,True
4739,2026-05-09,Ahmedabad,South Indian,396.65,14.5,True,4.81,27.8,True
4740,2026-05-09,Pune,Chinese,442.08,15.41,False,4.66,35.9,True
4741,2026-05-09,Bhopal,Chinese,299.03,15.99,False,4.05,38.6,True
4742,2026-05-09,Mumbai,South Indian,220.06,16.17,False,4.48,42.2,True
4743,2026-05-09,Chandigarh,North Indian,314.64,11.95,True,4.38,51.2,True
4744,2026-05-09,Surat,North Indian,368.59,14.21,False,4.5,31.4,True
4745,2026-05-09,Ahmedabad,North Indian,311.62,14.4,True,3.69,33.8,True
4746,2026-05-09,Hyderabad,Chinese,531.06,13.58,True,4.33,22.2,True
4747,2026-05-09,Bengaluru,North Indian,517.71,14.4,True,4.44,35.3,True
4748,2026-05-09,Chennai,North Indian,397.07,12.22,True,3.65,37.4,True
4749,2026-05-09,Ahmedabad,Chinese,365.92,14.68,False,4.53,34.6,True
4750,2026-05-09,Guwahati,South Indian,296.06,14.17,True,4.48,26.6,True
4751,2026-05-09,Guwahati,Italian,401.93,13.76,True,4.83,37.7,True
4752,2026-05-09,Bhopal,Desserts & Bakery,234.05,14.67,True,4.29,28.7,True
4753,2026-05-09,Bengaluru,North Indian,475.12,15.85,True,4.19,12.0,True
4754,2026-05-09,Chennai,Chinese,427.75,16.32,True,4.15,33.7,True
4755,2026-05-09,Hyderabad,North Indian,326.45,9.46,True,4.01,30.6,True
4756,2026-05-09,Delhi,Chinese,387.45,19.34,False,4.08,30.6,True
4757,2026-05-09,Surat,Italian,545.21,13.17,True,4.59,35.0,True
4758,2026-05-09,Bengaluru,North Indian,392.43,15.55,False,4.16,29.5,True
4759,2026-05-09,Mumbai,Desserts & Bakery,214.8,12.81,False,,37.9,True
4760,2026-05-09,Pune,Desserts & Bakery,254.81,11.99,False,3.65,44.7,True
4761,2026-05-09,Surat,North Indian,351.07,19.02,True,3.88,22.4,True
4762,2026-05-09,Delhi,Chinese,233.28,14.77,True,4.19,39.3,True
4763,2026-05-09,Kochi,Italian,363.18,13.2,True,3.98,28.2,True
4764,2026-05-09,Chennai,South Indian,210.49,11.06,False,3.99,33.4,True
4765,2026-05-09,Ahmedabad,North Indian,349.61,16.12,False,4.19,38.1,True
4766,2026-05-09,Pune,Chinese,351.88,15.58,True,4.34,39.1,True
4767,2026-05-09,Surat,North Indian,508.74,12.31,False,3.67,39.2,True
4768,2026-05-09,Guwahati,North Indian,477.21,19.28,False,4.23,28.9,True
4769,2026-05-09,Hyderabad,Desserts & Bakery,198.52,15.59,True,3.56,29.0,True
4770,2026-05-09,Surat,North Indian,307.44,16.49,True,4.37,32.3,True
4771,2026-05-09,Mumbai,North Indian,456.19,13.95,False,,27.9,True
4772,2026-05-09,Ahmedabad,North Indian,403.48,15.31,True,3.92,48.7,True
4773,2026-05-09,Guwahati,Chinese,450.23,13.31,False,4.28,30.7,True
4774,2026-05-09,Guwahati,North Indian,436.88,11.8,True,,39.7,True
4775,2026-05-09,Nagpur,South Indian,221.95,13.82,True,3.79,39.3,True
4776,2026-05-09,Nagpur,North Indian,462.39,14.09,False,4.34,35.5,True
4777,2026-05-09,Mumbai,South Indian,250.17,12.58,False,4.5,19.5,True
4778,2026-05-09,Chennai,Desserts & Bakery,293.16,13.98,True,4.43,26.5,True
4779,2026-05-09,Hyderabad,North Indian,179.24,14.8,False,3.96,29.1,True
4780,2026-05-09,Kochi,Chinese,234.34,11.83,False,4.41,44.9,True
4781,2026-05-09,Ahmedabad,North Indian,408.48,14.52,True,3.9,27.5,True
4782,2026-05-09,Chandigarh,Italian,644.86,17.59,False,4.08,23.2,True
4783,2026-05-09,Hyderabad,North Indian,346.17,14.4,True,4.19,18.0,True
4784,2026-05-09,Chandigarh,North Indian,247.43,13.9,True,4.17,31.1,True
4785,2026-05-09,Delhi,North Indian,415.35,15.0,False,4.49,33.6,True
4786,2026-05-09,Mumbai,Italian,581.97,12.27,True,4.66,26.9,True
4787,2026-05-09,Delhi,Chinese,274.98,14.47,False,4.66,23.2,True
4788,2026-05-09,Nagpur,Chinese,397.99,15.93,True,4.35,40.7,True
4789,2026-05-09,Chennai,North Indian,217.32,11.76,True,3.98,32.0,True
4790,2026-05-09,Chennai,North Indian,351.08,14.26,False,4.31,40.5,True
4791,2026-05-09,Pune,South Indian,188.79,12.2,True,4.81,35.5,True
4792,2026-05-09,Bhopal,South Indian,319.6,16.44,True,4.54,34.3,True
4793,2026-05-09,Kochi,South Indian,254.18,13.86,False,3.95,22.8,True
4794,2026-05-09,Bhopal,Chinese,430.19,12.77,False,,41.2,True
4795,2026-05-09,Nagpur,Chinese,326.39,13.08,True,4.04,19.6,True
4796,2026-05-09,Hyderabad,North Indian,353.74,14.76,True,4.53,36.7,True
4797,2026-05-09,Delhi,North Indian,420.17,11.58,True,4.26,39.5,True
4798,2026-05-09,Chandigarh,North Indian,444.7,11.89,False,3.86,26.7,True
4799,2026-05-09,Bhopal,North Indian,533.69,9.6,False,3.81,32.4,True
4800,2026-05-09,Pune,South Indian,292.8,13.3,False,3.92,30.3,True
4801,2026-05-09,Bengaluru,Chinese,559.02,15.87,False,4.18,37.7,True
4802,2026-05-09,Ahmedabad,Chinese,256.38,11.56,False,4.39,43.4,True
4803,2026-05-09,Bengaluru,North Indian,422.4,14.65,True,3.57,28.9,True
4804,2026-05-09,Ranchi,Desserts & Bakery,172.78,12.98,True,4.08,28.1,True
4805,2026-05-09,Bengaluru,North Indian,603.02,14.44,True,4.23,20.2,True
4806,2026-05-09,Nagpur,South Indian,223.71,14.55,True,4.36,37.9,True
4807,2026-05-09,Bhopal,North Indian,265.31,16.48,False,4.25,15.5,True
4808,2026-05-09,Delhi,Chinese,326.56,16.08,True,3.62,36.1,True
4809,2026-05-09,Nagpur,Italian,496.34,13.4,False,3.81,26.1,True
4810,2026-05-09,Delhi,Chinese,262.07,12.46,True,4.47,38.1,True
4811,2026-05-09,Delhi,Chinese,358.68,14.62,True,3.96,40.0,True
4812,2026-05-09,Mumbai,North Indian,474.47,15.11,True,3.79,37.8,True
4813,2026-05-09,Chennai,North Indian,530.82,13.78,True,3.91,30.9,True
4814,2026-05-09,Bhopal,Italian,597.7,12.98,True,4.45,29.4,True
4815,2026-05-09,Delhi,North Indian,355.4,13.02,False,5.0,20.3,True
4816,2026-05-09,Ranchi,North Indian,387.5,15.29,True,4.47,22.1,True
4817,2026-05-09,Ahmedabad,Chinese,283.54,12.22,True,3.9,25.5,True
4818,2026-05-09,Bengaluru,Chinese,452.76,14.23,True,,31.2,True
4819,2026-05-09,Pune,North Indian,381.76,15.26,False,3.82,34.6,True
4820,2026-05-10,Mumbai,Desserts & Bakery,199.66,12.16,False,4.25,28.6,True
4821,2026-05-10,Delhi,North Indian,556.34,18.76,True,4.29,22.0,True
4822,2026-05-10,Ranchi,Chinese,514.07,16.63,False,4.03,41.4,True
4823,2026-05-10,Surat,Chinese,407.61,14.2,False,3.58,31.9,True
4824,2026-05-10,Delhi,Chinese,302.38,12.3,True,4.26,20.5,True
4825,2026-05-10,Chennai,Italian,605.7,14.04,True,4.07,31.3,True
4826,2026-05-10,Pune,Chinese,312.72,12.99,True,4.5,35.6,True
4827,2026-05-10,Surat,North Indian,585.3,15.08,True,3.84,34.7,True
4828,2026-05-10,Chennai,South Indian,227.29,16.13,True,3.23,31.7,True
4829,2026-05-10,Delhi,Desserts & Bakery,209.25,16.68,True,3.64,33.4,True
4830,2026-05-10,Pune,Chinese,326.44,13.15,True,2.93,33.7,True
4831,2026-05-10,Chennai,Chinese,453.25,13.95,False,4.32,33.6,True
4832,2026-05-10,Kochi,Chinese,384.19,15.54,True,3.79,33.1,True
4833,2026-05-10,Guwahati,Chinese,375.07,17.15,True,4.36,32.9,True
4834,2026-05-10,Chennai,Chinese,366.71,14.22,True,3.75,31.3,True
4835,2026-05-10,Delhi,North Indian,422.43,13.02,False,4.17,23.5,True
4836,2026-05-10,Bhopal,South Indian,218.66,12.43,False,4.44,30.0,True
4837,2026-05-10,Delhi,South Indian,335.77,18.51,False,3.94,32.2,True
4838,2026-05-10,Bengaluru,South Indian,283.59,16.21,True,4.51,29.8,True
4839,2026-05-10,Ahmedabad,Italian,458.93,13.84,False,4.31,37.3,True
4840,2026-05-10,Pune,Chinese,326.87,16.74,True,,40.5,True
4841,2026-05-10,Kochi,South Indian,324.29,15.67,True,4.23,32.5,True
4842,2026-05-10,Mumbai,Chinese,458.4,12.39,True,4.01,37.9,True
4843,2026-05-10,Chennai,North Indian,470.76,10.3,False,4.3,35.7,True
4844,2026-05-10,Surat,North Indian,489.88,12.9,True,,35.0,True
4845,2026-05-10,Ranchi,Desserts & Bakery,165.95,15.71,False,4.29,40.3,True
4846,2026-05-10,Bengaluru,North Indian,399.85,13.0,True,3.46,22.1,True
4847,2026-05-10,Surat,Desserts & Bakery,208.09,11.94,False,4.51,40.5,True
4848,2026-05-10,Pune,South Indian,192.23,10.48,False,4.34,14.4,True
4849,2026-05-10,Kochi,Chinese,334.87,15.03,False,4.52,36.3,True
4850,2026-05-10,Chandigarh,North Indian,396.94,14.04,True,4.43,38.4,True
4851,2026-05-10,Delhi,Italian,450.55,12.46,True,3.57,33.8,True
4852,2026-05-10,Ranchi,North Indian,369.93,12.62,False,3.47,42.4,True
4853,2026-05-10,Pune,Italian,641.22,13.66,False,4.0,42.5,True
4854,2026-05-10,Ranchi,North Indian,400.65,12.75,True,4.47,30.4,True
4855,2026-05-10,Delhi,North Indian,399.57,16.97,True,4.18,25.7,True
4856,2026-05-10,Pune,Chinese,402.08,14.17,False,4.33,35.5,True
4857,2026-05-10,Ahmedabad,Italian,457.02,14.42,False,,36.9,True
4858,2026-05-10,Pune,Italian,623.1,11.15,True,3.91,33.5,True
4859,2026-05-10,Nagpur,North Indian,530.73,13.92,True,4.11,38.8,True
4860,2026-05-10,Delhi,North Indian,363.15,13.99,True,4.26,21.8,True
4861,2026-05-10,Chennai,South Indian,251.08,14.13,False,4.43,34.4,True
4862,2026-05-10,Guwahati,Desserts & Bakery,231.5,15.7,False,3.78,23.0,True
4863,2026-05-10,Bhopal,Italian,726.44,12.37,False,3.96,34.8,True
4864,2026-05-10,Bengaluru,South Indian,420.2,13.68,True,4.15,32.3,True
4865,2026-05-10,Delhi,North Indian,291.73,17.8,True,4.0,29.9,True
4866,2026-05-10,Mumbai,North Indian,552.89,16.7,True,3.96,42.0,True
4867,2026-05-10,Bengaluru,Chinese,311.08,13.52,True,4.19,34.0,True
4868,2026-05-10,Mumbai,North Indian,493.48,12.47,True,4.42,31.6,True
4869,2026-05-10,Delhi,Italian,537.7,17.05,False,4.0,34.9,True
4870,2026-05-10,Bengaluru,Desserts & Bakery,268.87,17.71,False,4.14,33.1,True
4871,2026-05-10,Chandigarh,Chinese,368.83,14.59,True,4.46,28.9,True
4872,2026-05-10,Guwahati,North Indian,531.62,16.6,False,4.11,33.2,True
4873,2026-05-10,Bengaluru,Chinese,269.08,12.56,True,3.65,29.3,True
4874,2026-05-10,Chennai,Italian,555.51,12.32,False,4.17,30.6,True
4875,2026-05-10,Ahmedabad,North Indian,481.34,16.43,False,3.99,16.4,True
4876,2026-05-10,Guwahati,Italian,615.87,14.89,False,3.45,35.9,True
4877,2026-05-10,Pune,Chinese,297.95,13.13,True,4.06,45.2,True
4878,2026-05-10,Mumbai,Italian,510.85,11.22,False,,41.9,True
4879,2026-05-10,Chennai,North Indian,367.29,15.28,True,3.99,32.9,True
4880,2026-05-10,Chennai,Chinese,392.17,15.64,True,4.1,30.3,True
4881,2026-05-10,Chennai,Desserts & Bakery,218.63,11.26,False,4.09,31.3,True
4882,2026-05-10,Guwahati,Italian,391.0,15.76,True,4.02,32.4,True
4883,2026-05-10,Surat,Chinese,406.26,18.05,False,4.74,43.8,True
4884,2026-05-10,Hyderabad,North Indian,432.04,15.63,True,4.7,36.8,True
4885,2026-05-10,Kochi,Desserts & Bakery,263.73,13.14,False,3.81,46.4,True
4886,2026-05-10,Mumbai,Italian,613.65,13.68,True,4.62,40.6,True
4887,2026-05-10,Mumbai,Desserts & Bakery,232.62,12.51,False,,34.5,True
4888,2026-05-10,Kochi,North Indian,340.02,11.47,True,3.3,39.1,True
4889,2026-05-10,Ahmedabad,North Indian,395.97,15.34,True,4.07,37.0,True
4890,2026-05-10,Chennai,Chinese,422.27,14.24,True,3.57,30.3,True
4891,2026-05-10,Ahmedabad,Italian,402.51,13.33,True,,30.5,True
4892,2026-05-10,Chennai,Chinese,350.69,12.61,False,3.97,27.3,True
4893,2026-05-10,Delhi,Desserts & Bakery,271.19,13.31,True,3.61,31.0,True
4894,2026-05-10,Guwahati,South Indian,290.69,15.32,True,3.9,23.7,True
4895,2026-05-10,Mumbai,Italian,283.12,11.46,False,4.33,22.6,True
4896,2026-05-10,Delhi,Italian,529.76,14.56,True,,27.8,True
4897,2026-05-10,Guwahati,Desserts & Bakery,187.03,15.41,True,,30.8,True
4898,2026-05-10,Ahmedabad,North Indian,409.8,14.78,False,3.97,30.0,True
4899,2026-05-10,Mumbai,Chinese,317.05,13.85,False,4.28,35.0,True
4900,2026-05-10,Bhopal,South Indian,248.44,15.21,False,3.7,29.0,True
4901,2026-05-10,Nagpur,Chinese,430.44,17.08,True,4.07,39.5,True
4902,2026-05-10,Bhopal,Italian,516.13,10.37,True,4.43,23.0,True
4903,2026-05-10,Ahmedabad,Italian,516.16,16.24,False,4.92,32.1,True
4904,2026-05-10,Ahmedabad,North Indian,483.83,12.22,False,3.53,38.4,True
4905,2026-05-10,Guwahati,Desserts & Bakery,253.33,12.2,True,4.13,30.4,True
4906,2026-05-10,Hyderabad,South Indian,149.73,10.21,False,,28.7,True
4907,2026-05-10,Nagpur,South Indian,257.22,16.79,True,4.27,25.2,True
4908,2026-05-10,Delhi,Chinese,168.52,16.43,False,2.96,30.3,True
4909,2026-05-10,Chennai,North Indian,556.68,16.41,False,3.82,28.6,True
4910,2026-05-10,Nagpur,North Indian,390.31,12.74,False,3.95,27.0,True
4911,2026-05-10,Mumbai,Italian,411.2,11.63,False,3.99,41.1,True
4912,2026-05-10,Delhi,South Indian,180.54,13.5,False,,26.8,True
4913,2026-05-10,Bengaluru,South Indian,191.55,15.4,False,4.1,42.4,True
4914,2026-05-10,Guwahati,South Indian,237.97,18.24,True,4.1,45.0,True
4915,2026-05-10,Kochi,North Indian,398.9,13.69,True,,40.1,True
4916,2026-05-10,Ahmedabad,North Indian,290.78,14.05,True,3.92,32.3,True
4917,2026-05-10,Mumbai,South Indian,205.16,17.88,False,4.6,32.3,True
4918,2026-05-10,Surat,Chinese,426.31,17.47,False,3.93,31.5,True
4919,2026-05-10,Delhi,Chinese,432.9,13.84,False,4.16,27.2,True
4920,2026-05-10,Kochi,North Indian,343.88,17.01,True,4.3,38.2,True
4921,2026-05-10,Mumbai,South Indian,317.59,13.8,True,4.24,39.7,True
4922,2026-05-10,Chennai,South Indian,139.69,16.26,False,3.87,32.9,True
4923,2026-05-10,Guwahati,Italian,715.91,15.8,False,4.74,28.8,True
4924,2026-05-10,Mumbai,North Indian,326.69,16.68,False,4.32,36.4,True
4925,2026-05-10,Hyderabad,South Indian,312.29,14.71,True,4.57,38.4,True
4926,2026-05-10,Surat,North Indian,489.23,14.8,True,4.27,47.1,True
4927,2026-05-10,Nagpur,Chinese,322.28,16.82,True,4.51,37.9,True
4928,2026-05-10,Chennai,South Indian,287.16,15.53,False,4.3,33.1,True
4929,2026-05-10,Mumbai,Desserts & Bakery,170.87,15.47,True,4.37,44.8,True
4930,2026-05-10,Nagpur,Desserts & Bakery,200.42,16.1,False,3.19,44.1,True
4931,2026-05-10,Ahmedabad,Desserts & Bakery,279.14,14.04,True,4.41,31.7,True
4932,2026-05-10,Pune,Desserts & Bakery,229.35,14.85,True,4.04,31.9,True
4933,2026-05-10,Delhi,North Indian,585.8,11.06,True,4.46,18.8,True
4934,2026-05-10,Surat,Italian,756.7,14.07,True,3.9,35.7,True
4935,2026-05-10,Ranchi,South Indian,268.73,14.88,True,4.46,30.8,True
4936,2026-05-10,Surat,North Indian,559.56,16.05,True,4.38,43.8,True
4937,2026-05-10,Surat,South Indian,360.62,14.66,False,,30.5,True
4938,2026-05-10,Pune,North Indian,462.56,13.92,True,4.32,29.7,True
4939,2026-05-10,Pune,Chinese,383.18,12.87,False,4.29,38.8,True
4940,2026-05-10,Chandigarh,Chinese,373.11,16.87,False,4.53,31.8,True
4941,2026-05-10,Delhi,South Indian,270.48,12.49,True,,35.5,True
4942,2026-05-10,Chennai,Chinese,264.66,18.29,False,4.63,35.5,True
4943,2026-05-10,Ahmedabad,North Indian,451.65,13.01,True,3.81,32.2,True
4944,2026-05-10,Bhopal,Italian,579.68,14.07,True,3.39,34.7,True
4945,2026-05-10,Bengaluru,North Indian,385.59,15.65,True,3.77,34.8,True
4946,2026-05-10,Guwahati,Italian,475.07,15.58,True,3.39,38.5,True
4947,2026-05-10,Surat,South Indian,306.13,16.17,False,3.61,30.6,True
4948,2026-05-10,Hyderabad,Italian,505.08,13.63,True,3.9,33.5,True
4949,2026-05-10,Chennai,South Indian,355.85,16.96,False,4.57,29.5,True
4950,2026-05-10,Mumbai,Desserts & Bakery,259.61,15.13,True,4.2,42.6,True
4951,2026-05-11,Pune,South Indian,171.24,14.96,False,3.96,41.1,False
4952,2026-05-11,Pune,South Indian,259.21,15.17,False,4.46,41.3,False
4953,2026-05-11,Pune,Desserts & Bakery,190.07,15.73,True,4.22,12.0,False
4954,2026-05-11,Hyderabad,Italian,578.79,16.27,True,3.89,38.8,False
4955,2026-05-11,Ranchi,Chinese,243.77,14.68,True,3.96,41.3,False
4956,2026-05-11,Mumbai,South Indian,260.03,13.01,True,3.75,30.5,False
4957,2026-05-11,Mumbai,Chinese,344.45,12.96,True,3.98,27.1,False
4958,2026-05-11,Guwahati,South Indian,299.68,14.49,True,4.64,42.5,False
4959,2026-05-11,Chennai,Chinese,360.41,16.2,False,,45.7,False
4960,2026-05-11,Bhopal,North Indian,380.08,15.17,True,4.42,41.5,False
4961,2026-05-11,Pune,North Indian,560.94,14.02,True,4.97,43.4,False
4962,2026-05-11,Hyderabad,South Indian,151.35,16.62,False,4.18,36.9,False
4963,2026-05-11,Guwahati,Chinese,422.98,13.9,True,3.82,24.9,False
4964,2026-05-11,Mumbai,Chinese,259.47,14.29,True,4.17,36.1,False
4965,2026-05-11,Pune,South Indian,333.25,10.31,False,4.64,39.7,False
4966,2026-05-11,Pune,Italian,562.92,9.76,True,3.66,38.2,False
4967,2026-05-11,Guwahati,Chinese,374.07,15.18,False,4.18,17.5,False
4968,2026-05-11,Delhi,Chinese,336.38,14.66,True,4.17,40.1,False
4969,2026-05-11,Kochi,Chinese,365.06,16.3,False,3.81,44.1,False
4970,2026-05-11,Guwahati,Chinese,301.11,12.86,True,3.66,37.2,False
4971,2026-05-11,Bengaluru,North Indian,461.07,18.65,False,,29.8,False
4972,2026-05-11,Delhi,Chinese,553.97,14.71,True,4.55,38.7,False
4973,2026-05-11,Bengaluru,South Indian,215.02,14.12,True,4.58,40.4,False
4974,2026-05-11,Ahmedabad,Italian,528.85,15.33,False,4.7,32.5,False
4975,2026-05-11,Nagpur,North Indian,490.32,12.96,False,3.58,37.6,False
4976,2026-05-11,Delhi,Italian,686.25,14.08,True,4.25,33.5,False
4977,2026-05-11,Bhopal,Chinese,227.32,12.09,False,3.83,21.7,False
4978,2026-05-11,Chandigarh,Italian,531.0,12.35,True,3.84,28.4,False
4979,2026-05-11,Nagpur,Italian,518.86,10.99,True,4.79,20.7,False
4980,2026-05-11,Mumbai,Chinese,246.74,14.72,True,4.12,38.0,False
4981,2026-05-11,Hyderabad,South Indian,163.25,14.4,True,3.86,28.8,False
4982,2026-05-11,Surat,North Indian,542.29,11.38,True,4.61,27.2,False
4983,2026-05-11,Chennai,South Indian,223.19,14.87,True,5.0,34.5,False
4984,2026-05-11,Hyderabad,South Indian,280.69,11.91,True,,23.0,False
4985,2026-05-11,Ranchi,South Indian,200.73,14.8,True,4.13,36.4,False
4986,2026-05-11,Ranchi,South Indian,348.77,16.04,False,4.15,28.5,False
4987,2026-05-11,Ahmedabad,South Indian,196.23,15.53,True,3.84,39.1,False
4988,2026-05-11,Pune,Italian,430.49,15.46,False,4.54,26.8,False
4989,2026-05-11,Kochi,Chinese,329.13,12.31,True,4.11,36.5,False
4990,2026-05-11,Mumbai,North Indian,454.74,16.01,False,4.15,41.9,False
4991,2026-05-11,Bengaluru,Chinese,350.08,14.02,True,4.38,33.9,False
4992,2026-05-11,Nagpur,North Indian,379.87,18.24,False,4.26,26.1,False
4993,2026-05-11,Bhopal,North Indian,575.6,13.75,True,4.13,41.6,False
4994,2026-05-11,Bengaluru,Chinese,364.98,14.89,False,4.06,46.4,False
4995,2026-05-11,Bhopal,Desserts & Bakery,196.54,12.5,True,,36.6,False
4996,2026-05-11,Mumbai,South Indian,144.29,14.73,True,4.0,26.6,False
4997,2026-05-11,Nagpur,Chinese,319.94,13.17,True,3.81,36.8,False
4998,2026-05-11,Ranchi,North Indian,400.29,17.38,False,3.66,34.7,False
4999,2026-05-11,Delhi,South Indian,256.8,15.41,True,4.25,34.4,False
5000,2026-05-11,Mumbai,North Indian,483.46,12.94,True,4.69,33.0,False
5001,2026-05-11,Pune,Chinese,442.62,11.63,True,4.4,36.2,False
5002,2026-05-11,Chennai,Chinese,366.19,17.55,False,,35.2,False
5003,2026-05-11,Nagpur,North Indian,542.2,16.1,True,4.33,27.1,False
5004,2026-05-11,Guwahati,South Indian,319.33,14.96,True,4.41,26.2,False
5005,2026-05-11,Hyderabad,Chinese,222.48,15.9,True,3.64,35.9,False
5006,2026-05-11,Chennai,North Indian,415.26,14.09,False,4.25,21.4,False
5007,2026-05-11,Ranchi,Italian,535.41,15.52,False,4.37,26.9,False
5008,2026-05-11,Hyderabad,Desserts & Bakery,196.95,14.82,False,4.65,34.2,False
5009,2026-05-11,Kochi,South Indian,258.99,13.48,True,4.08,21.8,False
5010,2026-05-11,Mumbai,North Indian,544.2,14.88,True,3.72,31.5,False
5011,2026-05-11,Hyderabad,North Indian,354.2,13.64,True,4.09,33.5,False
5012,2026-05-11,Ranchi,South Indian,269.72,14.56,True,4.28,36.3,False
5013,2026-05-11,Bhopal,Chinese,326.65,13.83,False,3.87,33.3,False
5014,2026-05-11,Bhopal,South Indian,220.68,12.68,False,4.28,38.2,False
5015,2026-05-11,Kochi,North Indian,471.99,15.2,True,4.3,34.6,False
5016,2026-05-11,Mumbai,Chinese,267.37,13.7,False,3.81,31.7,False
5017,2026-05-11,Hyderabad,North Indian,336.63,16.93,True,3.84,23.7,False
5018,2026-05-11,Mumbai,Italian,453.16,17.23,True,4.45,38.3,False
5019,2026-05-11,Mumbai,North Indian,271.42,12.9,True,3.5,40.3,False
5020,2026-05-11,Hyderabad,North Indian,504.15,17.56,False,4.54,30.0,False
5021,2026-05-11,Bengaluru,North Indian,567.38,12.12,False,,41.3,False
5022,2026-05-11,Kochi,South Indian,223.97,13.98,False,4.01,29.4,False
5023,2026-05-11,Bhopal,North Indian,315.55,11.01,False,3.69,45.0,False
5024,2026-05-11,Kochi,North Indian,541.17,16.27,False,3.7,33.0,False
5025,2026-05-11,Bhopal,Chinese,470.71,11.48,True,3.96,40.5,False
5026,2026-05-11,Nagpur,Chinese,415.53,13.4,True,4.32,32.7,False
5027,2026-05-11,Guwahati,North Indian,418.52,13.64,False,4.14,28.6,False
5028,2026-05-11,Mumbai,Italian,708.05,15.8,True,3.6,38.5,False
5029,2026-05-11,Ranchi,North Indian,461.1,12.96,True,3.8,39.6,False
5030,2026-05-11,Bengaluru,Chinese,388.49,16.28,False,3.74,32.7,False
5031,2026-05-11,Hyderabad,South Indian,245.02,17.35,True,3.49,32.5,False
5032,2026-05-11,Pune,North Indian,319.74,12.85,False,3.82,49.0,False
5033,2026-05-11,Ranchi,Italian,499.71,12.09,False,3.78,36.6,False
5034,2026-05-11,Hyderabad,Chinese,418.58,16.48,True,3.02,44.9,False
5035,2026-05-11,Surat,Italian,383.4,14.54,True,4.15,42.2,False
5036,2026-05-11,Pune,Chinese,352.78,15.15,True,3.7,30.9,False
5037,2026-05-11,Pune,South Indian,168.54,15.14,False,4.63,31.1,False
5038,2026-05-11,Guwahati,Italian,530.0,10.51,True,4.27,40.3,False
5039,2026-05-11,Guwahati,North Indian,507.07,19.0,True,3.94,37.3,False
5040,2026-05-11,Ahmedabad,Chinese,368.7,18.09,True,5.0,33.9,False
5041,2026-05-11,Pune,South Indian,182.9,15.53,True,4.44,30.8,False
5042,2026-05-11,Hyderabad,North Indian,470.78,14.08,True,4.61,43.0,False
5043,2026-05-11,Ahmedabad,South Indian,210.67,16.84,True,3.87,27.5,False
5044,2026-05-11,Delhi,North Indian,512.34,17.14,False,4.46,30.4,False
5045,2026-05-11,Chennai,Chinese,504.45,11.82,True,4.38,26.3,False
5046,2026-05-11,Delhi,North Indian,527.41,11.56,False,4.03,31.9,False
5047,2026-05-11,Delhi,North Indian,474.98,12.22,True,4.64,23.2,False
5048,2026-05-11,Hyderabad,North Indian,401.61,14.51,False,4.34,37.4,False
5049,2026-05-11,Chennai,North Indian,396.39,15.04,False,4.62,34.0,False
5050,2026-05-11,Kochi,Chinese,321.17,13.67,True,4.2,30.1,False
5051,2026-05-11,Chennai,Italian,515.75,14.37,True,4.26,30.6,False
5052,2026-05-11,Bengaluru,North Indian,514.96,15.14,False,4.55,37.1,False
5053,2026-05-11,Ahmedabad,South Indian,288.41,12.76,False,4.58,34.6,False
5054,2026-05-11,Kochi,Chinese,447.68,16.94,False,,27.4,False
5055,2026-05-11,Ahmedabad,North Indian,353.79,12.42,False,4.07,35.8,False
5056,2026-05-11,Bengaluru,Chinese,407.7,17.29,False,,36.8,False
5057,2026-05-11,Bengaluru,North Indian,436.37,15.87,True,4.17,49.6,False
5058,2026-05-11,Bhopal,North Indian,389.82,15.21,True,3.94,45.8,False
5059,2026-05-11,Kochi,North Indian,369.54,15.28,True,4.1,30.1,False
5060,2026-05-11,Ahmedabad,North Indian,412.93,16.25,False,4.14,24.3,False
5061,2026-05-11,Pune,North Indian,346.67,12.69,False,4.57,42.2,False
5062,2026-05-11,Mumbai,North Indian,484.31,15.32,True,4.05,32.0,False
5063,2026-05-11,Pune,South Indian,296.86,13.57,False,,42.7,False
5064,2026-05-11,Surat,North Indian,524.83,16.13,True,3.86,39.1,False
5065,2026-05-11,Bhopal,Italian,660.01,14.27,True,4.12,32.2,False
5066,2026-05-11,Pune,South Indian,241.25,17.4,True,3.8,35.4,False
5067,2026-05-11,Delhi,Chinese,375.59,11.89,False,4.4,37.4,False
5068,2026-05-11,Mumbai,Desserts & Bakery,268.6,11.88,True,4.37,30.3,False
5069,2026-05-11,Mumbai,Desserts & Bakery,239.32,12.08,False,3.31,37.4,False
5070,2026-05-11,Chennai,Chinese,227.28,10.34,False,3.94,38.1,False
5071,2026-05-11,Delhi,Italian,473.78,13.45,False,3.04,36.7,False
5072,2026-05-11,Delhi,North Indian,448.57,13.88,False,4.48,37.2,False
5073,2026-05-11,Delhi,Chinese,451.92,16.64,True,4.33,30.7,False
5074,2026-05-11,Nagpur,Chinese,441.64,16.18,True,4.02,25.8,False
5075,2026-05-11,Chennai,Chinese,400.51,16.52,False,,33.4,False
5076,2026-05-11,Nagpur,Chinese,282.6,13.08,False,3.84,34.3,False
5077,2026-05-12,Bhopal,Italian,401.19,16.47,False,4.23,28.6,False
5078,2026-05-12,Bhopal,Desserts & Bakery,265.85,14.2,True,3.85,32.7,False
5079,2026-05-12,Bengaluru,North Indian,370.81,10.99,True,4.13,38.3,False
5080,2026-05-12,Nagpur,Italian,596.25,17.3,True,3.65,30.0,False
5081,2026-05-12,Guwahati,Desserts & Bakery,227.81,14.59,False,4.61,33.9,False
5082,2026-05-12,Hyderabad,North Indian,396.32,12.12,True,4.14,36.3,False
5083,2026-05-12,Hyderabad,North Indian,399.95,13.4,True,4.47,34.0,False
5084,2026-05-12,Chandigarh,North Indian,350.53,13.44,True,4.37,31.0,False
5085,2026-05-12,Kochi,Chinese,206.75,17.37,True,,29.8,False
5086,2026-05-12,Bhopal,North Indian,270.27,9.7,True,3.57,38.0,False
5087,2026-05-12,Delhi,South Indian,276.74,12.36,True,4.18,30.8,False
5088,2026-05-12,Chennai,North Indian,402.75,12.9,False,4.01,18.1,False
5089,2026-05-12,Bhopal,Chinese,338.65,17.48,True,4.4,24.4,False
5090,2026-05-12,Chennai,Desserts & Bakery,154.34,16.14,True,4.23,36.2,False
5091,2026-05-12,Bhopal,Chinese,312.66,17.97,True,,33.0,False
5092,2026-05-12,Nagpur,Desserts & Bakery,220.47,17.21,True,3.85,32.6,False
5093,2026-05-12,Chennai,Chinese,390.26,15.83,True,3.76,31.3,False
5094,2026-05-12,Guwahati,South Indian,336.75,12.15,False,3.8,25.3,False
5095,2026-05-12,Bengaluru,South Indian,287.34,14.07,True,3.87,31.9,False
5096,2026-05-12,Bengaluru,North Indian,396.88,16.12,True,3.91,46.1,False
5097,2026-05-12,Guwahati,North Indian,341.39,11.33,False,4.44,50.3,False
5098,2026-05-12,Pune,Chinese,423.69,11.97,False,4.69,37.5,False
5099,2026-05-12,Bengaluru,South Indian,247.15,11.47,True,3.96,32.6,False
5100,2026-05-12,Bhopal,Italian,579.17,15.17,True,4.23,35.4,False
5101,2026-05-12,Pune,Chinese,287.42,15.35,False,3.68,26.7,False
5102,2026-05-12,Chandigarh,South Indian,280.96,9.05,True,3.82,32.2,False
5103,2026-05-12,Chennai,North Indian,470.49,17.39,False,4.11,38.9,False
5104,2026-05-12,Surat,North Indian,315.31,14.89,True,4.03,33.6,False
5105,2026-05-12,Mumbai,South Indian,335.15,16.11,True,4.01,48.1,False
5106,2026-05-12,Guwahati,North Indian,387.43,15.6,False,4.11,39.9,False
5107,2026-05-12,Chandigarh,North Indian,543.61,16.59,False,4.54,38.0,False
5108,2026-05-12,Pune,North Indian,445.85,15.91,False,3.42,35.4,False
5109,2026-05-12,Chandigarh,Chinese,320.86,16.4,True,4.3,34.4,False
5110,2026-05-12,Chandigarh,North Indian,482.53,16.58,True,,34.4,False
5111,2026-05-12,Nagpur,North Indian,492.12,13.24,True,4.07,30.2,False
5112,2026-05-12,Delhi,North Indian,475.63,16.81,True,3.99,34.9,False
5113,2026-05-12,Chennai,North Indian,410.02,10.83,False,4.2,25.8,False
5114,2026-05-12,Ahmedabad,Italian,463.93,12.14,False,4.25,33.8,False
5115,2026-05-12,Bengaluru,North Indian,442.89,14.14,True,,33.4,False
5116,2026-05-12,Chennai,South Indian,213.85,16.43,False,4.52,38.0,False
5117,2026-05-12,Delhi,Chinese,313.14,15.63,False,4.76,48.5,False
5118,2026-05-12,Hyderabad,Italian,368.89,14.33,True,3.15,38.3,False
5119,2026-05-12,Surat,North Indian,391.53,11.27,True,4.09,50.5,False
5120,2026-05-12,Kochi,Italian,556.96,17.04,True,3.91,26.6,False
5121,2026-05-12,Delhi,North Indian,363.02,15.46,True,3.9,37.5,False
5122,2026-05-12,Hyderabad,North Indian,475.3,14.76,False,3.87,39.9,False
5123,2026-05-12,Kochi,Desserts & Bakery,220.96,14.22,False,4.43,35.3,False
5124,2026-05-12,Kochi,South Indian,189.66,12.72,True,3.84,41.4,False
5125,2026-05-12,Delhi,North Indian,404.44,11.66,True,3.96,35.7,False
5126,2026-05-12,Nagpur,North Indian,356.43,13.56,False,4.73,36.5,False
5127,2026-05-12,Chennai,Italian,367.29,12.28,True,4.02,33.2,False
5128,2026-05-12,Ranchi,South Indian,156.48,15.72,True,3.67,42.2,False
5129,2026-05-12,Delhi,South Indian,267.87,15.14,True,3.6,48.6,False
5130,2026-05-12,Chennai,North Indian,418.08,14.19,True,3.9,37.4,False
5131,2026-05-12,Surat,North Indian,247.85,11.9,False,4.39,36.7,False
5132,2026-05-12,Bhopal,North Indian,443.51,18.9,True,4.11,29.1,False
5133,2026-05-12,Chennai,North Indian,356.89,15.43,False,4.41,27.5,False
5134,2026-05-12,Pune,North Indian,461.11,16.52,True,4.2,33.2,False
5135,2026-05-12,Mumbai,Italian,499.22,14.49,False,4.27,29.7,False
5136,2026-05-12,Hyderabad,Chinese,389.67,17.36,False,4.03,39.9,False
5137,2026-05-12,Surat,Italian,608.18,18.53,False,4.48,52.4,False
5138,2026-05-12,Nagpur,Chinese,429.98,15.44,True,4.11,30.4,False
5139,2026-05-12,Delhi,North Indian,286.84,14.61,False,3.77,33.9,False
5140,2026-05-12,Ranchi,South Indian,304.71,16.33,True,3.93,31.7,False
5141,2026-05-12,Bengaluru,South Indian,331.55,14.91,False,4.04,31.9,False
5142,2026-05-12,Chandigarh,South Indian,259.23,14.79,True,3.91,33.5,False
5143,2026-05-12,Chennai,South Indian,179.33,15.17,False,3.88,37.3,False
5144,2026-05-12,Bengaluru,Chinese,283.16,14.86,False,3.71,48.4,False
5145,2026-05-12,Chennai,Italian,488.48,14.03,True,4.23,36.4,False
5146,2026-05-12,Hyderabad,Italian,398.34,18.2,True,4.05,50.9,False
5147,2026-05-12,Surat,South Indian,269.43,14.27,False,4.15,39.8,False
5148,2026-05-12,Bengaluru,North Indian,550.68,15.34,True,4.14,34.1,False
5149,2026-05-12,Bengaluru,South Indian,399.0,13.8,True,3.6,25.7,False
5150,2026-05-12,Ranchi,North Indian,429.23,16.11,False,4.52,39.7,False
5151,2026-05-12,Nagpur,North Indian,536.27,14.49,False,4.4,32.2,False
5152,2026-05-12,Ranchi,North Indian,489.27,14.8,True,4.2,46.8,False
5153,2026-05-12,Pune,Italian,616.7,13.69,False,3.95,34.9,False
5154,2026-05-12,Nagpur,North Indian,480.33,17.77,False,3.85,33.7,False
5155,2026-05-12,Hyderabad,North Indian,519.57,15.79,True,3.76,30.8,False
5156,2026-05-12,Surat,Chinese,332.05,18.92,True,4.42,36.0,False
5157,2026-05-12,Bengaluru,South Indian,326.15,14.62,False,4.72,27.7,False
5158,2026-05-12,Bengaluru,North Indian,381.3,15.69,True,3.73,34.1,False
5159,2026-05-12,Guwahati,Desserts & Bakery,136.47,15.41,False,4.6,32.5,False
5160,2026-05-12,Ranchi,North Indian,468.45,18.42,False,3.48,29.5,False
5161,2026-05-12,Hyderabad,Italian,647.69,16.09,False,3.82,39.0,False
5162,2026-05-12,Surat,Italian,496.33,17.34,True,3.72,29.9,False
5163,2026-05-12,Bhopal,Chinese,417.83,14.55,False,3.75,21.3,False
5164,2026-05-12,Bhopal,North Indian,442.8,18.63,False,4.19,38.9,False
5165,2026-05-12,Hyderabad,North Indian,434.23,13.32,False,4.26,19.9,False
5166,2026-05-12,Mumbai,North Indian,432.61,14.6,True,,42.2,False
5167,2026-05-12,Hyderabad,South Indian,238.63,14.28,False,3.94,32.6,False
5168,2026-05-12,Bengaluru,North Indian,457.15,15.0,False,,14.8,False
5169,2026-05-12,Bhopal,North Indian,504.6,13.23,True,3.67,35.6,False
5170,2026-05-12,Ranchi,North Indian,345.69,11.08,False,3.63,35.3,False
5171,2026-05-12,Ahmedabad,Chinese,349.17,15.86,True,4.26,30.9,False
5172,2026-05-12,Delhi,North Indian,482.38,13.39,False,4.09,24.5,False
5173,2026-05-12,Bengaluru,South Indian,288.72,13.19,True,3.95,32.8,False
5174,2026-05-12,Mumbai,Desserts & Bakery,177.33,14.34,True,,33.7,False
5175,2026-05-12,Bengaluru,Chinese,352.07,14.18,True,4.6,16.6,False
5176,2026-05-12,Hyderabad,North Indian,458.23,11.3,False,4.22,29.4,False
5177,2026-05-12,Chandigarh,South Indian,305.88,16.69,False,3.84,35.4,False
5178,2026-05-12,Ahmedabad,South Indian,280.95,13.01,False,3.56,29.2,False
5179,2026-05-12,Kochi,Italian,451.68,15.93,False,4.41,23.2,False
5180,2026-05-12,Kochi,Chinese,322.82,14.62,False,4.21,38.0,False
5181,2026-05-12,Bengaluru,Italian,200.32,18.44,False,3.5,30.8,False
5182,2026-05-12,Delhi,South Indian,234.62,15.24,True,4.42,33.2,False
5183,2026-05-12,Nagpur,North Indian,487.46,11.22,True,3.8,31.0,False
5184,2026-05-12,Surat,Chinese,342.77,16.58,False,4.29,33.8,False
5185,2026-05-12,Chennai,Chinese,301.39,15.36,True,4.61,38.0,False
5186,2026-05-12,Chandigarh,South Indian,295.45,12.91,False,4.05,21.3,False
5187,2026-05-12,Ahmedabad,North Indian,362.9,15.46,False,,18.4,False
5188,2026-05-12,Bhopal,Chinese,529.92,15.79,True,3.69,32.0,False
5189,2026-05-12,Surat,Chinese,227.13,17.03,True,3.76,30.7,False
5190,2026-05-12,Mumbai,North Indian,376.68,16.0,False,4.18,36.7,False
5191,2026-05-12,Guwahati,Desserts & Bakery,211.96,12.09,False,,37.9,False
5192,2026-05-12,Chandigarh,North Indian,356.04,13.58,True,3.96,38.9,False
5193,2026-05-12,Delhi,North Indian,384.45,14.31,False,,25.0,False
5194,2026-05-12,Delhi,South Indian,145.05,14.65,False,4.08,37.8,False
5195,2026-05-12,Ahmedabad,South Indian,321.68,11.96,False,3.33,34.1,False
5196,2026-05-12,Guwahati,North Indian,374.28,13.24,True,4.41,35.5,False
5197,2026-05-12,Delhi,North Indian,275.02,16.12,False,4.11,23.6,False
5198,2026-05-12,Bhopal,Desserts & Bakery,190.29,13.6,False,4.53,30.4,False
5199,2026-05-12,Ahmedabad,Desserts & Bakery,150.56,13.47,False,4.53,31.4,False
5200,2026-05-13,Hyderabad,Chinese,399.02,16.35,False,,34.1,False
5201,2026-05-13,Bengaluru,Italian,504.2,12.91,False,4.76,39.4,False
5202,2026-05-13,Delhi,Chinese,423.58,14.78,True,4.44,26.4,False
5203,2026-05-13,Chandigarh,Chinese,549.61,15.9,True,3.34,33.1,False
5204,2026-05-13,Chennai,North Indian,412.68,12.04,True,2.9,35.9,False
5205,2026-05-13,Nagpur,North Indian,380.51,12.69,True,3.95,32.7,False
5206,2026-05-13,Chennai,Chinese,392.99,12.5,False,4.22,38.7,False
5207,2026-05-13,Guwahati,South Indian,256.87,15.41,True,3.77,43.5,False
5208,2026-05-13,Bhopal,North Indian,382.53,11.75,False,3.96,47.7,False
5209,2026-05-13,Chandigarh,Italian,307.5,16.44,False,3.87,27.5,False
5210,2026-05-13,Pune,North Indian,443.57,16.63,False,4.34,37.1,False
5211,2026-05-13,Chennai,North Indian,450.98,10.71,True,3.77,32.3,False
5212,2026-05-13,Pune,Chinese,281.63,12.03,True,3.74,40.7,False
5213,2026-05-13,Bengaluru,Chinese,408.17,11.25,True,4.31,35.3,False
5214,2026-05-13,Mumbai,Italian,571.78,15.92,True,,38.6,False
5215,2026-05-13,Chandigarh,North Indian,510.13,15.64,True,3.82,33.4,False
5216,2026-05-13,Mumbai,North Indian,455.26,11.76,False,4.47,27.4,False
5217,2026-05-13,Chandigarh,Italian,495.29,13.31,False,4.12,26.5,False
5218,2026-05-13,Hyderabad,North Indian,401.38,17.81,True,4.48,34.1,False
5219,2026-05-13,Hyderabad,North Indian,618.05,16.63,False,4.07,27.9,False
5220,2026-05-13,Guwahati,North Indian,497.44,15.34,False,3.81,30.1,False
5221,2026-05-13,Bengaluru,North Indian,448.78,14.35,True,4.3,36.1,False
5222,2026-05-13,Surat,North Indian,244.6,12.88,True,3.58,40.9,False
5223,2026-05-13,Chennai,Italian,438.24,15.21,False,4.11,12.0,False
5224,2026-05-13,Pune,North Indian,450.63,16.6,True,4.41,22.6,False
5225,2026-05-13,Guwahati,South Indian,242.92,12.42,False,4.35,34.6,False
5226,2026-05-13,Bhopal,Chinese,408.02,14.85,True,3.46,31.4,False
5227,2026-05-13,Chandigarh,North Indian,330.15,11.92,False,3.98,30.2,False
5228,2026-05-13,Mumbai,Chinese,211.97,12.98,True,4.19,39.8,False
5229,2026-05-13,Pune,North Indian,424.41,14.68,False,3.82,34.4,False
5230,2026-05-13,Delhi,North Indian,271.81,14.83,True,4.61,39.9,False
5231,2026-05-13,Delhi,Italian,491.12,12.51,False,4.08,33.6,False
5232,2026-05-13,Bhopal,Chinese,258.65,15.86,True,,26.0,False
5233,2026-05-13,Kochi,North Indian,349.36,14.21,True,3.95,32.6,False
5234,2026-05-13,Nagpur,South Indian,150.18,17.13,False,3.86,42.1,False
5235,2026-05-13,Ahmedabad,South Indian,236.79,14.89,True,4.31,31.7,False
5236,2026-05-13,Ahmedabad,Desserts & Bakery,179.84,15.29,False,4.41,36.1,False
5237,2026-05-13,Mumbai,South Indian,172.16,15.78,True,4.04,27.3,False
5238,2026-05-13,Chandigarh,North Indian,367.09,14.8,False,3.67,62.6,False
5239,2026-05-13,Ahmedabad,North Indian,409.81,14.95,True,3.89,39.0,False
5240,2026-05-13,Bhopal,Chinese,388.94,13.07,False,4.53,33.0,False
5241,2026-05-13,Surat,Desserts & Bakery,229.26,12.7,True,4.33,29.6,False
5242,2026-05-13,Pune,Chinese,313.53,12.43,False,4.35,26.5,False
5243,2026-05-13,,North Indian,587.47,13.12,True,3.85,29.4,False
5244,2026-05-13,Ranchi,North Indian,591.2,13.27,True,4.51,33.5,False
5245,2026-05-13,Bengaluru,Chinese,216.16,11.1,True,,23.2,False
5246,2026-05-13,Bengaluru,South Indian,231.84,16.15,True,4.33,38.1,False
5247,2026-05-13,Ahmedabad,North Indian,383.75,13.89,False,3.97,29.9,False
5248,2026-05-13,Nagpur,Desserts & Bakery,260.88,14.32,False,3.91,22.3,False
5249,2026-05-13,Chennai,Italian,621.24,18.63,True,3.91,40.5,False
5250,2026-05-13,Pune,North Indian,490.83,16.91,False,4.23,34.9,False
5251,2026-05-13,Bhopal,Chinese,386.22,12.57,False,4.0,42.5,False
5252,2026-05-13,Delhi,Italian,608.98,11.63,True,,30.0,False
5253,2026-05-13,Chennai,South Indian,318.7,16.89,True,4.2,39.1,False
5254,2026-05-13,Bengaluru,North Indian,482.73,19.85,True,3.88,30.6,False
5255,2026-05-13,Bengaluru,Chinese,388.2,14.69,True,3.75,33.8,False
5256,2026-05-13,Bengaluru,Chinese,321.01,16.13,True,4.4,37.8,False
5257,2026-05-13,Chennai,North Indian,459.8,15.44,False,3.92,40.8,False
5258,2026-05-13,Bengaluru,South Indian,165.69,14.83,False,4.52,38.3,False
5259,2026-05-13,Bhopal,North Indian,388.46,14.83,False,3.83,28.2,False
5260,2026-05-13,Pune,Desserts & Bakery,254.54,13.75,True,3.63,38.5,False
5261,2026-05-13,Delhi,Chinese,393.28,13.91,False,4.8,30.9,False
5262,2026-05-13,Mumbai,North Indian,423.31,15.51,True,3.89,46.1,False
5263,2026-05-13,Mumbai,Desserts & Bakery,272.01,13.9,True,5.0,37.1,False
5264,2026-05-13,Bhopal,Italian,440.5,12.79,False,4.14,23.3,False
5265,2026-05-13,Ahmedabad,North Indian,384.29,11.36,True,4.12,33.6,False
5266,2026-05-13,Bengaluru,North Indian,394.07,14.07,False,4.17,38.6,False
5267,2026-05-13,Hyderabad,Chinese,324.24,11.34,False,,29.5,False
5268,2026-05-13,Chennai,North Indian,395.15,12.59,True,3.78,35.0,False
5269,2026-05-13,Pune,Chinese,439.57,13.41,True,3.73,37.7,False
5270,2026-05-13,Ahmedabad,Italian,401.15,14.39,True,,31.5,False
5271,2026-05-13,Mumbai,Desserts & Bakery,278.0,13.39,True,4.16,36.1,False
5272,2026-05-13,Ranchi,North Indian,381.98,16.29,True,3.23,20.3,False
5273,2026-05-13,Bhopal,North Indian,305.21,13.67,False,3.9,36.6,False
5274,2026-05-13,Guwahati,Chinese,435.22,10.91,True,4.22,33.0,False
5275,2026-05-13,Bhopal,North Indian,568.42,10.29,True,4.13,38.9,False
5276,2026-05-13,Mumbai,Chinese,241.7,14.02,True,4.29,34.7,False
5277,2026-05-13,Kochi,Chinese,357.43,17.41,True,3.82,47.7,False
5278,2026-05-13,Mumbai,Italian,353.1,13.23,False,4.53,33.3,False
5279,2026-05-13,Chandigarh,North Indian,364.19,17.52,True,3.93,29.2,False
5280,2026-05-13,Bhopal,North Indian,533.33,10.28,False,,40.3,False
5281,2026-05-13,Mumbai,North Indian,270.76,18.4,True,4.38,26.2,False
5282,2026-05-13,Delhi,North Indian,415.79,18.29,True,4.52,39.1,False
5283,2026-05-13,Bhopal,Chinese,269.15,15.99,True,2.93,25.1,False
5284,2026-05-13,Chennai,South Indian,260.18,13.29,True,,29.6,False
5285,2026-05-13,Guwahati,Chinese,377.21,11.64,True,4.85,31.7,False
5286,2026-05-13,Ranchi,Desserts & Bakery,287.05,12.67,False,3.9,30.4,False
5287,2026-05-13,Mumbai,Chinese,348.28,13.11,True,4.05,40.7,False
5288,2026-05-13,Surat,Italian,461.89,12.0,True,4.07,42.3,False
5289,2026-05-13,Ahmedabad,South Indian,264.61,15.55,True,3.68,29.0,False
5290,2026-05-13,Delhi,Chinese,315.5,12.64,False,4.3,33.5,False
5291,2026-05-13,Pune,Chinese,339.4,15.51,True,4.27,30.3,False
5292,2026-05-13,Delhi,Desserts & Bakery,252.41,8.92,True,3.77,26.0,False
5293,2026-05-13,Ahmedabad,Chinese,330.91,13.61,False,4.3,40.3,False
5294,2026-05-13,Bhopal,Italian,618.03,11.03,True,4.85,29.8,False
5295,2026-05-13,Chennai,Desserts & Bakery,259.65,15.29,False,,33.0,False
5296,2026-05-13,Pune,Chinese,339.95,14.23,True,4.32,35.6,False
5297,2026-05-13,Mumbai,Chinese,350.22,12.53,True,3.98,28.0,False
5298,2026-05-13,Guwahati,Chinese,402.29,13.95,True,4.33,33.7,False
5299,2026-05-13,Surat,North Indian,401.42,11.75,False,4.83,32.8,False
5300,2026-05-13,Chennai,South Indian,297.7,14.9,True,3.59,32.4,False
5301,2026-05-13,Pune,North Indian,359.28,13.82,False,4.28,24.6,False
5302,2026-05-13,Guwahati,Chinese,370.55,15.22,True,4.55,30.5,False
5303,2026-05-13,Chennai,Chinese,303.04,15.34,True,3.59,30.7,False
5304,2026-05-13,,South Indian,278.32,15.58,False,3.57,28.5,False
5305,2026-05-13,Bengaluru,South Indian,203.85,14.08,True,,27.8,False
5306,2026-05-13,Surat,Chinese,322.13,15.52,True,4.22,32.6,False
5307,2026-05-14,Hyderabad,South Indian,298.1,12.97,True,4.67,26.1,False
5308,2026-05-14,Delhi,South Indian,182.61,14.59,True,4.35,32.0,False
5309,2026-05-14,Hyderabad,North Indian,558.31,15.2,False,3.93,32.4,False
5310,2026-05-14,Ranchi,Italian,388.88,12.85,True,4.31,33.1,False
5311,2026-05-14,Delhi,North Indian,398.39,16.22,True,3.72,39.6,False
5312,2026-05-14,Mumbai,South Indian,162.54,12.64,False,,38.1,False
5313,2026-05-14,Kochi,North Indian,340.15,14.61,True,3.99,28.9,False
5314,2026-05-14,Hyderabad,South Indian,223.72,14.56,True,4.57,31.4,False
5315,2026-05-14,Delhi,Chinese,260.38,12.74,True,4.2,30.0,False
5316,2026-05-14,Bengaluru,North Indian,466.37,11.89,False,4.45,30.9,False
5317,2026-05-14,Bengaluru,Chinese,241.98,16.04,False,,32.2,False
5318,2026-05-14,Chandigarh,North Indian,341.6,15.91,True,3.84,28.7,False
5319,2026-05-14,Mumbai,Chinese,307.19,14.09,False,4.13,48.3,False
5320,2026-05-14,Chandigarh,North Indian,457.12,19.17,False,3.82,32.8,False
5321,2026-05-14,Pune,South Indian,212.5,14.44,True,4.22,22.1,False
5322,2026-05-14,Nagpur,Italian,542.65,14.83,True,4.0,27.1,False
5323,2026-05-14,Pune,South Indian,255.78,15.37,True,4.02,29.1,False
5324,2026-05-14,Guwahati,Italian,375.74,14.79,False,3.82,40.2,False
5325,2026-05-14,Mumbai,South Indian,144.18,16.78,True,3.83,32.5,False
5326,2026-05-14,Chandigarh,North Indian,398.63,15.26,True,4.65,37.6,False
5327,2026-05-14,Pune,North Indian,514.73,14.55,False,4.41,33.0,False
5328,2026-05-14,Bengaluru,North Indian,360.38,12.87,True,3.52,37.4,False
5329,2026-05-14,Bengaluru,South Indian,214.11,12.15,True,4.47,43.0,False
5330,2026-05-14,Ranchi,North Indian,551.99,16.33,True,3.74,38.4,False
5331,2026-05-14,Bhopal,Chinese,449.64,12.94,False,4.65,30.3,False
5332,2026-05-14,Bengaluru,Chinese,340.26,11.04,False,3.71,34.8,False
5333,2026-05-14,Nagpur,Chinese,423.71,14.26,True,3.9,25.6,False
5334,2026-05-14,Ahmedabad,Desserts & Bakery,140.65,14.95,False,,35.1,False
5335,2026-05-14,Pune,North Indian,427.57,13.17,False,4.3,34.9,False
5336,2026-05-14,Kochi,Chinese,213.58,16.52,True,3.99,28.1,False
5337,2026-05-14,Ahmedabad,South Indian,284.1,17.62,True,4.05,38.6,False
5338,2026-05-14,Kochi,South Indian,191.19,10.61,True,3.46,37.8,False
5339,2026-05-14,Pune,North Indian,541.1,17.5,True,,36.7,False
5340,2026-05-14,Bengaluru,Italian,452.23,12.84,False,4.23,37.8,False
5341,2026-05-14,Hyderabad,Italian,558.0,15.23,True,4.14,34.7,False
5342,2026-05-14,Ranchi,Chinese,382.61,11.55,False,4.79,40.3,False
5343,2026-05-14,Pune,North Indian,571.87,12.6,False,3.99,37.8,False
5344,2026-05-14,Ahmedabad,North Indian,425.81,16.06,True,4.11,26.6,False
5345,2026-05-14,Nagpur,Desserts & Bakery,149.05,13.39,True,3.85,36.8,False
5346,2026-05-14,Kochi,Chinese,278.75,13.16,False,4.04,22.0,False
5347,2026-05-14,Bhopal,Chinese,310.18,13.52,False,4.32,40.1,False
5348,2026-05-14,Pune,North Indian,318.02,15.96,False,3.92,42.3,False
5349,2026-05-14,Chennai,North Indian,366.3,13.1,True,3.59,38.1,False
5350,2026-05-14,Mumbai,North Indian,352.97,13.59,True,4.0,17.6,False
5351,2026-05-14,Chennai,North Indian,385.3,15.44,True,,42.8,False
5352,2026-05-14,Kochi,North Indian,228.89,12.15,True,4.73,18.2,False
5353,2026-05-14,Chandigarh,North Indian,413.99,16.2,False,3.86,33.4,False
5354,2026-05-14,Surat,Desserts & Bakery,219.44,15.78,True,3.79,38.4,False
5355,2026-05-14,Chennai,Chinese,405.88,15.52,False,4.81,40.0,False
5356,2026-05-14,Bhopal,South Indian,250.14,14.54,False,3.79,25.4,False
5357,2026-05-14,Chennai,South Indian,247.33,13.24,True,4.1,43.0,False
5358,2026-05-14,Chandigarh,South Indian,399.88,11.04,False,4.09,38.1,False
5359,2026-05-14,Pune,Chinese,360.94,15.0,True,3.88,39.3,False
5360,2026-05-14,Nagpur,South Indian,202.26,14.59,False,4.37,23.7,False
5361,2026-05-14,Bengaluru,North Indian,279.88,12.49,False,4.38,33.8,False
5362,2026-05-14,Mumbai,North Indian,431.25,12.13,True,3.57,34.0,False
5363,2026-05-14,Delhi,Desserts & Bakery,275.77,14.87,True,4.62,22.2,False
5364,2026-05-14,Ahmedabad,South Indian,228.84,15.75,True,4.05,37.1,False
5365,2026-05-14,Ranchi,Italian,632.76,16.65,True,4.69,51.7,False
5366,2026-05-14,Nagpur,Italian,391.48,16.47,False,,44.0,False
5367,2026-05-14,Hyderabad,Chinese,327.54,18.81,False,4.16,29.9,False
5368,2026-05-14,Chennai,North Indian,476.89,14.92,False,4.17,49.0,False
5369,2026-05-14,Chandigarh,South Indian,257.27,17.43,False,4.23,36.9,False
5370,2026-05-14,Surat,North Indian,458.72,13.06,True,4.18,32.2,False
5371,2026-05-14,Ahmedabad,North Indian,601.74,12.86,False,3.88,33.1,False
5372,2026-05-14,Pune,North Indian,403.69,14.43,False,3.81,30.2,False
5373,2026-05-14,Surat,Chinese,361.56,15.37,True,3.77,29.1,False
5374,2026-05-14,Delhi,Chinese,238.48,13.27,True,3.7,49.1,False
5375,2026-05-14,Pune,Desserts & Bakery,161.91,17.55,True,3.69,42.9,False
5376,2026-05-14,Pune,Chinese,412.44,13.56,False,3.97,22.9,False
5377,2026-05-14,Kochi,North Indian,495.37,13.37,False,4.86,27.2,False
5378,2026-05-14,Kochi,Chinese,327.22,15.16,True,3.92,32.6,False
5379,2026-05-14,Chennai,North Indian,362.26,15.38,False,4.03,36.0,False
5380,2026-05-14,Delhi,North Indian,504.0,17.02,False,4.54,37.6,False
5381,2026-05-14,Bengaluru,South Indian,268.21,13.16,True,4.31,42.4,False
5382,2026-05-14,Bengaluru,South Indian,328.9,12.97,True,4.46,28.1,False
5383,2026-05-14,Ranchi,Chinese,243.78,12.99,False,4.44,43.9,False
5384,2026-05-14,Surat,South Indian,219.88,11.85,False,3.87,26.7,False
5385,2026-05-14,Hyderabad,North Indian,663.61,14.23,True,4.36,30.8,False
5386,2026-05-14,Kochi,Chinese,256.41,12.2,True,4.18,25.0,False
5387,2026-05-14,Pune,North Indian,279.45,17.67,True,4.57,30.5,False
5388,2026-05-14,Guwahati,South Indian,196.5,15.59,False,4.01,24.6,False
5389,2026-05-14,Ranchi,North Indian,405.51,14.01,True,4.12,37.4,False
5390,2026-05-14,Kochi,South Indian,385.73,12.24,True,4.04,29.6,False
5391,2026-05-14,Delhi,South Indian,157.18,13.52,True,3.83,32.8,False
5392,2026-05-14,Surat,Chinese,340.16,12.86,False,4.07,32.6,False
5393,2026-05-14,Delhi,Chinese,305.73,16.07,False,3.74,29.9,False
5394,2026-05-14,Nagpur,South Indian,242.54,14.33,False,4.2,30.8,False
5395,2026-05-14,Nagpur,Chinese,494.6,14.76,False,3.86,30.1,False
5396,2026-05-14,Nagpur,North Indian,566.0,13.72,False,4.51,25.4,False
5397,2026-05-14,Surat,Desserts & Bakery,212.76,17.93,False,3.86,32.0,False
5398,2026-05-14,Chennai,South Indian,259.8,14.31,True,4.13,45.5,False
5399,2026-05-14,Nagpur,South Indian,364.05,16.74,True,,47.3,False
5400,2026-05-14,Nagpur,South Indian,313.01,10.56,True,3.95,18.7,False
5401,2026-05-14,Hyderabad,Italian,562.41,17.14,True,4.38,24.4,False
5402,2026-05-14,Pune,South Indian,306.85,13.68,True,4.06,38.9,False
5403,2026-05-14,Bengaluru,Chinese,452.88,11.61,True,4.24,33.3,False
5404,2026-05-14,Chandigarh,Desserts & Bakery,178.2,10.18,True,3.78,43.5,False
5405,2026-05-14,Ahmedabad,Desserts & Bakery,175.46,14.84,False,4.45,23.2,False
5406,2026-05-14,Bengaluru,Italian,499.99,15.59,True,3.37,33.2,False
5407,2026-05-14,Guwahati,South Indian,204.21,18.67,True,4.19,37.7,False
5408,2026-05-14,Guwahati,North Indian,285.74,11.3,True,,31.7,False
5409,2026-05-14,Hyderabad,South Indian,284.45,14.11,True,4.23,42.5,False
5410,2026-05-14,Bengaluru,Chinese,499.14,15.36,False,4.49,31.8,False
5411,2026-05-14,Ahmedabad,South Indian,191.69,11.82,False,4.26,40.7,False
5412,2026-05-14,Hyderabad,North Indian,552.07,13.48,True,4.42,37.0,False
5413,2026-05-14,Pune,Chinese,216.92,15.12,True,3.81,37.8,False
5414,2026-05-14,Chandigarh,Chinese,461.49,13.66,True,,51.3,False
5415,2026-05-14,Guwahati,North Indian,331.49,13.88,False,4.12,29.2,False
5416,2026-05-14,Mumbai,Chinese,413.67,12.6,False,,45.7,False
5417,2026-05-14,Pune,North Indian,451.74,16.27,False,3.69,40.1,False
5418,2026-05-14,Bengaluru,Chinese,352.11,11.44,True,4.63,33.9,False
5419,2026-05-14,Pune,Desserts & Bakery,111.9,14.37,False,4.09,39.2,False
5420,2026-05-14,,Chinese,371.73,13.29,False,4.11,28.0,False
5421,2026-05-14,Mumbai,North Indian,432.77,14.04,False,3.99,39.1,False
5422,2026-05-14,Ahmedabad,North Indian,259.16,14.56,False,4.53,35.0,False
5423,2026-05-14,Delhi,Desserts & Bakery,128.28,8.2,False,4.62,31.4,False
5424,2026-05-14,Mumbai,North Indian,422.82,11.85,True,3.74,32.5,False
5425,2026-05-14,Bhopal,South Indian,245.6,13.54,True,4.2,27.1,False
5426,2026-05-14,Bengaluru,South Indian,266.31,14.66,False,4.24,33.4,False
5427,2026-05-14,Hyderabad,South Indian,244.27,16.9,True,3.49,36.3,False
5428,2026-05-14,Bengaluru,South Indian,200.97,15.24,False,4.33,32.0,False
5429,2026-05-14,Chandigarh,North Indian,594.73,15.49,False,4.46,41.3,False
5430,2026-05-14,Chennai,North Indian,436.7,15.66,True,4.46,44.0,False
5431,2026-05-14,,North Indian,289.58,13.5,True,4.02,35.5,False
5432,2026-05-14,Delhi,Chinese,388.72,15.44,False,4.63,36.9,False
5433,2026-05-14,Kochi,Italian,474.58,15.31,False,3.83,30.1,False
5434,2026-05-14,Chennai,Chinese,326.69,10.21,True,4.0,30.0,False
5435,2026-05-14,Chennai,Italian,684.38,15.19,True,,37.8,False
5436,2026-05-14,Chennai,Chinese,427.61,13.44,True,3.95,36.0,False
5437,2026-05-14,Bengaluru,North Indian,454.99,14.18,True,4.24,30.4,False
5438,2026-05-15,Bengaluru,Desserts & Bakery,200.62,15.11,False,4.32,25.1,False
5439,2026-05-15,Surat,Italian,632.94,12.96,True,4.13,49.7,False
5440,2026-05-15,Ahmedabad,Italian,490.07,15.1,False,3.67,47.5,False
5441,2026-05-15,Delhi,North Indian,546.24,16.58,False,4.25,34.7,False
5442,2026-05-15,Delhi,North Indian,312.02,14.45,False,4.61,43.9,False
5443,2026-05-15,Mumbai,North Indian,366.93,16.1,True,4.34,32.3,False
5444,2026-05-15,Chandigarh,South Indian,275.71,8.91,True,5.0,34.0,False
5445,2026-05-15,Delhi,Chinese,295.58,18.57,True,4.13,30.1,False
5446,2026-05-15,Hyderabad,North Indian,417.77,13.67,True,3.21,20.9,False
5447,2026-05-15,Bhopal,North Indian,372.65,13.09,True,4.23,45.0,False
5448,2026-05-15,Surat,Chinese,369.12,14.98,False,3.94,33.0,False
5449,2026-05-15,Hyderabad,South Indian,273.56,14.28,True,4.61,30.9,False
5450,2026-05-15,Hyderabad,North Indian,302.05,13.2,False,4.14,19.9,False
5451,2026-05-15,Mumbai,Desserts & Bakery,230.52,14.08,True,4.04,28.2,False
5452,2026-05-15,Bhopal,Italian,517.86,14.37,True,4.02,38.6,False
5453,2026-05-15,Bhopal,Chinese,348.71,14.02,True,4.26,31.1,False
5454,2026-05-15,Pune,South Indian,173.59,14.54,True,5.0,27.4,False
5455,2026-05-15,Ahmedabad,South Indian,251.42,13.03,True,3.82,39.7,False
5456,2026-05-15,Surat,Italian,376.32,16.38,False,4.2,31.2,False
5457,2026-05-15,Nagpur,South Indian,231.15,16.21,False,4.15,21.3,False
5458,2026-05-15,Hyderabad,Chinese,280.84,13.02,True,4.18,30.1,False
5459,2026-05-15,Guwahati,South Indian,305.63,14.31,False,4.54,47.2,False
5460,2026-05-15,Ranchi,North Indian,421.89,17.9,False,3.93,34.3,False
5461,2026-05-15,Guwahati,Chinese,300.81,15.5,False,3.87,38.0,False
5462,2026-05-15,Mumbai,South Indian,379.2,14.23,True,4.73,22.7,False
5463,2026-05-15,Chandigarh,Chinese,273.91,14.24,False,3.83,27.6,False
5464,2026-05-15,Surat,South Indian,107.55,14.43,True,3.71,39.2,False
5465,2026-05-15,Mumbai,North Indian,347.47,16.66,True,4.48,25.9,False
5466,2026-05-15,Ranchi,Italian,423.76,15.26,True,4.28,40.1,False
5467,2026-05-15,Ranchi,North Indian,401.74,13.87,False,,27.6,False
5468,2026-05-15,Ahmedabad,North Indian,337.5,14.39,True,,33.9,False
5469,2026-05-15,Chandigarh,South Indian,311.52,12.78,True,4.61,39.1,False
5470,2026-05-15,Bengaluru,Italian,375.75,13.06,True,3.78,33.2,False
5471,2026-05-15,Pune,Desserts & Bakery,172.86,12.16,False,3.67,40.2,False
5472,2026-05-15,Ahmedabad,North Indian,394.34,13.19,True,4.14,34.0,False
5473,2026-05-15,Pune,Desserts & Bakery,125.08,10.94,True,4.56,39.3,False
5474,2026-05-15,Guwahati,North Indian,388.49,11.66,True,4.69,43.4,False
5475,2026-05-15,Mumbai,Italian,229.81,12.98,True,4.01,39.2,False
5476,2026-05-15,Hyderabad,South Indian,225.0,16.55,False,4.36,37.5,False
5477,2026-05-15,Guwahati,Italian,349.65,13.77,False,4.13,30.1,False
5478,2026-05-15,Bengaluru,Chinese,438.19,12.34,True,4.17,54.3,False
5479,2026-05-15,Pune,North Indian,386.54,14.75,True,3.41,22.3,False
5480,2026-05-15,Bhopal,Desserts & Bakery,172.57,10.3,True,3.66,46.4,False
5481,2026-05-15,Mumbai,North Indian,336.73,15.63,False,4.41,31.0,False
5482,2026-05-15,Mumbai,South Indian,204.79,14.41,True,4.33,27.2,False
5483,2026-05-15,Guwahati,South Indian,249.22,13.44,False,3.4,30.0,False
5484,2026-05-15,Ahmedabad,South Indian,285.46,14.23,True,4.22,34.8,False
5485,2026-05-15,Ranchi,South Indian,262.41,13.37,False,4.6,37.0,False
5486,2026-05-15,Pune,Desserts & Bakery,150.78,14.0,False,4.12,38.9,False
5487,2026-05-15,Nagpur,Chinese,301.53,12.75,False,4.02,34.2,False
5488,2026-05-15,Chandigarh,Chinese,369.49,11.23,True,3.89,45.7,False
5489,2026-05-15,Guwahati,North Indian,324.55,13.79,True,,31.5,False
5490,2026-05-15,Mumbai,Italian,527.16,14.15,True,4.25,43.0,False
5491,2026-05-15,Guwahati,North Indian,335.15,13.91,True,3.97,31.7,False
5492,2026-05-15,Surat,Chinese,406.47,13.7,True,4.05,30.0,False
5493,2026-05-15,Surat,North Indian,379.0,15.34,True,4.42,35.3,False
5494,2026-05-15,Kochi,Italian,680.4,17.39,False,4.35,31.1,False
5495,2026-05-15,Bengaluru,Italian,630.17,16.22,True,4.29,25.0,False
5496,2026-05-15,Delhi,North Indian,371.32,12.82,False,4.35,22.5,False
5497,2026-05-15,Bhopal,Chinese,406.12,13.51,True,,42.6,False
5498,2026-05-15,Bengaluru,Italian,653.55,14.93,True,4.2,44.6,False
5499,2026-05-15,Delhi,South Indian,322.99,10.83,True,4.35,33.0,False
5500,2026-05-15,Mumbai,Chinese,448.83,16.55,True,3.82,36.7,False
5501,2026-05-15,Bengaluru,Chinese,277.96,15.08,False,4.07,37.8,False
5502,2026-05-15,Surat,South Indian,360.26,15.4,False,3.47,33.4,False
5503,2026-05-15,Mumbai,North Indian,510.61,13.46,True,3.7,34.5,False
5504,2026-05-15,Delhi,Desserts & Bakery,181.88,10.88,False,4.22,32.2,False
5505,2026-05-15,Nagpur,South Indian,360.62,10.9,True,4.01,34.2,False
5506,2026-05-15,Hyderabad,North Indian,238.62,17.49,False,4.43,40.5,False
5507,2026-05-15,Pune,Italian,691.55,11.54,True,4.32,33.3,False
5508,2026-05-15,Bengaluru,South Indian,276.31,10.63,True,4.57,39.9,False
5509,2026-05-15,Hyderabad,North Indian,131.49,17.38,True,4.15,36.1,False
5510,2026-05-15,Bhopal,North Indian,427.11,12.74,True,,40.9,False
5511,2026-05-15,Chandigarh,Chinese,255.76,11.94,False,4.31,32.1,False
5512,2026-05-15,Ahmedabad,Chinese,449.79,17.6,True,3.46,33.1,False
5513,2026-05-15,Nagpur,North Indian,182.28,17.59,False,4.19,35.8,False
5514,2026-05-15,Chandigarh,Desserts & Bakery,151.43,14.24,False,4.23,27.0,False
5515,2026-05-15,Bhopal,Chinese,446.36,12.35,False,4.86,35.6,False
5516,2026-05-15,Delhi,Chinese,303.43,14.14,False,3.95,37.3,False
5517,2026-05-15,Surat,Chinese,378.45,17.24,False,4.32,33.9,False
5518,2026-05-15,Chennai,South Indian,174.62,11.89,True,3.65,36.7,False
5519,2026-05-15,Bengaluru,Chinese,354.96,16.1,True,4.5,34.1,False
5520,2026-05-15,Guwahati,South Indian,258.62,14.59,True,4.33,28.3,False
5521,2026-05-15,Nagpur,North Indian,210.31,12.45,False,4.17,35.8,False
5522,2026-05-15,Ahmedabad,South Indian,278.01,16.15,False,3.82,25.0,False
5523,2026-05-15,Kochi,South Indian,227.62,16.35,True,3.97,34.4,False
5524,2026-05-15,Chennai,North Indian,504.12,15.81,False,3.93,22.9,False
5525,2026-05-15,Chennai,South Indian,265.71,13.39,True,4.28,25.1,False
5526,2026-05-15,Ahmedabad,North Indian,597.61,14.86,True,4.07,42.9,False
5527,2026-05-15,Kochi,South Indian,322.95,14.56,True,4.32,31.1,False
5528,2026-05-15,Bhopal,Italian,307.5,14.41,True,3.73,40.3,False
5529,2026-05-15,Bhopal,North Indian,422.37,14.25,True,,32.0,False
5530,2026-05-15,Nagpur,South Indian,295.9,14.32,False,3.53,24.1,False
5531,2026-05-15,Delhi,Italian,714.2,13.93,True,3.66,35.1,False
5532,2026-05-15,Delhi,South Indian,251.91,15.75,False,4.39,32.3,False
5533,2026-05-15,Bengaluru,Chinese,427.82,13.08,False,4.52,36.1,False
5534,2026-05-15,Hyderabad,Chinese,249.86,14.68,False,4.35,34.0,False
5535,2026-05-15,Bengaluru,North Indian,588.64,17.01,False,4.45,32.1,False
5536,2026-05-15,Hyderabad,Italian,429.87,14.27,False,4.21,30.7,False
5537,2026-05-15,Surat,North Indian,304.03,16.3,True,4.36,36.7,False
5538,2026-05-15,Chennai,South Indian,322.32,14.17,True,4.0,31.3,False
5539,2026-05-15,Bengaluru,North Indian,381.51,12.13,True,4.39,32.8,False
5540,2026-05-15,Mumbai,Chinese,279.48,16.42,True,4.54,25.6,False
5541,2026-05-15,Hyderabad,Chinese,305.18,14.75,True,4.19,40.8,False
5542,2026-05-15,Pune,North Indian,604.83,17.49,True,3.97,32.9,False
5543,2026-05-15,Ranchi,Chinese,326.34,15.35,True,3.8,29.4,False
5544,2026-05-15,Chennai,South Indian,361.64,13.19,False,,41.2,False
5545,2026-05-15,Delhi,Chinese,292.16,13.82,True,3.91,25.0,False
5546,2026-05-15,Ahmedabad,South Indian,328.4,15.53,False,4.44,41.2,False
5547,2026-05-15,Mumbai,South Indian,233.39,15.12,True,4.59,31.0,False
5548,2026-05-15,Bengaluru,North Indian,462.39,12.2,False,4.15,35.9,False
5549,2026-05-15,Hyderabad,Italian,486.73,10.96,True,,45.3,False
5550,2026-05-15,Bhopal,Desserts & Bakery,254.45,14.59,True,,31.8,False
5551,2026-05-15,Mumbai,Italian,487.25,8.65,True,3.88,32.1,False
5552,2026-05-15,Hyderabad,South Indian,277.47,14.44,False,4.33,35.8,False
5553,2026-05-15,Guwahati,Chinese,396.37,14.84,True,3.52,30.2,False
5554,2026-05-16,Delhi,Desserts & Bakery,287.48,15.4,False,3.95,31.7,True
5555,2026-05-16,Ranchi,North Indian,424.72,14.24,True,4.14,35.3,True
5556,2026-05-16,Ranchi,Chinese,197.94,14.03,True,3.64,34.6,True
5557,2026-05-16,Delhi,Chinese,435.91,11.46,False,4.06,36.2,True
5558,2026-05-16,Chennai,South Indian,238.97,15.91,True,4.55,41.4,True
5559,2026-05-16,Surat,South Indian,351.92,11.47,False,4.38,30.7,True
5560,2026-05-16,Delhi,North Indian,470.57,19.17,True,,35.3,True
5561,2026-05-16,Chennai,Chinese,300.5,12.96,True,4.11,40.7,True
5562,2026-05-16,Chandigarh,North Indian,408.13,12.71,True,4.89,34.9,True
5563,2026-05-16,Bengaluru,North Indian,354.25,15.35,False,,14.9,True
5564,2026-05-16,Ahmedabad,South Indian,161.44,13.39,True,4.72,33.2,True
5565,2026-05-16,Kochi,Italian,503.23,11.75,True,4.6,34.1,True
5566,2026-05-16,Bengaluru,Italian,448.03,14.73,True,4.57,41.4,True
5567,2026-05-16,Chandigarh,South Indian,303.66,17.1,True,3.88,38.7,True
5568,2026-05-16,Bhopal,Italian,484.08,15.39,True,3.89,36.4,True
5569,2026-05-16,Kochi,Italian,463.55,13.35,True,4.54,24.2,True
5570,2026-05-16,Ahmedabad,North Indian,504.34,13.2,True,3.9,36.1,True
5571,2026-05-16,Chennai,North Indian,478.65,14.3,True,4.25,37.2,True
5572,2026-05-16,Chennai,North Indian,363.0,14.32,False,4.2,36.5,True
5573,2026-05-16,Mumbai,North Indian,342.99,14.78,True,4.39,35.6,True
5574,2026-05-16,Pune,Italian,363.97,15.98,False,4.25,33.5,True
5575,2026-05-16,Ahmedabad,Chinese,274.67,14.25,True,4.05,29.5,True
5576,2026-05-16,Guwahati,Desserts & Bakery,239.93,12.32,False,3.97,22.7,True
5577,2026-05-16,Surat,North Indian,445.76,13.28,True,4.14,34.8,True
5578,2026-05-16,Surat,North Indian,516.65,13.6,False,4.04,35.6,True
5579,2026-05-16,Kochi,Chinese,396.46,14.09,False,4.05,30.4,True
5580,2026-05-16,Nagpur,Italian,437.01,15.76,False,3.84,37.3,True
5581,2026-05-16,Surat,North Indian,465.67,15.18,False,4.59,33.3,True
5582,2026-05-16,Bhopal,Desserts & Bakery,297.61,14.45,True,4.55,42.3,True
5583,2026-05-16,Guwahati,South Indian,256.28,13.6,True,,44.3,True
5584,2026-05-16,Ahmedabad,Chinese,388.52,14.91,False,4.33,38.8,True
5585,2026-05-16,Pune,Chinese,383.47,18.92,True,3.85,29.3,True
5586,2026-05-16,Delhi,Chinese,383.17,18.33,True,3.99,25.8,True
5587,2026-05-16,Kochi,North Indian,396.86,15.36,True,4.14,30.9,True
5588,2026-05-16,Pune,Chinese,370.83,14.61,True,,28.0,True
5589,2026-05-16,Chennai,North Indian,331.11,9.81,False,3.67,46.0,True
5590,2026-05-16,Kochi,Italian,625.03,15.8,False,3.73,35.7,True
5591,2026-05-16,Surat,North Indian,381.88,11.0,True,3.9,34.6,True
5592,2026-05-16,Delhi,Chinese,384.27,12.93,False,3.95,35.9,True
5593,2026-05-16,Mumbai,South Indian,346.39,16.34,True,4.32,26.3,True
5594,2026-05-16,Bengaluru,Italian,555.96,10.74,False,3.51,38.2,True
5595,2026-05-16,Mumbai,Italian,459.12,17.95,True,4.34,30.6,True
5596,2026-05-16,Bengaluru,Desserts & Bakery,189.96,14.38,True,3.92,25.0,True
5597,2026-05-16,Bengaluru,Chinese,312.0,15.61,False,4.53,30.0,True
5598,2026-05-16,Kochi,Italian,442.5,15.25,True,4.51,41.6,True
5599,2026-05-16,Delhi,North Indian,535.89,10.24,False,4.25,37.6,True
5600,2026-05-16,Delhi,North Indian,502.24,10.92,True,4.37,25.1,True
5601,2026-05-16,Kochi,Chinese,425.81,13.32,True,4.03,40.7,True
5602,2026-05-16,Bengaluru,South Indian,291.34,14.09,False,3.47,32.2,True
5603,2026-05-16,Chennai,North Indian,480.88,14.25,False,4.29,32.7,True
5604,2026-05-16,Mumbai,Italian,507.6,12.07,True,4.23,37.4,True
5605,2026-05-16,Bhopal,North Indian,616.76,17.29,False,3.8,32.9,True
5606,2026-05-16,Surat,Chinese,435.6,9.13,False,4.96,32.3,True
5607,2026-05-16,Nagpur,North Indian,411.66,12.13,True,3.8,22.6,True
5608,2026-05-16,Mumbai,Italian,506.85,15.88,True,4.24,26.8,True
5609,2026-05-16,Bhopal,Desserts & Bakery,185.11,11.09,True,3.83,41.8,True
5610,2026-05-16,,Italian,456.2,15.57,True,3.97,12.0,True
5611,2026-05-16,Hyderabad,North Indian,507.12,13.61,True,,32.4,True
5612,2026-05-16,Kochi,Chinese,351.85,13.14,False,4.43,26.8,True
5613,2026-05-16,Mumbai,Desserts & Bakery,184.9,9.61,True,4.14,39.8,True
5614,2026-05-16,Delhi,North Indian,511.17,14.66,True,4.41,40.1,True
5615,2026-05-16,Surat,North Indian,624.94,15.28,True,4.12,39.4,True
5616,2026-05-16,Delhi,North Indian,481.57,16.39,True,4.29,31.2,True
5617,2026-05-16,Bengaluru,Chinese,433.16,14.22,True,4.35,40.6,True
5618,2026-05-16,Ahmedabad,North Indian,479.38,17.46,True,4.11,28.0,True
5619,2026-05-16,Nagpur,Italian,401.62,16.91,False,3.44,24.7,True
5620,2026-05-16,Mumbai,South Indian,93.4,12.98,False,3.99,22.7,True
5621,2026-05-16,Pune,North Indian,555.44,17.13,False,3.96,47.8,True
5622,2026-05-16,Mumbai,North Indian,381.97,13.99,False,3.99,28.4,True
5623,2026-05-16,Mumbai,North Indian,655.08,15.54,True,4.39,42.8,True
5624,2026-05-16,Ranchi,North Indian,502.23,12.46,True,4.59,41.3,True
5625,2026-05-16,Guwahati,Chinese,254.93,15.68,True,4.0,38.5,True
5626,2026-05-16,Chandigarh,Chinese,453.04,14.51,False,4.39,36.4,True
5627,2026-05-16,Guwahati,Desserts & Bakery,114.1,14.25,True,3.71,37.7,True
5628,2026-05-16,Surat,Chinese,358.14,14.6,True,3.68,31.1,True
5629,2026-05-16,Guwahati,Chinese,374.22,13.95,True,3.32,24.0,True
5630,2026-05-16,Chennai,North Indian,433.95,16.19,False,4.15,30.5,True
5631,2026-05-16,Chandigarh,Desserts & Bakery,276.94,12.03,True,4.29,40.0,True
5632,2026-05-16,Guwahati,Italian,467.44,16.61,False,4.06,24.3,True
5633,2026-05-16,Delhi,Chinese,298.26,16.61,True,3.7,34.5,True
5634,2026-05-16,Nagpur,North Indian,473.75,12.7,False,3.3,36.2,True
5635,2026-05-16,Pune,Chinese,409.44,12.05,True,4.3,33.9,True
5636,2026-05-16,Chandigarh,North Indian,437.11,15.29,True,3.81,42.8,True
5637,2026-05-16,Chennai,South Indian,273.43,16.58,False,4.72,34.9,True
5638,2026-05-16,Nagpur,Chinese,515.57,16.17,True,4.62,33.2,True
5639,2026-05-16,Hyderabad,Italian,500.37,12.47,False,,28.0,True
5640,2026-05-16,Guwahati,Chinese,440.07,14.8,False,4.83,31.0,True
5641,2026-05-16,Chennai,Chinese,519.0,15.87,False,4.71,34.6,True
5642,2026-05-16,Chennai,North Indian,550.64,13.1,False,3.79,27.5,True
5643,2026-05-16,Surat,Chinese,397.48,14.94,False,3.95,39.6,True
5644,2026-05-16,Nagpur,Chinese,469.2,12.82,True,3.93,50.6,True
5645,2026-05-16,Delhi,Chinese,352.29,8.65,True,4.11,38.1,True
5646,2026-05-16,Chennai,Chinese,344.9,15.98,True,3.96,27.8,True
5647,2026-05-16,Mumbai,North Indian,311.39,16.08,False,4.07,30.0,True
5648,2026-05-16,Bengaluru,Chinese,382.25,14.28,True,4.31,40.1,True
5649,2026-05-16,Nagpur,Italian,584.75,15.62,False,4.79,45.7,True
5650,2026-05-16,Chennai,Chinese,455.35,15.99,True,4.17,44.3,True
5651,2026-05-16,Mumbai,South Indian,207.45,13.68,True,4.55,46.0,True
5652,2026-05-16,Chandigarh,North Indian,563.2,12.04,False,3.94,24.9,True
5653,2026-05-16,Ahmedabad,North Indian,336.42,15.11,True,5.0,30.6,True
5654,2026-05-16,Nagpur,North Indian,344.91,15.28,True,4.66,34.9,True
5655,2026-05-16,Ahmedabad,North Indian,348.78,12.87,False,4.51,38.1,True
5656,2026-05-16,Mumbai,Italian,650.94,14.16,False,4.75,22.6,True
5657,2026-05-16,Bengaluru,North Indian,469.26,15.72,True,4.25,46.5,True
5658,2026-05-16,Chennai,North Indian,410.27,14.83,False,3.58,40.3,True
5659,2026-05-16,Ranchi,Italian,552.55,13.5,True,4.03,28.4,True
5660,2026-05-16,Bengaluru,North Indian,460.97,14.23,True,4.58,27.6,True
5661,2026-05-16,Ranchi,North Indian,352.09,12.57,True,3.36,31.5,True
5662,2026-05-16,Mumbai,North Indian,382.7,17.59,False,4.28,36.0,True
5663,2026-05-16,Pune,Italian,648.78,15.32,False,,41.4,True
5664,2026-05-16,Surat,North Indian,339.14,17.59,False,4.09,34.9,True
5665,2026-05-16,Mumbai,North Indian,281.17,13.98,True,4.19,29.6,True
5666,2026-05-16,Hyderabad,North Indian,341.27,15.52,True,4.54,27.3,True
5667,2026-05-16,Ranchi,North Indian,353.76,17.6,True,4.3,33.7,True
5668,2026-05-16,Ranchi,South Indian,245.96,15.37,False,3.83,37.5,True
5669,2026-05-16,Kochi,North Indian,456.16,10.35,True,4.02,30.4,True
5670,2026-05-16,Bengaluru,North Indian,402.13,11.44,True,4.29,31.5,True
5671,2026-05-16,Bengaluru,North Indian,460.24,15.4,False,4.05,37.3,True
5672,2026-05-16,Pune,North Indian,375.02,17.31,False,,46.4,True
5673,2026-05-16,Chandigarh,South Indian,237.39,15.26,False,4.02,41.2,True
5674,2026-05-16,Ahmedabad,North Indian,398.34,15.08,True,4.48,40.0,True
5675,2026-05-16,Surat,Chinese,198.33,15.39,False,4.38,25.1,True
5676,2026-05-16,Bengaluru,Chinese,382.52,18.15,True,4.64,39.4,True
5677,2026-05-16,Bhopal,Italian,847.6,12.49,False,3.79,34.9,True
5678,2026-05-16,Ranchi,Chinese,354.96,13.53,True,4.17,26.2,True
5679,2026-05-16,Bhopal,North Indian,514.39,9.92,False,3.64,23.6,True
5680,2026-05-16,Hyderabad,Chinese,305.12,14.9,True,4.21,35.0,True
5681,2026-05-16,Guwahati,Italian,529.19,17.92,False,3.74,24.8,True
5682,2026-05-16,Chandigarh,North Indian,381.49,14.94,True,4.36,39.2,True
5683,2026-05-16,Ahmedabad,South Indian,216.03,11.95,False,3.93,35.6,True
5684,2026-05-16,Delhi,Italian,257.58,16.41,True,4.11,49.7,True
5685,2026-05-16,Mumbai,Chinese,259.7,15.04,True,3.97,37.2,True
5686,2026-05-16,Mumbai,Chinese,347.18,14.95,False,4.21,31.5,True
5687,2026-05-16,Pune,Italian,612.51,14.69,False,3.82,34.1,True
5688,2026-05-16,Hyderabad,Desserts & Bakery,227.76,9.2,True,4.22,38.1,True
5689,2026-05-16,Guwahati,South Indian,270.53,13.34,False,3.96,25.8,True
5690,2026-05-16,Chandigarh,South Indian,283.4,15.49,False,3.98,45.6,True
5691,2026-05-16,Kochi,North Indian,342.38,14.95,True,4.28,43.1,True
5692,2026-05-16,Guwahati,North Indian,359.34,14.86,False,4.58,33.8,True
5693,2026-05-17,Guwahati,South Indian,315.67,13.45,True,4.22,35.2,True
5694,2026-05-17,Bhopal,South Indian,267.26,15.7,True,,22.1,True
5695,2026-05-17,Hyderabad,South Indian,285.82,9.65,False,4.01,34.6,True
5696,2026-05-17,Chandigarh,Italian,589.44,17.49,True,4.19,21.1,True
5697,2026-05-17,Chennai,North Indian,343.85,18.21,False,4.29,30.7,True
5698,2026-05-17,Bengaluru,Desserts & Bakery,225.16,17.43,True,4.09,30.2,True
5699,2026-05-17,Surat,Chinese,397.01,14.15,True,3.55,27.1,True
5700,2026-05-17,Mumbai,North Indian,479.84,15.62,True,4.41,35.3,True
5701,2026-05-17,Surat,Desserts & Bakery,228.11,17.87,False,4.91,31.4,True
5702,2026-05-17,Guwahati,North Indian,537.4,11.15,False,3.96,31.6,True
5703,2026-05-17,Chennai,Chinese,354.81,12.95,True,4.32,30.9,True
5704,2026-05-17,Pune,North Indian,370.75,15.05,True,4.06,34.7,True
5705,2026-05-17,Mumbai,South Indian,305.37,16.91,False,4.19,40.3,True
5706,2026-05-17,Mumbai,Italian,637.17,17.83,False,4.07,26.2,True
5707,2026-05-17,Bengaluru,Chinese,371.83,16.51,False,3.12,31.7,True
5708,2026-05-17,Kochi,North Indian,370.4,12.81,False,4.53,25.2,True
5709,2026-05-17,Delhi,Chinese,416.71,16.66,False,4.61,32.1,True
5710,2026-05-17,Hyderabad,Chinese,342.27,13.75,True,3.46,33.3,True
5711,2026-05-17,Chandigarh,Italian,482.54,15.91,True,4.57,35.7,True
5712,2026-05-17,Bengaluru,South Indian,272.46,15.8,False,4.2,42.4,True
5713,2026-05-17,Kochi,North Indian,505.41,16.81,True,4.55,27.1,True
5714,2026-05-17,Pune,South Indian,275.32,14.83,False,4.39,24.2,True
5715,2026-05-17,Hyderabad,North Indian,381.55,17.05,True,3.82,32.0,True
5716,2026-05-17,Ahmedabad,North Indian,262.1,13.25,True,4.24,29.5,True
5717,2026-05-17,Chennai,North Indian,416.32,14.59,True,4.61,33.3,True
5718,2026-05-17,Ahmedabad,Desserts & Bakery,262.91,14.83,False,4.4,41.3,True
5719,2026-05-17,Mumbai,Italian,618.93,13.64,False,4.28,25.6,True
5720,2026-05-17,Surat,South Indian,204.06,11.74,True,,30.3,True
5721,2026-05-17,Hyderabad,Desserts & Bakery,233.88,11.43,True,4.52,32.2,True
5722,2026-05-17,Bengaluru,North Indian,339.32,12.61,True,4.09,30.6,True
5723,2026-05-17,Pune,Desserts & Bakery,253.4,15.6,True,3.76,33.8,True
5724,2026-05-17,Chennai,North Indian,596.75,14.9,True,3.61,31.8,True
5725,2026-05-17,Surat,South Indian,201.78,16.43,True,4.46,27.5,True
5726,2026-05-17,Mumbai,Chinese,498.73,13.74,True,3.93,29.7,True
5727,2026-05-17,Chennai,North Indian,362.23,15.92,False,4.57,40.4,True
5728,2026-05-17,Pune,North Indian,562.42,15.43,False,3.91,33.8,True
5729,2026-05-17,Pune,South Indian,384.28,15.14,True,4.23,33.3,True
5730,2026-05-17,Kochi,Italian,424.04,14.52,True,3.39,24.2,True
5731,2026-05-17,Delhi,Chinese,412.98,18.46,False,4.32,35.3,True
5732,2026-05-17,Surat,Chinese,280.45,15.73,False,3.73,31.7,True
5733,2026-05-17,Bengaluru,Chinese,372.81,11.36,True,3.9,39.0,True
5734,2026-05-17,Bhopal,Desserts & Bakery,122.14,13.62,False,4.2,28.6,True
5735,2026-05-17,Pune,Desserts & Bakery,164.71,13.65,False,3.68,30.8,True
5736,2026-05-17,Ranchi,North Indian,324.87,15.48,True,3.92,38.1,True
5737,2026-05-17,Pune,North Indian,465.41,18.03,False,4.55,37.6,True
5738,2026-05-17,Guwahati,North Indian,322.69,18.95,True,3.78,19.8,True
5739,2026-05-17,Kochi,South Indian,260.14,16.4,False,4.25,25.9,True
5740,2026-05-17,Mumbai,South Indian,339.42,14.73,True,,32.9,True
5741,2026-05-17,Delhi,North Indian,444.2,13.21,False,4.12,40.9,True
5742,2026-05-17,Delhi,South Indian,197.54,14.31,False,4.21,42.0,True
5743,2026-05-17,Ranchi,North Indian,580.21,15.71,False,4.52,33.1,True
5744,2026-05-17,Surat,South Indian,289.58,12.06,True,3.91,23.5,True
5745,2026-05-17,Chennai,South Indian,197.45,12.85,True,3.97,27.4,True
5746,2026-05-17,Hyderabad,South Indian,277.41,11.74,True,4.22,33.1,True
5747,2026-05-17,Delhi,Chinese,266.53,17.65,True,4.56,31.6,True
5748,2026-05-17,Bhopal,North Indian,417.64,14.88,False,3.59,42.9,True
5749,2026-05-17,Chandigarh,South Indian,415.34,13.32,False,4.07,27.0,True
5750,2026-05-17,Pune,Italian,507.48,14.89,False,4.2,34.1,True
5751,2026-05-17,Chandigarh,Italian,517.48,16.36,False,3.41,29.1,True
5752,2026-05-17,Bengaluru,North Indian,726.66,14.89,False,3.78,48.4,True
5753,2026-05-17,Chandigarh,Chinese,325.96,15.69,True,4.23,38.6,True
5754,2026-05-17,Bengaluru,Chinese,435.22,18.07,False,3.98,34.7,True
5755,2026-05-17,Surat,North Indian,383.32,13.6,True,4.15,23.9,True
5756,2026-05-17,Kochi,North Indian,506.81,15.81,True,4.31,36.6,True
5757,2026-05-17,Mumbai,Italian,672.89,14.4,False,4.34,36.5,True
5758,2026-05-17,Chandigarh,Italian,448.32,14.67,False,4.34,29.1,True
5759,2026-05-17,Bhopal,South Indian,336.07,14.48,False,,26.3,True
5760,2026-05-17,Mumbai,North Indian,271.24,13.53,True,3.84,17.3,True
5761,2026-05-17,Ranchi,Italian,540.69,15.49,False,,39.3,True
5762,2026-05-17,Hyderabad,Chinese,379.75,11.29,True,4.41,33.2,True
5763,2026-05-17,Pune,Chinese,296.47,15.88,True,4.37,27.5,True
5764,2026-05-17,Surat,South Indian,95.81,14.43,False,,25.1,True
5765,2026-05-17,Guwahati,South Indian,218.57,16.29,True,4.58,44.0,True
5766,2026-05-17,Hyderabad,Chinese,343.92,16.18,False,4.73,31.7,True
5767,2026-05-17,Delhi,North Indian,437.35,15.42,False,3.78,32.0,True
5768,2026-05-17,Bhopal,Chinese,335.27,17.15,True,4.76,23.3,True
5769,2026-05-17,Ahmedabad,North Indian,407.42,17.72,True,3.48,37.5,True
5770,2026-05-17,Surat,Chinese,220.89,13.77,False,4.6,26.9,True
5771,2026-05-17,Kochi,Desserts & Bakery,190.57,16.08,True,3.97,37.8,True
5772,2026-05-17,Hyderabad,Chinese,318.54,17.88,False,4.6,33.0,True
5773,2026-05-17,Bengaluru,Chinese,209.83,14.0,True,4.18,39.3,True
5774,2026-05-17,Hyderabad,Italian,574.63,13.43,True,4.08,38.0,True
5775,2026-05-17,Chandigarh,North Indian,298.05,12.31,False,3.8,36.8,True
5776,2026-05-17,Surat,Desserts & Bakery,236.56,13.12,False,4.28,49.5,True
5777,2026-05-17,Ahmedabad,Italian,472.67,13.55,True,4.1,46.1,True
5778,2026-05-17,Surat,North Indian,301.08,15.92,True,3.99,29.1,True
5779,2026-05-17,Hyderabad,North Indian,491.04,14.44,True,3.76,36.6,True
5780,2026-05-17,Kochi,Chinese,429.71,11.28,True,4.02,39.4,True
5781,2026-05-17,Bengaluru,South Indian,341.62,15.01,True,4.46,39.6,True
5782,2026-05-17,Chennai,South Indian,287.14,11.93,True,4.09,34.4,True
5783,2026-05-17,Hyderabad,North Indian,685.32,14.84,True,3.66,28.7,True
5784,2026-05-17,Chennai,Chinese,302.02,15.41,False,4.3,30.9,True
5785,2026-05-17,Pune,North Indian,474.84,16.41,False,4.05,36.4,True
5786,2026-05-17,Mumbai,South Indian,201.22,12.68,True,,30.5,True
5787,2026-05-17,Chandigarh,North Indian,319.84,16.39,True,,41.1,True
5788,2026-05-17,Kochi,Italian,565.42,14.82,True,4.48,32.2,True
5789,2026-05-17,Mumbai,South Indian,254.53,15.51,True,3.49,36.6,True
5790,2026-05-17,Kochi,Desserts & Bakery,311.43,13.56,False,4.06,28.8,True
5791,2026-05-17,Chennai,Chinese,262.2,14.53,False,4.75,28.6,True
5792,2026-05-17,Pune,North Indian,381.09,13.14,True,,37.0,True
5793,2026-05-17,Kochi,Chinese,347.85,14.04,True,4.08,34.4,True
5794,2026-05-17,Nagpur,Chinese,293.16,11.17,False,3.7,31.8,True
5795,2026-05-17,Pune,Desserts & Bakery,211.69,15.35,True,3.74,27.8,True
5796,2026-05-17,Surat,Desserts & Bakery,199.44,10.94,False,4.47,25.4,True
5797,2026-05-17,Delhi,South Indian,134.06,13.62,False,4.73,23.0,True
5798,2026-05-17,Bengaluru,South Indian,249.96,13.25,True,3.89,24.2,True
5799,2026-05-17,Bengaluru,North Indian,480.95,13.49,True,4.28,30.2,True
5800,2026-05-17,Ranchi,Chinese,313.26,14.41,True,3.7,35.5,True
5801,2026-05-17,Kochi,South Indian,215.5,17.27,True,4.12,34.6,True
5802,2026-05-17,Bhopal,North Indian,446.38,16.59,False,3.52,30.5,True
5803,2026-05-17,Chandigarh,North Indian,399.82,12.99,False,4.09,34.4,True
5804,2026-05-17,Bengaluru,Italian,655.15,14.55,True,3.92,43.5,True
5805,2026-05-17,Chandigarh,North Indian,370.45,13.96,True,4.21,37.2,True
5806,2026-05-17,Mumbai,North Indian,385.88,11.79,True,4.05,29.6,True
5807,2026-05-17,Bengaluru,Chinese,478.35,12.13,False,4.11,37.0,True
5808,2026-05-17,Mumbai,North Indian,394.58,17.99,True,4.15,31.0,True
5809,2026-05-17,Kochi,South Indian,219.03,17.43,False,3.76,36.8,True
5810,2026-05-17,Pune,North Indian,415.93,12.28,False,4.07,36.1,True
5811,2026-05-17,Chennai,South Indian,237.27,14.49,False,3.82,21.1,True
5812,2026-05-17,Ahmedabad,Italian,394.81,13.26,False,4.03,30.1,True
5813,2026-05-17,Surat,North Indian,422.33,14.76,False,3.89,35.9,True
5814,2026-05-17,Mumbai,North Indian,439.99,17.61,True,3.19,34.4,True
5815,2026-05-17,Mumbai,Italian,586.81,12.01,True,3.93,30.9,True
5816,2026-05-17,Ahmedabad,Chinese,372.4,10.08,True,4.36,36.8,True
5817,2026-05-17,Bhopal,Chinese,393.14,16.4,True,,18.2,True
5818,2026-05-17,Mumbai,Chinese,349.86,15.46,True,4.29,36.8,True
5819,2026-05-17,Surat,Chinese,457.72,17.22,True,4.51,36.9,True
5820,2026-05-17,Bhopal,North Indian,398.2,10.16,False,4.36,37.4,True
5821,2026-05-17,Mumbai,South Indian,255.2,16.33,True,4.49,39.7,True
5822,2026-05-17,Hyderabad,Italian,660.79,13.01,False,3.95,28.8,True
5823,2026-05-18,Ahmedabad,Desserts & Bakery,236.52,14.09,False,4.35,37.0,False
5824,2026-05-18,Chennai,South Indian,232.87,17.89,True,4.17,32.4,False
5825,2026-05-18,Chandigarh,North Indian,397.05,15.27,False,4.52,34.7,False
5826,2026-05-18,Surat,Chinese,328.92,14.99,True,4.51,28.9,False
5827,2026-05-18,Mumbai,Chinese,337.46,15.75,True,4.76,28.5,False
5828,2026-05-18,Pune,North Indian,371.94,12.11,False,4.1,41.1,False
5829,2026-05-18,Bengaluru,Chinese,358.16,11.8,True,4.45,35.0,False
5830,2026-05-18,Delhi,Italian,604.86,13.45,False,4.09,38.9,False
5831,2026-05-18,Hyderabad,North Indian,416.36,14.17,False,3.57,46.5,False
5832,2026-05-18,Mumbai,Italian,521.16,15.4,True,4.87,36.7,False
5833,2026-05-18,Surat,Chinese,439.16,14.84,True,4.35,22.3,False
5834,2026-05-18,Chennai,North Indian,578.41,15.26,False,5.0,35.1,False
5835,2026-05-18,Kochi,North Indian,472.99,12.21,True,3.95,41.3,False
5836,2026-05-18,Guwahati,Desserts & Bakery,218.18,12.28,True,4.36,39.7,False
5837,2026-05-18,Chennai,North Indian,272.93,15.1,False,4.41,26.6,False
5838,2026-05-18,Chennai,Italian,508.53,12.06,True,4.09,30.6,False
5839,2026-05-18,Pune,Desserts & Bakery,167.93,14.0,True,,31.8,False
5840,2026-05-18,Chennai,North Indian,300.45,16.03,True,3.31,35.9,False
5841,2026-05-18,Bengaluru,Italian,270.58,14.79,True,4.2,26.7,False
5842,2026-05-18,Mumbai,South Indian,311.78,14.27,True,5.0,43.8,False
5843,2026-05-18,Hyderabad,North Indian,379.0,14.85,True,4.09,43.0,False
5844,2026-05-18,Guwahati,Chinese,436.68,14.16,False,3.67,26.4,False
5845,2026-05-18,Bhopal,Desserts & Bakery,174.66,12.62,False,3.92,18.9,False
5846,2026-05-18,Ahmedabad,Italian,714.26,11.31,True,4.49,36.4,False
5847,2026-05-18,Chennai,Desserts & Bakery,215.48,12.38,True,4.03,34.2,False
5848,2026-05-18,Bengaluru,South Indian,277.42,14.31,True,4.11,28.6,False
5849,2026-05-18,Surat,North Indian,458.32,13.25,False,4.29,35.2,False
5850,2026-05-18,Hyderabad,North Indian,385.21,16.18,False,4.03,21.3,False
5851,2026-05-18,Mumbai,South Indian,210.46,13.06,True,4.27,34.8,False
5852,2026-05-18,Ranchi,North Indian,503.9,15.06,False,3.2,19.2,False
5853,2026-05-18,Delhi,North Indian,383.9,15.64,False,4.31,39.8,False
5854,2026-05-18,Pune,South Indian,236.85,19.15,True,4.25,44.4,False
5855,2026-05-18,Delhi,North Indian,616.47,14.7,False,4.06,29.0,False
5856,2026-05-18,Pune,Chinese,274.05,15.6,True,4.31,43.0,False
5857,2026-05-18,Pune,Desserts & Bakery,235.2,12.98,True,4.07,34.6,False
5858,2026-05-18,Nagpur,Desserts & Bakery,280.39,10.86,True,4.1,28.1,False
5859,2026-05-18,Bhopal,South Indian,281.99,11.2,False,3.09,35.3,False
5860,2026-05-18,Bhopal,South Indian,313.18,15.18,False,3.6,35.3,False
5861,2026-05-18,Nagpur,Desserts & Bakery,218.57,12.25,False,3.85,36.5,False
5862,2026-05-18,Chennai,Chinese,242.67,13.86,True,4.56,31.1,False
5863,2026-05-18,Guwahati,Chinese,379.93,16.54,False,4.15,36.3,False
5864,2026-05-18,Nagpur,North Indian,375.16,12.56,False,4.17,31.2,False
5865,2026-05-18,Nagpur,North Indian,426.15,15.99,True,4.77,37.2,False
5866,2026-05-18,Ahmedabad,North Indian,539.43,15.4,True,4.15,22.2,False
5867,2026-05-18,Nagpur,North Indian,401.92,13.4,True,4.12,34.9,False
5868,2026-05-18,Hyderabad,South Indian,287.89,14.63,False,4.29,36.6,False
5869,2026-05-18,Bengaluru,South Indian,265.99,10.57,False,4.33,44.6,False
5870,2026-05-18,Ahmedabad,North Indian,453.7,13.94,False,4.71,32.6,False
5871,2026-05-18,Bengaluru,South Indian,264.11,15.01,False,4.05,22.1,False
5872,2026-05-18,Delhi,South Indian,257.24,15.32,False,4.2,33.9,False
5873,2026-05-18,Mumbai,South Indian,222.94,12.24,False,4.33,31.6,False
5874,2026-05-18,Nagpur,North Indian,287.11,13.61,False,4.08,40.1,False
5875,2026-05-18,Nagpur,Italian,541.77,16.65,True,4.06,37.0,False
5876,2026-05-18,Ahmedabad,South Indian,203.36,13.55,True,4.06,27.6,False
5877,2026-05-18,Kochi,North Indian,272.7,13.89,True,4.36,49.8,False
5878,2026-05-18,Mumbai,South Indian,355.91,14.53,False,3.97,22.0,False
5879,2026-05-18,Guwahati,North Indian,471.84,18.47,True,,33.9,False
5880,2026-05-18,Mumbai,North Indian,573.68,12.92,True,4.27,24.7,False
5881,2026-05-18,Delhi,Chinese,299.42,15.96,False,4.11,37.9,False
5882,2026-05-18,Pune,Chinese,337.35,14.4,False,,41.1,False
5883,2026-05-18,Chandigarh,Chinese,280.21,14.78,False,4.19,43.2,False
5884,2026-05-18,Mumbai,Chinese,216.54,17.92,True,3.95,22.6,False
5885,2026-05-18,Surat,Chinese,416.06,14.85,False,4.04,34.8,False
5886,2026-05-18,Delhi,North Indian,281.5,14.13,True,3.9,38.0,False
5887,2026-05-18,Bengaluru,Desserts & Bakery,151.11,14.6,True,3.95,33.1,False
5888,2026-05-18,Ahmedabad,South Indian,174.25,18.28,True,4.14,39.4,False
5889,2026-05-18,Delhi,Chinese,333.57,15.12,True,3.97,32.1,False
5890,2026-05-18,Nagpur,North Indian,395.12,11.13,False,,37.3,False
5891,2026-05-18,Surat,North Indian,204.94,16.22,False,3.96,33.6,False
5892,2026-05-18,Ranchi,Chinese,211.81,11.95,True,4.18,35.5,False
5893,2026-05-18,Pune,Chinese,318.46,15.68,True,4.66,48.9,False
5894,2026-05-18,Delhi,Desserts & Bakery,157.54,15.03,True,3.86,36.5,False
5895,2026-05-18,Bengaluru,North Indian,412.8,11.65,False,4.13,20.4,False
5896,2026-05-18,Ranchi,North Indian,358.19,14.83,True,4.5,40.2,False
5897,2026-05-18,Pune,Chinese,381.57,12.83,False,4.69,42.4,False
5898,2026-05-18,Ahmedabad,Chinese,379.9,13.89,False,4.73,24.0,False
5899,2026-05-18,Pune,Chinese,276.62,13.03,True,4.54,44.3,False
5900,2026-05-18,Pune,Chinese,331.3,15.07,False,4.7,32.3,False
5901,2026-05-18,Chennai,South Indian,289.63,15.51,False,4.39,45.6,False
5902,2026-05-18,Bhopal,Italian,790.89,10.74,True,3.93,39.7,False
5903,2026-05-18,Mumbai,Chinese,272.62,13.03,True,4.27,45.0,False
5904,2026-05-18,Chennai,Chinese,338.61,14.62,False,4.15,28.4,False
5905,2026-05-18,Hyderabad,North Indian,376.97,11.67,True,4.22,37.8,False
5906,2026-05-18,Chennai,North Indian,484.85,11.93,False,4.39,32.1,False
5907,2026-05-18,Bhopal,Chinese,544.01,11.98,False,4.16,28.6,False
5908,2026-05-18,Bengaluru,North Indian,492.93,13.5,True,4.1,28.8,False
5909,2026-05-18,Mumbai,Chinese,291.91,13.11,False,4.17,39.1,False
5910,2026-05-18,Bengaluru,Chinese,172.8,16.05,True,4.29,44.1,False
5911,2026-05-18,Surat,South Indian,273.73,12.51,True,3.19,40.0,False
5912,2026-05-18,Chandigarh,North Indian,397.47,12.41,True,3.76,17.5,False
5913,2026-05-18,Bhopal,Chinese,217.45,15.7,True,4.05,35.1,False
5914,2026-05-18,Bhopal,North Indian,457.32,16.88,True,4.09,41.7,False
5915,2026-05-18,Delhi,Desserts & Bakery,235.45,13.83,True,4.3,29.8,False
5916,2026-05-18,Mumbai,South Indian,252.77,16.37,False,,33.7,False
5917,2026-05-18,Delhi,Chinese,367.07,15.3,False,3.69,37.5,False
5918,2026-05-18,Mumbai,North Indian,364.25,13.86,True,,28.1,False
5919,2026-05-18,Bhopal,South Indian,277.68,13.68,False,4.7,32.8,False
5920,2026-05-18,Surat,Desserts & Bakery,276.26,16.38,False,,32.3,False
5921,2026-05-18,Bhopal,North Indian,364.69,13.85,False,4.26,36.7,False
5922,2026-05-18,Pune,Chinese,317.16,13.6,False,4.13,24.3,False
5923,2026-05-18,Mumbai,North Indian,486.29,16.5,True,4.11,39.6,False
5924,2026-05-18,Chandigarh,Chinese,362.45,13.97,False,3.87,39.1,False
5925,2026-05-18,Mumbai,South Indian,243.76,17.83,True,4.39,27.5,False
5926,2026-05-18,Pune,South Indian,230.86,12.75,True,,36.2,False
5927,2026-05-18,Delhi,North Indian,467.31,14.78,True,3.94,31.9,False
5928,2026-05-18,Mumbai,North Indian,449.67,13.34,False,3.69,31.6,False
5929,2026-05-18,Delhi,North Indian,535.23,14.72,True,4.04,23.2,False
5930,2026-05-18,Kochi,North Indian,376.08,15.55,False,4.01,39.3,False
5931,2026-05-18,Bhopal,North Indian,346.95,13.9,False,3.73,33.0,False
5932,2026-05-18,Bengaluru,Italian,511.84,15.42,True,4.55,24.3,False
5933,2026-05-18,Surat,North Indian,541.27,11.51,True,3.59,42.3,False
5934,2026-05-18,Nagpur,South Indian,259.82,10.31,True,4.3,32.8,False
5935,2026-05-18,Surat,North Indian,446.23,16.77,True,3.59,27.1,False
5936,2026-05-18,,North Indian,609.66,15.28,False,4.0,30.1,False
5937,2026-05-18,Chandigarh,North Indian,244.89,16.19,True,4.09,27.7,False
5938,2026-05-19,Ranchi,Desserts & Bakery,253.87,15.18,True,4.0,26.8,False
5939,2026-05-19,Pune,Italian,391.36,14.97,False,4.18,38.2,False
5940,2026-05-19,Kochi,Chinese,384.14,14.41,False,3.89,27.3,False
5941,2026-05-19,Mumbai,Chinese,306.71,15.8,True,4.5,20.1,False
5942,2026-05-19,Ahmedabad,South Indian,248.65,16.69,True,3.78,24.4,False
5943,2026-05-19,Chandigarh,South Indian,306.59,9.03,False,4.57,31.0,False
5944,2026-05-19,Delhi,South Indian,299.77,16.1,False,3.92,31.2,False
5945,2026-05-19,Ranchi,North Indian,550.36,15.57,False,,26.5,False
5946,2026-05-19,Nagpur,South Indian,236.83,13.41,False,3.94,37.2,False
5947,2026-05-19,Kochi,South Indian,268.15,14.3,False,3.7,32.3,False
5948,2026-05-19,Kochi,South Indian,196.89,15.1,False,4.16,34.5,False
5949,2026-05-19,Ahmedabad,North Indian,209.28,16.35,False,4.57,36.8,False
5950,2026-05-19,Guwahati,Chinese,433.13,12.66,True,3.72,45.5,False
5951,2026-05-19,Delhi,Chinese,433.23,12.98,False,4.43,33.0,False
5952,2026-05-19,Chennai,Italian,537.68,15.32,False,3.85,45.5,False
5953,2026-05-19,Mumbai,North Indian,388.25,13.96,False,3.65,42.6,False
5954,2026-05-19,Surat,Desserts & Bakery,129.16,16.78,False,3.87,45.0,False
5955,2026-05-19,Bengaluru,South Indian,242.04,17.54,True,4.1,37.3,False
5956,2026-05-19,Delhi,North Indian,401.18,16.56,False,4.52,35.9,False
5957,2026-05-19,Ahmedabad,Chinese,239.56,14.8,True,,43.7,False
5958,2026-05-19,Kochi,Chinese,470.81,15.15,False,3.97,30.4,False
5959,2026-05-19,Chennai,North Indian,353.86,13.16,False,4.38,42.4,False
5960,2026-05-19,Surat,Chinese,494.26,14.87,False,4.21,33.1,False
5961,2026-05-19,Ranchi,Desserts & Bakery,248.54,18.06,True,3.75,41.4,False
5962,2026-05-19,Pune,Chinese,236.17,16.05,False,4.12,33.8,False
5963,2026-05-19,Bhopal,North Indian,356.55,8.9,True,3.84,48.8,False
5964,2026-05-19,Hyderabad,Chinese,389.14,15.2,True,4.48,29.8,False
5965,2026-05-19,Bengaluru,North Indian,507.79,15.76,True,4.49,29.4,False
5966,2026-05-19,Hyderabad,South Indian,257.33,14.96,True,4.44,45.6,False
5967,2026-05-19,Bhopal,Chinese,372.29,16.98,True,4.44,33.9,False
5968,2026-05-19,Pune,South Indian,269.73,13.89,True,4.34,32.6,False
5969,2026-05-19,Bhopal,Italian,390.76,16.56,False,3.6,41.3,False
5970,2026-05-19,Bengaluru,North Indian,465.03,17.56,True,3.95,23.2,False
5971,2026-05-19,Mumbai,North Indian,578.2,12.18,True,4.15,44.1,False
5972,2026-05-19,Delhi,South Indian,353.1,9.69,False,3.42,33.9,False
5973,2026-05-19,Pune,North Indian,408.64,15.21,True,4.24,34.8,False
5974,2026-05-19,Surat,Desserts & Bakery,241.96,17.08,True,4.06,35.8,False
5975,2026-05-19,Kochi,Chinese,534.98,12.46,False,4.29,37.2,False
5976,2026-05-19,Mumbai,North Indian,406.39,13.35,False,4.47,27.7,False
5977,2026-05-19,Ahmedabad,North Indian,328.97,10.8,False,4.34,37.1,False
5978,2026-05-19,Guwahati,Chinese,282.63,10.97,False,4.0,28.4,False
5979,2026-05-19,Bengaluru,South Indian,242.64,15.12,True,4.89,31.0,False
5980,2026-05-19,Delhi,Chinese,204.74,16.7,False,4.18,43.6,False
5981,2026-05-19,Mumbai,South Indian,221.59,14.26,True,,42.6,False
5982,2026-05-19,Pune,Desserts & Bakery,200.19,11.57,False,,30.9,False
5983,2026-05-19,Bhopal,Chinese,435.85,16.75,False,4.67,40.8,False
5984,2026-05-19,Mumbai,Italian,547.43,18.07,True,3.95,35.7,False
5985,2026-05-19,Kochi,Desserts & Bakery,274.31,13.79,False,,33.5,False
5986,2026-05-19,Bhopal,North Indian,324.14,17.39,True,4.09,19.7,False
5987,2026-05-19,Bengaluru,South Indian,265.33,13.16,True,3.96,28.0,False
5988,2026-05-19,Ahmedabad,Desserts & Bakery,280.36,16.21,False,4.29,39.7,False
5989,2026-05-19,Nagpur,South Indian,317.7,15.26,True,4.88,35.7,False
5990,2026-05-19,Chennai,North Indian,300.92,15.1,True,3.59,18.9,False
5991,2026-05-19,Nagpur,Desserts & Bakery,217.82,14.79,False,3.92,40.6,False
5992,2026-05-19,Ahmedabad,North Indian,362.57,10.92,True,4.18,36.0,False
5993,2026-05-19,Bengaluru,South Indian,252.69,14.56,False,4.44,32.5,False
5994,2026-05-19,Chennai,South Indian,265.0,17.02,False,4.04,46.8,False
5995,2026-05-19,Hyderabad,North Indian,475.66,13.28,True,,43.7,False
5996,2026-05-19,Surat,Chinese,407.39,13.18,True,4.33,41.6,False
5997,2026-05-19,Chandigarh,North Indian,509.1,15.99,True,4.26,34.8,False
5998,2026-05-19,Chandigarh,North Indian,310.79,14.02,False,4.38,28.6,False
5999,2026-05-19,Hyderabad,South Indian,282.63,17.73,True,4.24,34.6,False
6000,2026-05-19,Chennai,Chinese,395.87,12.35,False,4.29,27.8,False
6001,2026-05-19,Ahmedabad,Desserts & Bakery,305.34,12.7,False,4.28,29.7,False
6002,2026-05-19,Mumbai,North Indian,432.04,14.0,True,,23.1,False
6003,2026-05-19,Delhi,South Indian,298.82,14.42,True,,31.8,False
6004,2026-05-19,Kochi,North Indian,491.92,17.1,True,4.12,22.8,False
6005,2026-05-19,Hyderabad,North Indian,521.65,16.03,False,4.18,36.7,False
6006,2026-05-19,Ahmedabad,North Indian,524.9,14.08,False,,30.7,False
6007,2026-05-19,Delhi,Chinese,241.33,15.94,False,3.86,37.4,False
6008,2026-05-19,Bengaluru,Desserts & Bakery,195.93,15.33,True,4.22,27.9,False
6009,2026-05-19,Surat,South Indian,258.31,10.37,True,4.15,37.9,False
6010,2026-05-19,Delhi,North Indian,338.42,13.4,False,4.75,31.1,False
6011,2026-05-19,Hyderabad,South Indian,206.32,14.47,True,4.23,39.1,False
6012,2026-05-19,Bhopal,Italian,534.59,18.45,False,4.69,37.6,False
6013,2026-05-19,Chennai,North Indian,392.45,10.72,True,3.45,28.6,False
6014,2026-05-19,Ahmedabad,Italian,435.24,16.22,True,3.51,45.5,False
6015,2026-05-19,Bengaluru,Chinese,385.13,10.53,True,,19.5,False
6016,2026-05-19,Pune,North Indian,398.33,12.39,True,4.08,41.4,False
6017,2026-05-19,Surat,North Indian,279.16,15.2,True,4.04,29.1,False
6018,2026-05-19,Bengaluru,North Indian,568.73,13.77,False,3.89,25.1,False
6019,2026-05-19,Chandigarh,Chinese,333.16,13.19,False,3.55,37.3,False
6020,2026-05-19,Nagpur,Chinese,392.87,14.29,True,3.86,22.6,False
6021,2026-05-19,Bhopal,North Indian,429.73,16.72,True,4.25,32.8,False
6022,2026-05-19,Pune,Chinese,420.17,13.31,False,,40.8,False
6023,2026-05-19,Ranchi,North Indian,523.82,15.57,False,4.71,34.8,False
6024,2026-05-19,Bengaluru,South Indian,285.71,13.81,True,,34.0,False
6025,2026-05-19,Hyderabad,Italian,722.99,15.03,False,4.47,34.3,False
6026,2026-05-19,Hyderabad,Chinese,376.03,14.43,False,4.53,27.6,False
6027,2026-05-19,Chandigarh,North Indian,402.45,11.54,True,4.21,34.4,False
6028,2026-05-19,Kochi,North Indian,469.4,14.16,True,4.78,37.8,False
6029,2026-05-19,Nagpur,North Indian,260.61,13.93,False,4.05,32.5,False
6030,2026-05-19,Ahmedabad,Italian,485.4,12.47,True,4.14,38.6,False
6031,2026-05-19,Mumbai,South Indian,260.32,10.63,False,4.21,26.1,False
6032,2026-05-19,Surat,South Indian,286.84,15.68,True,3.91,29.2,False
6033,2026-05-19,Pune,North Indian,412.87,15.24,False,4.48,23.6,False
6034,2026-05-19,Pune,South Indian,255.36,12.19,False,4.34,38.0,False
6035,2026-05-19,Bengaluru,Chinese,331.87,10.65,True,,28.2,False
6036,2026-05-19,Mumbai,Chinese,481.69,13.46,True,4.09,30.2,False
6037,2026-05-19,Bengaluru,Italian,576.13,11.93,True,4.2,36.1,False
6038,2026-05-19,Hyderabad,North Indian,467.72,11.47,True,4.76,24.1,False
6039,2026-05-20,Pune,North Indian,574.68,15.23,False,4.19,34.6,False
6040,2026-05-20,Hyderabad,South Indian,229.45,16.55,False,4.32,34.9,False
6041,2026-05-20,Mumbai,North Indian,466.89,14.22,False,3.7,26.5,False
6042,2026-05-20,Delhi,Italian,343.81,11.75,True,4.89,40.3,False
6043,2026-05-20,Mumbai,Desserts & Bakery,167.29,13.93,True,3.98,36.8,False
6044,2026-05-20,Hyderabad,North Indian,383.46,14.74,True,,40.2,False
6045,2026-05-20,Ranchi,North Indian,490.11,14.87,True,4.36,46.1,False
6046,2026-05-20,Kochi,Chinese,275.43,14.1,True,3.89,33.8,False
6047,2026-05-20,Chennai,Italian,577.28,11.95,False,3.93,25.1,False
6048,2026-05-20,Bengaluru,South Indian,265.24,12.64,False,4.48,27.8,False
6049,2026-05-20,Delhi,North Indian,432.53,13.99,True,3.91,36.3,False
6050,2026-05-20,Hyderabad,Chinese,445.71,13.6,True,4.45,48.1,False
6051,2026-05-20,Ranchi,Chinese,329.21,12.41,False,4.58,14.9,False
6052,2026-05-20,Kochi,Desserts & Bakery,229.24,18.34,False,3.6,37.1,False
6053,2026-05-20,Pune,Italian,487.6,13.95,True,3.74,33.0,False
6054,2026-05-20,Kochi,Italian,356.92,16.41,False,4.43,31.3,False
6055,2026-05-20,Chandigarh,South Indian,228.87,14.84,False,3.66,31.3,False
6056,2026-05-20,Chandigarh,South Indian,291.85,11.19,True,4.16,22.6,False
6057,2026-05-20,Mumbai,Chinese,296.14,16.53,False,3.89,36.1,False
6058,2026-05-20,Ranchi,Italian,559.26,13.95,True,4.53,38.6,False
6059,2026-05-20,Mumbai,Chinese,397.73,13.32,False,3.69,32.5,False
6060,2026-05-20,Pune,Chinese,397.43,13.3,False,,31.6,False
6061,2026-05-20,Nagpur,Italian,257.87,10.98,True,4.44,40.2,False
6062,2026-05-20,Mumbai,North Indian,329.48,14.3,True,3.92,43.0,False
6063,2026-05-20,Mumbai,North Indian,349.9,14.37,True,3.46,28.2,False
6064,2026-05-20,Guwahati,Chinese,347.66,12.82,False,3.93,17.0,False
6065,2026-05-20,Ahmedabad,South Indian,257.59,15.14,True,4.47,32.2,False
6066,2026-05-20,Chandigarh,North Indian,468.85,13.39,False,4.12,38.0,False
6067,2026-05-20,Guwahati,North Indian,367.95,12.74,False,4.28,33.1,False
6068,2026-05-20,Guwahati,South Indian,236.12,12.1,True,4.53,29.5,False
6069,2026-05-20,Guwahati,North Indian,237.41,20.26,True,4.29,45.9,False
6070,2026-05-20,Surat,Italian,352.11,14.25,True,4.24,36.1,False
6071,2026-05-20,Surat,Chinese,308.93,10.55,False,3.74,43.8,False
6072,2026-05-20,Guwahati,Italian,447.06,12.92,True,3.78,43.1,False
6073,2026-05-20,Bengaluru,Desserts & Bakery,159.41,12.85,True,3.89,18.5,False
6074,2026-05-20,Surat,Desserts & Bakery,172.57,12.33,True,3.86,40.8,False
6075,2026-05-20,Bengaluru,Chinese,226.1,12.26,False,3.87,33.8,False
6076,2026-05-20,Hyderabad,South Indian,329.16,14.72,False,,25.1,False
6077,2026-05-20,Guwahati,North Indian,527.4,16.69,True,,40.6,False
6078,2026-05-20,Pune,North Indian,287.45,18.32,False,4.29,27.4,False
6079,2026-05-20,Pune,South Indian,291.03,17.92,True,4.15,25.9,False
6080,2026-05-20,Surat,North Indian,495.24,12.99,True,4.49,34.1,False
6081,2026-05-20,Ranchi,North Indian,598.07,17.33,False,3.67,35.5,False
6082,2026-05-20,Ahmedabad,Chinese,394.08,11.14,False,5.0,38.2,False
6083,2026-05-20,Mumbai,Chinese,330.52,15.35,True,4.34,31.7,False
6084,2026-05-20,Surat,Chinese,321.02,11.93,True,4.38,32.7,False
6085,2026-05-20,Guwahati,South Indian,315.7,13.17,True,3.85,30.9,False
6086,2026-05-20,Pune,Chinese,372.17,11.86,True,4.67,43.2,False
6087,2026-05-20,Bengaluru,North Indian,457.65,14.41,False,4.38,36.1,False
6088,2026-05-20,Guwahati,Chinese,247.21,16.39,False,4.08,40.0,False
6089,2026-05-20,Hyderabad,Chinese,272.62,14.56,False,4.41,28.4,False
6090,2026-05-20,Ahmedabad,North Indian,513.1,14.76,True,3.96,38.8,False
6091,2026-05-20,Mumbai,North Indian,425.85,14.58,True,3.67,24.2,False
6092,2026-05-20,Mumbai,Chinese,433.93,15.53,True,3.93,31.5,False
6093,2026-05-20,Chandigarh,Chinese,318.06,15.26,False,4.08,33.6,False
6094,2026-05-20,Ranchi,North Indian,333.28,13.54,True,4.27,47.3,False
6095,2026-05-20,Bengaluru,Chinese,403.67,13.09,False,4.41,16.9,False
6096,2026-05-20,Hyderabad,North Indian,277.78,14.56,False,4.04,35.5,False
6097,2026-05-20,Hyderabad,Chinese,402.55,15.02,False,4.12,30.6,False
6098,2026-05-20,Nagpur,Chinese,410.32,15.99,True,3.82,37.7,False
6099,2026-05-20,Delhi,Desserts & Bakery,279.0,17.46,True,3.68,31.7,False
6100,2026-05-20,Chennai,Chinese,268.49,15.93,True,4.24,32.8,False
6101,2026-05-20,Surat,Italian,492.48,16.91,True,4.1,45.9,False
6102,2026-05-20,Hyderabad,South Indian,231.01,16.37,False,3.89,26.2,False
6103,2026-05-20,Chandigarh,South Indian,332.08,16.15,True,4.25,22.5,False
6104,2026-05-20,Bengaluru,North Indian,495.48,16.53,True,3.68,31.5,False
6105,2026-05-20,Delhi,North Indian,238.75,16.46,False,4.43,37.5,False
6106,2026-05-20,Mumbai,South Indian,230.84,14.46,True,3.93,43.0,False
6107,2026-05-20,Bengaluru,Italian,531.47,14.14,False,4.33,31.6,False
6108,2026-05-20,Ahmedabad,North Indian,450.6,16.69,False,4.11,22.3,False
6109,2026-05-20,Ranchi,Desserts & Bakery,181.03,13.79,True,4.74,28.2,False
6110,2026-05-20,Bhopal,North Indian,458.74,11.85,True,3.61,27.8,False
6111,2026-05-20,Surat,South Indian,254.87,12.92,False,,36.7,False
6112,2026-05-20,Nagpur,South Indian,227.72,9.7,True,4.34,29.8,False
6113,2026-05-20,Delhi,North Indian,417.12,15.9,True,4.77,28.0,False
6114,2026-05-20,Chennai,Desserts & Bakery,160.99,15.94,True,4.08,31.4,False
6115,2026-05-20,Pune,North Indian,282.24,12.93,True,,28.5,False
6116,2026-05-20,Hyderabad,Chinese,386.76,16.92,True,4.46,29.0,False
6117,2026-05-20,Nagpur,North Indian,612.69,14.15,False,4.22,42.5,False
6118,2026-05-20,Delhi,Italian,404.34,11.25,True,4.28,29.3,False
6119,2026-05-20,Delhi,Chinese,312.12,12.49,True,3.7,39.2,False
6120,2026-05-20,Kochi,North Indian,427.41,12.51,True,3.81,22.8,False
6121,2026-05-20,Surat,Chinese,303.09,13.07,False,,34.0,False
6122,2026-05-20,Delhi,Chinese,168.72,13.69,True,4.56,34.6,False
6123,2026-05-20,Ranchi,North Indian,289.8,12.62,True,4.48,38.3,False
6124,2026-05-20,Bengaluru,Chinese,301.91,18.1,False,4.21,37.9,False
6125,2026-05-20,Bhopal,North Indian,344.17,13.31,True,4.57,39.8,False
6126,2026-05-20,Kochi,Chinese,475.52,12.55,True,3.46,25.2,False
6127,2026-05-20,Bhopal,South Indian,183.88,15.13,True,4.02,34.3,False
6128,2026-05-20,Bhopal,North Indian,479.59,14.61,True,4.22,30.4,False
6129,2026-05-20,Pune,South Indian,134.28,13.95,True,4.02,43.7,False
6130,2026-05-20,Surat,South Indian,232.95,15.95,True,3.87,26.5,False
6131,2026-05-20,Surat,Chinese,403.57,15.99,False,3.94,39.7,False
6132,2026-05-20,Nagpur,North Indian,433.46,13.84,False,4.12,30.8,False
6133,2026-05-20,Delhi,North Indian,386.74,15.44,True,4.19,19.4,False
6134,2026-05-20,Chennai,Desserts & Bakery,126.64,12.79,True,4.27,46.1,False
6135,2026-05-20,Ahmedabad,Desserts & Bakery,183.4,10.42,False,3.56,22.9,False
6136,2026-05-20,Pune,North Indian,571.43,14.35,True,4.58,29.0,False
6137,2026-05-20,Mumbai,Italian,300.58,12.73,True,4.25,24.1,False
6138,2026-05-20,Chennai,North Indian,495.45,14.16,True,3.88,30.3,False
6139,2026-05-20,Surat,North Indian,307.73,16.45,True,3.73,26.3,False
6140,2026-05-20,Delhi,Chinese,494.04,15.16,False,,42.5,False
6141,2026-05-20,Kochi,Desserts & Bakery,151.86,11.67,True,4.22,41.9,False
6142,2026-05-20,Pune,Chinese,137.61,15.41,True,4.26,32.1,False
6143,2026-05-21,Chandigarh,North Indian,462.89,17.75,False,4.19,31.8,False
6144,2026-05-21,Bhopal,North Indian,365.46,14.73,True,4.23,23.3,False
6145,2026-05-21,Guwahati,Chinese,372.11,12.77,True,4.4,43.1,False
6146,2026-05-21,Pune,North Indian,445.22,12.61,True,3.95,33.0,False
6147,2026-05-21,Nagpur,South Indian,226.2,14.55,True,4.29,53.4,False
6148,2026-05-21,Surat,North Indian,506.37,12.75,True,4.22,38.6,False
6149,2026-05-21,Guwahati,North Indian,526.59,12.52,False,4.67,37.3,False
6150,2026-05-21,Guwahati,North Indian,276.59,13.68,False,4.04,37.8,False
6151,2026-05-21,Nagpur,South Indian,345.13,13.2,False,,36.6,False
6152,2026-05-21,Hyderabad,North Indian,173.84,12.07,True,3.84,44.7,False
6153,2026-05-21,Kochi,North Indian,560.17,14.47,True,3.64,38.0,False
6154,2026-05-21,Chandigarh,Chinese,410.4,12.8,True,3.98,26.2,False
6155,2026-05-21,Mumbai,Italian,575.55,14.86,False,,30.6,False
6156,2026-05-21,Bengaluru,North Indian,615.35,13.99,True,4.05,41.2,False
6157,2026-05-21,Chennai,Chinese,182.53,15.76,True,4.58,32.1,False
6158,2026-05-21,Delhi,Desserts & Bakery,182.34,13.87,True,4.68,27.2,False
6159,2026-05-21,Kochi,North Indian,461.65,19.02,False,4.12,40.9,False
6160,2026-05-21,Hyderabad,Desserts & Bakery,189.07,12.55,True,3.97,31.1,False
6161,2026-05-21,Surat,Chinese,362.93,12.7,True,3.25,51.4,False
6162,2026-05-21,Surat,Chinese,367.44,12.08,True,3.71,29.0,False
6163,2026-05-21,Ahmedabad,Chinese,196.63,14.55,True,3.42,34.3,False
6164,2026-05-21,Mumbai,Chinese,245.94,14.23,True,4.09,34.0,False
6165,2026-05-21,Surat,Chinese,241.1,12.83,False,4.15,33.1,False
6166,2026-05-21,Pune,Italian,510.35,13.97,False,3.6,21.8,False
6167,2026-05-21,Mumbai,Chinese,271.61,14.18,True,4.61,39.3,False
6168,2026-05-21,Delhi,Desserts & Bakery,272.69,15.66,True,3.92,37.5,False
6169,2026-05-21,Surat,Desserts & Bakery,228.5,13.03,False,3.29,37.7,False
6170,2026-05-21,Pune,North Indian,451.68,15.27,False,3.91,35.9,False
6171,2026-05-21,Surat,Chinese,285.79,14.45,True,3.93,32.6,False
6172,2026-05-21,Kochi,Chinese,411.75,14.08,True,4.61,30.3,False
6173,2026-05-21,Mumbai,South Indian,250.8,15.86,True,4.42,12.0,False
6174,2026-05-21,Surat,South Indian,315.6,13.99,False,4.55,39.2,False
6175,2026-05-21,Delhi,North Indian,440.0,17.77,True,3.83,34.8,False
6176,2026-05-21,Mumbai,South Indian,225.74,16.21,True,3.85,45.7,False
6177,2026-05-21,Kochi,Chinese,389.8,15.32,False,3.69,22.7,False
6178,2026-05-21,Delhi,North Indian,442.24,10.83,True,3.75,30.6,False
6179,2026-05-21,Delhi,Chinese,334.04,17.35,False,4.45,26.2,False
6180,2026-05-21,Bengaluru,Chinese,502.35,15.41,False,4.22,30.6,False
6181,2026-05-21,Hyderabad,North Indian,328.47,14.92,True,4.03,37.2,False
6182,2026-05-21,Ahmedabad,Chinese,277.99,15.61,True,3.64,35.0,False
6183,2026-05-21,Kochi,Desserts & Bakery,239.82,15.1,True,4.33,34.2,False
6184,2026-05-21,Surat,Desserts & Bakery,221.69,12.6,False,,29.7,False
6185,2026-05-21,Bengaluru,North Indian,342.53,13.49,True,3.89,50.8,False
6186,2026-05-21,Chennai,Chinese,419.56,13.73,False,3.98,34.2,False
6187,2026-05-21,Pune,South Indian,202.6,14.11,False,3.87,37.7,False
6188,2026-05-21,Kochi,South Indian,215.09,13.79,True,3.81,36.3,False
6189,2026-05-21,Pune,South Indian,294.77,15.97,True,4.41,24.0,False
6190,2026-05-21,Delhi,North Indian,354.68,13.5,False,4.51,28.2,False
6191,2026-05-21,Hyderabad,Italian,456.08,13.9,False,3.9,33.2,False
6192,2026-05-21,Delhi,North Indian,617.45,13.77,False,4.82,32.1,False
6193,2026-05-21,Nagpur,North Indian,418.33,14.42,False,4.18,36.6,False
6194,2026-05-21,Delhi,Italian,544.82,17.1,True,3.88,33.4,False
6195,2026-05-21,Delhi,North Indian,397.25,11.65,True,4.46,23.9,False
6196,2026-05-21,Surat,Chinese,316.8,16.59,True,4.54,25.6,False
6197,2026-05-21,Nagpur,North Indian,300.16,15.89,False,4.07,12.0,False
6198,2026-05-21,Ahmedabad,Desserts & Bakery,141.42,13.43,True,,34.2,False
6199,2026-05-21,Mumbai,North Indian,401.31,16.69,True,4.52,39.2,False
6200,2026-05-21,Pune,North Indian,398.7,16.7,True,3.67,29.7,False
6201,2026-05-21,Pune,South Indian,281.39,12.61,True,5.0,30.8,False
6202,2026-05-21,Kochi,North Indian,381.17,12.95,False,3.77,38.0,False
6203,2026-05-21,Ahmedabad,Italian,565.9,14.35,False,4.7,43.2,False
6204,2026-05-21,Pune,Chinese,378.88,15.62,False,4.41,39.4,False
6205,2026-05-21,Mumbai,South Indian,143.91,11.47,True,4.38,25.5,False
6206,2026-05-21,Chandigarh,South Indian,171.25,15.71,True,,41.5,False
6207,2026-05-21,Ahmedabad,North Indian,274.68,10.92,True,3.62,32.6,False
6208,2026-05-21,Hyderabad,South Indian,226.88,13.87,False,3.56,31.8,False
6209,2026-05-21,Bengaluru,North Indian,338.23,14.34,False,4.33,31.9,False
6210,2026-05-21,Bhopal,South Indian,181.26,10.84,False,3.96,41.4,False
6211,2026-05-21,Kochi,North Indian,481.64,11.24,True,4.13,29.1,False
6212,2026-05-21,Ahmedabad,North Indian,325.85,12.59,True,3.82,40.6,False
6213,2026-05-21,Kochi,Chinese,276.13,15.23,True,4.36,35.6,False
6214,2026-05-21,Hyderabad,North Indian,334.68,14.76,True,,19.8,False
6215,2026-05-21,Bengaluru,North Indian,446.1,17.64,True,4.22,28.9,False
6216,2026-05-21,Mumbai,Chinese,428.6,11.61,True,4.03,32.6,False
6217,2026-05-21,Pune,South Indian,274.41,14.89,True,4.02,35.2,False
6218,2026-05-21,Bengaluru,North Indian,365.65,15.41,True,4.49,44.9,False
6219,2026-05-21,Bhopal,South Indian,296.67,12.34,False,,39.2,False
6220,2026-05-21,Pune,North Indian,335.36,13.74,True,5.0,34.4,False
6221,2026-05-21,Mumbai,South Indian,388.77,12.81,False,4.57,33.5,False
6222,2026-05-21,Chandigarh,North Indian,449.54,18.85,False,3.7,34.2,False
6223,2026-05-21,Chandigarh,South Indian,307.34,14.73,True,4.17,36.2,False
6224,2026-05-21,Ranchi,North Indian,114.35,14.33,True,4.51,27.4,False
6225,2026-05-21,Delhi,Chinese,497.89,13.64,False,4.0,29.3,False
6226,2026-05-21,Chandigarh,Chinese,421.04,17.28,True,4.05,36.5,False
6227,2026-05-21,Chennai,North Indian,439.43,12.57,False,,31.5,False
6228,2026-05-21,Ahmedabad,North Indian,524.0,9.38,True,3.69,40.3,False
6229,2026-05-21,Delhi,Chinese,439.21,12.84,True,4.68,32.2,False
6230,2026-05-21,Nagpur,North Indian,439.33,12.77,True,4.23,24.7,False
6231,2026-05-21,Ranchi,Chinese,351.22,11.22,False,4.74,41.0,False
6232,2026-05-21,Hyderabad,Chinese,309.89,16.92,True,4.51,45.4,False
6233,2026-05-21,Ahmedabad,Chinese,394.45,14.43,False,4.47,34.3,False
6234,2026-05-21,Guwahati,South Indian,285.54,14.14,False,,36.4,False
6235,2026-05-21,Pune,South Indian,320.19,14.52,False,4.01,39.8,False
6236,2026-05-21,Bengaluru,Desserts & Bakery,132.88,11.43,True,,22.3,False
6237,2026-05-21,Kochi,North Indian,520.6,10.82,False,3.98,32.3,False
6238,2026-05-21,Hyderabad,Chinese,365.43,14.93,False,,28.5,False
6239,2026-05-21,Ahmedabad,North Indian,518.86,12.52,True,4.31,21.1,False
6240,2026-05-21,Kochi,South Indian,272.75,12.0,False,4.26,32.4,False
6241,2026-05-21,Mumbai,South Indian,233.38,12.64,False,3.98,37.9,False
6242,2026-05-21,Pune,Chinese,405.72,14.78,True,4.5,33.7,False
6243,2026-05-21,Bhopal,Chinese,371.3,14.5,False,4.04,39.1,False
6244,2026-05-21,Guwahati,North Indian,472.11,15.95,False,4.56,35.1,False
6245,2026-05-21,Kochi,Desserts & Bakery,228.24,13.52,True,4.02,35.6,False
6246,2026-05-21,Pune,Chinese,388.19,12.09,False,3.59,38.4,False
6247,2026-05-21,Bhopal,North Indian,408.43,15.86,True,4.1,31.8,False
6248,2026-05-21,Ahmedabad,North Indian,151.66,15.18,True,4.02,54.4,False
6249,2026-05-21,Bengaluru,Chinese,244.99,13.28,False,3.9,26.4,False
6250,2026-05-21,Bengaluru,Italian,592.02,13.17,False,4.18,49.8,False
6251,2026-05-21,Chandigarh,North Indian,570.81,14.18,False,4.88,33.2,False
6252,2026-05-21,Delhi,Chinese,326.35,17.34,True,4.29,33.2,False
6253,2026-05-21,Pune,Italian,622.29,18.22,False,3.96,27.6,False
6254,2026-05-21,Ranchi,North Indian,369.83,16.91,False,3.68,27.6,False
6255,2026-05-21,Chennai,North Indian,342.33,15.22,True,4.7,36.8,False
6256,2026-05-21,Bengaluru,North Indian,475.22,16.8,False,3.59,22.7,False
6257,2026-05-22,Pune,South Indian,377.03,13.71,True,3.05,30.6,False
6258,2026-05-22,Delhi,Chinese,388.62,17.98,True,3.27,26.5,False
6259,2026-05-22,Mumbai,Desserts & Bakery,239.58,14.39,True,4.93,27.3,False
6260,2026-05-22,Chandigarh,Chinese,350.51,11.54,True,4.28,40.2,False
6261,2026-05-22,Surat,Chinese,442.56,10.32,True,4.47,19.9,False
6262,2026-05-22,Delhi,Italian,503.79,15.0,True,4.66,42.9,False
6263,2026-05-22,Chandigarh,Chinese,375.49,18.45,True,4.42,39.4,False
6264,2026-05-22,Pune,North Indian,424.39,16.96,False,,41.0,False
6265,2026-05-22,Bhopal,Italian,504.3,13.81,False,4.17,34.4,False
6266,2026-05-22,Pune,North Indian,492.69,14.22,True,4.74,42.4,False
6267,2026-05-22,Guwahati,South Indian,269.35,15.76,True,3.0,42.1,False
6268,2026-05-22,Delhi,Italian,554.61,11.36,False,3.81,38.0,False
6269,2026-05-22,Pune,Chinese,356.92,15.98,True,4.62,39.9,False
6270,2026-05-22,Delhi,North Indian,498.43,12.15,True,4.12,51.5,False
6271,2026-05-22,Bhopal,Chinese,425.6,12.75,True,4.13,29.8,False
6272,2026-05-22,Bengaluru,North Indian,299.24,13.62,False,4.28,27.6,False
6273,2026-05-22,Mumbai,North Indian,346.45,12.72,True,4.45,22.2,False
6274,2026-05-22,Guwahati,North Indian,315.63,14.31,False,3.88,26.9,False
6275,2026-05-22,Mumbai,Desserts & Bakery,261.41,16.96,True,,39.3,False
6276,2026-05-22,Kochi,South Indian,310.37,14.04,True,,26.2,False
6277,2026-05-22,Mumbai,North Indian,584.22,14.53,False,3.54,36.5,False
6278,2026-05-22,Hyderabad,South Indian,222.31,14.91,True,4.65,37.5,False
6279,2026-05-22,Pune,South Indian,179.81,11.59,False,3.77,47.0,False
6280,2026-05-22,Pune,North Indian,437.88,14.64,True,3.91,29.0,False
6281,2026-05-22,Delhi,Chinese,367.27,15.31,True,3.66,34.9,False
6282,2026-05-22,Ahmedabad,North Indian,372.06,20.42,True,4.01,32.7,False
6283,2026-05-22,Chennai,Italian,730.65,13.05,True,3.84,39.4,False
6284,2026-05-22,Ranchi,South Indian,311.36,14.11,False,3.66,25.5,False
6285,2026-05-22,Ahmedabad,Italian,625.24,13.78,False,3.88,44.0,False
6286,2026-05-22,Nagpur,North Indian,464.99,15.7,False,4.09,35.5,False
6287,2026-05-22,Bengaluru,South Indian,320.21,14.24,True,,30.9,False
6288,2026-05-22,Delhi,South Indian,245.31,14.01,True,3.83,37.3,False
6289,2026-05-22,Guwahati,South Indian,242.94,17.75,True,4.54,39.4,False
6290,2026-05-22,Chandigarh,South Indian,170.65,15.51,False,4.1,25.7,False
6291,2026-05-22,Pune,Chinese,320.39,11.98,True,4.46,38.3,False
6292,2026-05-22,Mumbai,North Indian,431.76,13.62,True,,34.8,False
6293,2026-05-22,Hyderabad,Desserts & Bakery,219.3,12.46,True,4.78,38.0,False
6294,2026-05-22,Ahmedabad,South Indian,196.2,16.9,True,4.41,45.8,False
6295,2026-05-22,Kochi,Italian,471.05,14.75,False,,43.0,False
6296,2026-05-22,Delhi,Desserts & Bakery,172.64,15.0,False,3.85,27.0,False
6297,2026-05-22,Ranchi,Chinese,265.9,14.88,True,3.9,34.6,False
6298,2026-05-22,Chennai,North Indian,406.05,16.21,False,4.28,39.2,False
6299,2026-05-22,Hyderabad,Italian,639.3,14.23,False,4.3,38.8,False
6300,2026-05-22,Kochi,Italian,503.56,14.61,True,4.28,26.4,False
6301,2026-05-22,Pune,North Indian,373.48,15.6,True,4.46,36.2,False
6302,2026-05-22,Ahmedabad,Chinese,485.29,16.32,False,4.27,24.4,False
6303,2026-05-22,Surat,Chinese,473.64,15.5,True,3.66,43.1,False
6304,2026-05-22,Mumbai,South Indian,337.32,16.65,False,4.81,35.9,False
6305,2026-05-22,Chandigarh,Desserts & Bakery,261.37,12.33,False,,31.6,False
6306,2026-05-22,Delhi,North Indian,565.05,11.88,False,4.68,39.7,False
6307,2026-05-22,Hyderabad,Desserts & Bakery,244.54,17.86,True,3.88,29.1,False
6308,2026-05-22,Ranchi,North Indian,475.04,15.98,False,3.93,23.9,False
6309,2026-05-22,Hyderabad,South Indian,346.41,14.17,False,4.7,37.9,False
6310,2026-05-22,Pune,Italian,736.0,15.18,True,3.91,35.0,False
6311,2026-05-22,Bhopal,Desserts & Bakery,192.45,15.37,True,4.15,37.1,False
6312,2026-05-22,Surat,Chinese,405.29,16.33,True,4.41,33.8,False
6313,2026-05-22,Pune,Chinese,371.24,13.0,True,4.43,29.3,False
6314,2026-05-22,Delhi,Desserts & Bakery,225.24,13.79,False,3.61,41.6,False
6315,2026-05-22,Chennai,South Indian,181.52,10.61,True,4.02,21.5,False
6316,2026-05-22,Bhopal,North Indian,442.9,18.24,True,4.14,28.5,False
6317,2026-05-22,Bengaluru,South Indian,280.45,17.66,False,,44.5,False
6318,2026-05-22,Nagpur,North Indian,395.42,10.83,True,3.82,32.0,False
6319,2026-05-22,Hyderabad,South Indian,262.15,17.64,True,,35.6,False
6320,2026-05-22,Bhopal,North Indian,458.59,14.36,False,3.4,31.1,False
6321,2026-05-22,Mumbai,Chinese,308.22,12.83,True,4.92,28.4,False
6322,2026-05-22,Ranchi,Chinese,314.58,15.07,True,3.9,33.4,False
6323,2026-05-22,Hyderabad,North Indian,298.72,12.42,False,3.77,29.2,False
6324,2026-05-22,Hyderabad,Chinese,385.39,13.17,False,4.38,40.2,False
6325,2026-05-22,Ranchi,South Indian,238.28,15.69,False,4.36,36.8,False
6326,2026-05-22,Chennai,North Indian,432.08,14.78,True,4.67,36.8,False
6327,2026-05-22,Delhi,South Indian,162.49,14.14,True,4.71,29.5,False
6328,2026-05-22,Chandigarh,North Indian,338.88,15.74,False,4.34,37.7,False
6329,2026-05-22,Mumbai,North Indian,274.71,12.66,True,4.18,32.3,False
6330,2026-05-22,Hyderabad,North Indian,330.43,16.36,True,4.32,46.9,False
6331,2026-05-22,Chandigarh,Desserts & Bakery,204.61,14.82,True,4.49,36.1,False
6332,2026-05-22,Ranchi,North Indian,498.23,15.48,True,3.63,37.7,False
6333,2026-05-22,Nagpur,Italian,309.98,15.01,False,4.4,27.8,False
6334,2026-05-22,Mumbai,North Indian,465.57,17.86,True,3.95,39.8,False
6335,2026-05-22,Bhopal,Italian,443.08,15.43,True,3.91,39.2,False
6336,2026-05-22,Chennai,Chinese,322.66,15.0,False,4.68,29.6,False
6337,2026-05-22,Mumbai,Italian,638.24,12.68,False,3.64,27.2,False
6338,2026-05-22,Kochi,South Indian,260.83,14.38,True,4.48,21.7,False
6339,2026-05-22,Ranchi,South Indian,144.19,15.14,True,4.47,48.7,False
6340,2026-05-22,Surat,Desserts & Bakery,186.08,15.27,True,3.79,30.4,False
6341,2026-05-22,Ranchi,Chinese,410.41,13.97,False,3.6,25.4,False
6342,2026-05-22,Bengaluru,South Indian,257.16,13.9,False,4.39,27.8,False
6343,2026-05-22,Pune,South Indian,277.63,14.3,True,3.66,43.4,False
6344,2026-05-22,Mumbai,North Indian,540.17,13.89,True,4.24,49.0,False
6345,2026-05-22,Pune,South Indian,257.3,13.37,True,4.1,39.6,False
6346,2026-05-22,Mumbai,Chinese,493.28,12.67,True,4.24,24.4,False
6347,2026-05-22,Ranchi,North Indian,320.31,13.12,True,4.57,32.6,False
6348,2026-05-22,Surat,Italian,724.08,14.14,False,4.14,28.0,False
6349,2026-05-22,Bhopal,Chinese,314.13,14.17,False,3.28,29.4,False
6350,2026-05-22,Nagpur,Chinese,365.66,13.77,True,4.41,32.1,False
6351,2026-05-22,Chennai,South Indian,281.33,16.17,False,3.51,42.2,False
6352,2026-05-22,Ranchi,Italian,380.28,12.03,True,3.94,34.7,False
6353,2026-05-22,Hyderabad,North Indian,353.4,12.44,True,4.02,27.3,False
6354,2026-05-22,Pune,North Indian,326.62,12.95,False,4.04,40.2,False
6355,2026-05-22,Mumbai,Chinese,353.02,14.15,False,4.17,23.0,False
6356,2026-05-22,Mumbai,Desserts & Bakery,213.17,17.98,True,3.87,29.6,False
6357,2026-05-22,Pune,North Indian,430.86,13.36,True,4.27,32.3,False
6358,2026-05-22,Ranchi,North Indian,442.67,13.15,True,3.71,25.9,False
6359,2026-05-22,Kochi,Chinese,275.06,14.94,True,4.12,24.0,False
6360,2026-05-22,Kochi,Chinese,379.95,16.04,True,4.56,34.4,False
6361,2026-05-22,Hyderabad,South Indian,312.62,15.67,True,4.0,33.1,False
6362,2026-05-22,Chennai,South Indian,245.06,13.85,True,4.25,28.3,False
6363,2026-05-22,Surat,Desserts & Bakery,163.57,13.44,False,4.04,23.2,False
6364,2026-05-22,Pune,North Indian,448.56,12.37,False,,38.7,False
6365,2026-05-22,Nagpur,South Indian,225.4,16.52,False,4.25,26.3,False
6366,2026-05-22,Ahmedabad,North Indian,488.26,14.63,False,4.7,26.3,False
6367,2026-05-22,Ahmedabad,Chinese,265.99,11.73,False,4.24,37.3,False
6368,2026-05-22,Delhi,Italian,435.05,14.89,True,4.05,39.4,False
6369,2026-05-22,Kochi,Italian,517.45,12.55,True,4.19,14.7,False
6370,2026-05-22,Delhi,Chinese,444.43,13.27,True,3.83,40.4,False
6371,2026-05-22,Pune,Italian,736.59,16.7,False,2.95,38.3,False
6372,2026-05-22,Delhi,North Indian,432.37,15.67,False,4.48,34.0,False
6373,2026-05-22,Surat,Italian,480.43,15.39,True,4.23,21.1,False
6374,2026-05-22,Delhi,Chinese,347.92,15.86,False,4.82,28.9,False
6375,2026-05-23,Delhi,North Indian,507.85,13.87,False,4.25,30.7,True
6376,2026-05-23,Guwahati,Chinese,309.34,13.27,False,4.32,47.8,True
6377,2026-05-23,Pune,Italian,374.64,14.89,True,,26.7,True
6378,2026-05-23,Mumbai,North Indian,339.79,11.93,False,3.7,31.8,True
6379,2026-05-23,Bhopal,Chinese,381.73,14.68,True,4.43,24.7,True
6380,2026-05-23,Delhi,Chinese,380.13,17.65,True,4.27,33.1,True
6381,2026-05-23,Hyderabad,North Indian,461.63,11.1,False,4.21,38.9,True
6382,2026-05-23,Bhopal,North Indian,487.76,11.42,True,3.95,22.1,True
6383,2026-05-23,Hyderabad,North Indian,465.48,13.67,True,3.33,35.0,True
6384,2026-05-23,Hyderabad,Desserts & Bakery,131.54,14.28,True,4.22,30.7,True
6385,2026-05-23,Kochi,North Indian,315.51,16.08,False,3.23,42.8,True
6386,2026-05-23,Chennai,Italian,390.93,14.4,True,4.48,42.7,True
6387,2026-05-23,Bengaluru,North Indian,364.15,19.57,True,4.24,38.9,True
6388,2026-05-23,Mumbai,Desserts & Bakery,179.79,12.72,True,3.78,36.0,True
6389,2026-05-23,Ranchi,Chinese,319.57,14.06,False,4.49,28.3,True
6390,2026-05-23,Hyderabad,South Indian,271.72,14.39,False,3.63,42.0,True
6391,2026-05-23,Hyderabad,Italian,358.66,15.93,True,3.54,43.2,True
6392,2026-05-23,Bengaluru,South Indian,283.46,14.35,False,3.94,24.1,True
6393,2026-05-23,Ranchi,Italian,523.07,17.12,True,3.98,48.4,True
6394,2026-05-23,Ahmedabad,North Indian,443.61,12.02,False,3.94,29.5,True
6395,2026-05-23,Hyderabad,South Indian,262.42,15.94,False,4.2,29.1,True
6396,2026-05-23,Delhi,North Indian,547.03,16.92,False,4.62,38.7,True
6397,2026-05-23,Ranchi,North Indian,321.61,13.37,True,4.25,29.5,True
6398,2026-05-23,Chennai,Italian,437.02,12.76,True,4.18,24.7,True
6399,2026-05-23,Delhi,South Indian,171.56,14.08,True,3.96,45.4,True
6400,2026-05-23,Hyderabad,North Indian,476.47,11.57,True,4.47,29.8,True
6401,2026-05-23,Pune,Chinese,452.75,11.67,False,4.3,30.5,True
6402,2026-05-23,Ahmedabad,South Indian,179.34,14.35,True,3.65,22.9,True
6403,2026-05-23,Mumbai,North Indian,412.85,14.09,False,4.38,36.7,True
6404,2026-05-23,Hyderabad,South Indian,285.66,11.7,False,4.13,43.1,True
6405,2026-05-23,Nagpur,South Indian,240.49,12.54,False,4.77,37.1,True
6406,2026-05-23,Mumbai,North Indian,399.64,13.37,True,4.15,32.8,True
6407,2026-05-23,Chandigarh,Chinese,247.22,14.27,True,4.3,36.7,True
6408,2026-05-23,Mumbai,North Indian,437.64,13.5,False,4.05,26.4,True
6409,2026-05-23,Chandigarh,Chinese,457.15,12.43,True,4.43,23.9,True
6410,2026-05-23,,North Indian,424.37,14.18,False,4.39,29.6,True
6411,2026-05-23,Ranchi,Chinese,355.15,16.38,False,3.9,35.8,True
6412,2026-05-23,Guwahati,Chinese,325.89,18.76,True,4.0,37.1,True
6413,2026-05-23,Chennai,Chinese,471.0,16.93,False,4.04,41.4,True
6414,2026-05-23,Pune,South Indian,290.28,13.69,False,4.65,24.6,True
6415,2026-05-23,Surat,Italian,607.12,13.36,True,,60.3,True
6416,2026-05-23,Surat,Italian,323.68,16.34,True,4.99,34.0,True
6417,2026-05-23,Ranchi,Chinese,232.46,13.95,False,3.88,26.8,True
6418,2026-05-23,Bengaluru,Chinese,357.41,10.85,False,3.55,40.1,True
6419,2026-05-23,Ahmedabad,Desserts & Bakery,165.95,16.94,False,3.89,35.2,True
6420,2026-05-23,Mumbai,North Indian,416.18,13.2,True,4.27,33.4,True
6421,2026-05-23,Delhi,Chinese,404.43,15.6,False,4.06,30.4,True
6422,2026-05-23,Ranchi,South Indian,250.2,14.34,True,3.76,36.0,True
6423,2026-05-23,Hyderabad,North Indian,566.37,15.66,True,4.16,37.9,True
6424,2026-05-23,Chandigarh,North Indian,681.15,18.93,False,4.28,40.5,True
6425,2026-05-23,Pune,Chinese,311.69,14.12,True,4.46,26.3,True
6426,2026-05-23,Delhi,North Indian,367.75,12.43,False,4.56,36.4,True
6427,2026-05-23,Kochi,Chinese,422.23,14.83,True,4.56,24.5,True
6428,2026-05-23,Chennai,Italian,640.54,16.78,True,4.53,31.5,True
6429,2026-05-23,Surat,Desserts & Bakery,150.98,14.67,False,4.28,38.5,True
6430,2026-05-23,Mumbai,South Indian,201.72,14.59,False,4.55,38.4,True
6431,2026-05-23,Delhi,North Indian,375.21,17.58,True,4.25,35.3,True
6432,2026-05-23,Bengaluru,North Indian,588.07,12.12,True,4.8,40.0,True
6433,2026-05-23,Chennai,South Indian,204.09,10.84,False,4.65,23.0,True
6434,2026-05-23,Hyderabad,Chinese,291.31,16.77,True,3.92,37.8,True
6435,2026-05-23,Pune,Chinese,349.19,10.69,False,4.25,42.6,True
6436,2026-05-23,Bengaluru,North Indian,485.67,12.24,False,4.52,34.9,True
6437,2026-05-23,Chennai,Chinese,359.03,15.01,True,4.39,34.4,True
6438,2026-05-23,Bengaluru,North Indian,248.29,16.58,False,5.0,26.1,True
6439,2026-05-23,Surat,South Indian,280.0,14.13,True,4.37,39.0,True
6440,2026-05-23,Delhi,Italian,577.11,12.56,False,4.14,38.0,True
6441,2026-05-23,Delhi,South Indian,196.43,17.54,False,4.46,29.3,True
6442,2026-05-23,Delhi,South Indian,296.92,17.33,True,4.62,28.6,True
6443,2026-05-23,Kochi,Desserts & Bakery,246.53,14.48,False,3.82,39.4,True
6444,2026-05-23,Hyderabad,Chinese,481.79,15.43,True,3.88,32.8,True
6445,2026-05-23,Bengaluru,South Indian,224.41,13.74,False,4.35,27.8,True
6446,2026-05-23,Chennai,South Indian,336.45,13.1,True,3.71,28.1,True
6447,2026-05-23,Guwahati,Chinese,506.99,17.05,True,4.64,44.7,True
6448,2026-05-23,Ahmedabad,South Indian,358.16,13.04,True,,29.9,True
6449,2026-05-23,Ahmedabad,Italian,571.98,13.61,False,4.53,26.4,True
6450,2026-05-23,Chandigarh,Chinese,365.65,16.8,False,,37.3,True
6451,2026-05-23,Bengaluru,North Indian,358.72,15.29,False,4.36,34.2,True
6452,2026-05-23,Surat,North Indian,379.11,13.5,True,4.07,34.4,True
6453,2026-05-23,Bengaluru,Chinese,330.57,12.97,True,4.63,31.8,True
6454,2026-05-23,Ahmedabad,North Indian,483.95,13.71,False,3.7,40.3,True
6455,2026-05-23,Chennai,South Indian,164.09,14.55,True,4.16,46.1,True
6456,2026-05-23,Hyderabad,North Indian,194.09,15.25,True,4.19,34.3,True
6457,2026-05-23,Bhopal,South Indian,209.34,12.29,True,,30.7,True
6458,2026-05-23,Ranchi,North Indian,421.43,14.92,True,,30.2,True
6459,2026-05-23,Chandigarh,South Indian,351.55,12.97,True,3.63,18.1,True
6460,2026-05-23,Ranchi,Italian,504.23,11.82,True,4.53,36.9,True
6461,2026-05-23,Ahmedabad,Desserts & Bakery,240.04,16.65,False,,29.9,True
6462,2026-05-23,Delhi,South Indian,238.61,16.06,False,4.18,28.7,True
6463,2026-05-23,Surat,South Indian,310.69,17.97,True,4.24,33.1,True
6464,2026-05-23,Surat,Chinese,347.61,15.34,False,4.02,32.0,True
6465,2026-05-23,Bengaluru,North Indian,490.82,13.56,True,4.17,31.3,True
6466,2026-05-23,Delhi,South Indian,341.22,13.32,False,4.18,45.8,True
6467,2026-05-23,Surat,Chinese,265.13,17.03,True,4.7,35.5,True
6468,2026-05-23,Bhopal,Desserts & Bakery,192.42,14.2,True,4.48,29.9,True
6469,2026-05-23,Bhopal,South Indian,246.99,11.89,True,3.98,33.7,True
6470,2026-05-23,Bhopal,Italian,557.46,14.36,False,3.58,45.0,True
6471,2026-05-23,Chennai,North Indian,544.24,14.57,False,4.14,41.0,True
6472,2026-05-23,Kochi,South Indian,195.3,14.26,True,4.23,47.6,True
6473,2026-05-23,Surat,North Indian,434.02,12.76,False,3.94,37.8,True
6474,2026-05-23,Delhi,Italian,405.14,12.5,False,,43.0,True
6475,2026-05-23,Ranchi,North Indian,411.35,14.79,False,4.0,28.2,True
6476,2026-05-23,Surat,North Indian,495.11,15.03,False,4.48,48.4,True
6477,2026-05-23,Nagpur,Chinese,390.09,14.75,False,4.12,35.4,True
6478,2026-05-23,Chennai,Chinese,402.68,14.04,True,4.04,33.4,True
6479,2026-05-23,Delhi,North Indian,490.28,16.19,False,,40.9,True
6480,2026-05-23,Bengaluru,North Indian,340.17,14.47,False,4.6,40.2,True
6481,2026-05-23,Surat,North Indian,379.96,11.81,False,3.94,29.4,True
6482,2026-05-23,Nagpur,North Indian,378.97,17.21,False,3.99,25.9,True
6483,2026-05-23,Chennai,South Indian,237.21,15.03,True,3.73,31.1,True
6484,2026-05-23,Nagpur,Chinese,304.25,14.67,True,4.26,34.1,True
6485,2026-05-23,Ahmedabad,Chinese,239.3,13.05,True,3.87,41.6,True
6486,2026-05-23,Chandigarh,Chinese,337.47,14.48,False,4.18,41.6,True
6487,2026-05-23,Chandigarh,North Indian,526.04,14.76,True,4.46,37.5,True
6488,2026-05-23,Bengaluru,South Indian,269.28,14.97,False,4.19,32.6,True
6489,2026-05-23,Hyderabad,Desserts & Bakery,256.92,14.69,False,4.75,45.2,True
6490,2026-05-23,Delhi,Chinese,419.81,13.7,True,4.01,40.0,True
6491,2026-05-23,Hyderabad,North Indian,335.04,15.73,True,4.16,35.1,True
6492,2026-05-23,Bhopal,Desserts & Bakery,202.18,11.63,True,4.27,36.6,True
6493,2026-05-23,Nagpur,North Indian,352.67,9.59,False,3.73,34.0,True
6494,2026-05-23,Chandigarh,North Indian,496.41,15.93,True,4.06,41.9,True
6495,2026-05-23,Nagpur,North Indian,580.29,14.75,True,4.13,41.6,True
6496,2026-05-23,Delhi,South Indian,263.91,17.36,True,4.44,40.2,True
6497,2026-05-23,Kochi,North Indian,378.1,13.42,True,,26.2,True
6498,2026-05-23,Delhi,Italian,675.44,12.84,True,3.68,28.7,True
6499,2026-05-23,Guwahati,South Indian,204.54,10.73,True,3.54,32.8,True
6500,2026-05-23,Bengaluru,South Indian,229.7,14.47,True,4.73,31.0,True
6501,2026-05-23,Pune,Italian,481.29,15.03,True,4.47,27.9,True
6502,2026-05-23,Kochi,North Indian,375.11,12.51,False,4.11,29.3,True
6503,2026-05-23,Bhopal,North Indian,420.41,14.4,True,4.86,42.7,True
6504,2026-05-23,Pune,South Indian,217.09,13.1,True,3.86,17.3,True
6505,2026-05-23,Chandigarh,North Indian,500.2,14.75,True,3.88,38.7,True
6506,2026-05-23,Ahmedabad,South Indian,378.88,16.41,True,,26.7,True
6507,2026-05-23,Surat,Desserts & Bakery,196.49,14.41,True,3.96,35.6,True
6508,2026-05-23,Hyderabad,South Indian,228.95,14.49,True,,31.9,True
6509,2026-05-23,Ranchi,North Indian,371.16,12.23,True,,38.3,True
6510,2026-05-23,Ahmedabad,South Indian,202.36,16.55,False,,28.2,True
6511,2026-05-23,Nagpur,Desserts & Bakery,162.32,15.21,True,3.82,41.9,True
6512,2026-05-23,Hyderabad,Italian,426.92,16.26,True,4.24,38.4,True
6513,2026-05-23,Bhopal,North Indian,441.34,14.61,False,3.97,35.6,True
6514,2026-05-23,Delhi,North Indian,468.25,15.21,True,4.33,34.2,True
6515,2026-05-23,Kochi,Chinese,123.58,14.67,True,4.29,30.1,True
6516,2026-05-23,Nagpur,South Indian,224.2,16.51,False,4.18,35.4,True
6517,2026-05-23,Mumbai,North Indian,451.73,17.65,True,4.84,40.9,True
6518,2026-05-23,Nagpur,North Indian,229.9,17.59,True,4.45,38.3,True
6519,2026-05-23,Mumbai,North Indian,407.63,14.06,True,4.81,29.4,True
6520,2026-05-23,Pune,Chinese,271.74,15.08,True,3.8,40.6,True
6521,2026-05-23,Delhi,Desserts & Bakery,135.6,19.0,False,4.26,26.9,True
6522,2026-05-23,Chennai,North Indian,392.4,15.36,False,4.11,47.7,True
6523,2026-05-23,Nagpur,South Indian,267.32,16.09,True,4.35,44.1,True
6524,2026-05-23,Chandigarh,South Indian,185.7,13.11,False,4.28,34.7,True
6525,2026-05-23,Delhi,South Indian,303.26,16.21,True,4.32,31.1,True
6526,2026-05-23,Surat,South Indian,217.12,13.09,True,4.36,46.1,True
6527,2026-05-23,Guwahati,South Indian,259.51,11.44,False,4.5,36.0,True
6528,2026-05-23,Delhi,Chinese,327.76,13.27,False,3.92,37.5,True
6529,2026-05-23,Mumbai,North Indian,470.4,14.73,True,4.06,36.4,True
6530,2026-05-23,Bengaluru,North Indian,582.21,10.08,False,3.91,29.5,True
6531,2026-05-23,Bhopal,Chinese,309.64,16.65,True,3.83,43.7,True
6532,2026-05-23,Ahmedabad,Chinese,480.53,12.5,True,3.7,23.1,True
6533,2026-05-23,Ranchi,North Indian,382.73,7.64,True,4.08,42.3,True
6534,2026-05-23,Ranchi,North Indian,501.65,15.87,False,4.48,34.5,True
6535,2026-05-23,Surat,South Indian,256.51,13.42,False,,37.3,True
6536,2026-05-23,Ahmedabad,Desserts & Bakery,179.86,15.87,True,4.25,25.8,True
6537,2026-05-23,Bengaluru,North Indian,504.71,13.42,True,4.24,39.1,True
6538,2026-05-23,Surat,South Indian,207.79,15.33,True,3.31,22.3,True
6539,2026-05-23,Kochi,Italian,519.17,12.1,True,4.19,47.3,True
6540,2026-05-23,Kochi,South Indian,252.24,11.03,True,4.09,47.9,True
6541,2026-05-24,Mumbai,South Indian,212.69,11.48,False,3.88,24.0,True
6542,2026-05-24,Delhi,Chinese,306.81,12.65,True,3.86,37.2,True
6543,2026-05-24,Pune,Chinese,428.53,12.42,True,4.28,45.3,True
6544,2026-05-24,Nagpur,Desserts & Bakery,173.89,15.79,True,4.15,48.8,True
6545,2026-05-24,Pune,South Indian,271.52,13.96,True,,27.1,True
6546,2026-05-24,Pune,North Indian,374.45,16.19,True,3.56,27.7,True
6547,2026-05-24,Guwahati,Desserts & Bakery,192.34,16.46,True,3.91,30.9,True
6548,2026-05-24,Hyderabad,Italian,300.62,13.76,True,4.66,34.9,True
6549,2026-05-24,Guwahati,Italian,410.27,15.0,True,3.32,32.8,True
6550,2026-05-24,Ahmedabad,Desserts & Bakery,191.45,12.53,False,4.42,37.6,True
6551,2026-05-24,Bengaluru,North Indian,475.38,16.37,True,4.41,30.4,True
6552,2026-05-24,Surat,Chinese,376.59,14.13,True,4.15,36.0,True
6553,2026-05-24,Surat,Chinese,326.84,13.2,False,4.11,35.7,True
6554,2026-05-24,Pune,Chinese,253.08,17.11,False,3.99,16.2,True
6555,2026-05-24,Ranchi,North Indian,347.76,13.24,False,4.62,36.2,True
6556,2026-05-24,Mumbai,Chinese,328.79,13.17,False,4.44,31.8,True
6557,2026-05-24,Pune,North Indian,453.33,13.43,True,4.17,34.1,True
6558,2026-05-24,Guwahati,South Indian,248.32,14.43,True,3.95,32.9,True
6559,2026-05-24,Delhi,Chinese,349.18,17.79,False,4.78,28.6,True
6560,2026-05-24,Ranchi,Chinese,227.76,11.78,False,3.94,45.4,True
6561,2026-05-24,Kochi,South Indian,314.85,13.53,False,4.01,43.0,True
6562,2026-05-24,Hyderabad,Chinese,432.26,17.99,False,4.04,55.3,True
6563,2026-05-24,Nagpur,North Indian,387.87,14.47,False,4.39,42.4,True
6564,2026-05-24,Nagpur,South Indian,239.16,13.95,False,4.75,29.0,True
6565,2026-05-24,Surat,Italian,825.74,14.23,False,3.99,31.6,True
6566,2026-05-24,Kochi,Chinese,142.38,12.54,True,4.81,24.1,True
6567,2026-05-24,Hyderabad,Chinese,292.69,15.39,True,4.29,40.0,True
6568,2026-05-24,Ranchi,Chinese,363.75,12.53,True,3.84,18.3,True
6569,2026-05-24,Mumbai,Chinese,381.11,16.97,True,4.28,43.7,True
6570,2026-05-24,Kochi,North Indian,354.01,12.87,False,4.16,29.3,True
6571,2026-05-24,Surat,Chinese,417.96,10.8,True,4.62,32.6,True
6572,2026-05-24,Mumbai,Chinese,352.14,12.82,True,,36.1,True
6573,2026-05-24,Ahmedabad,South Indian,249.45,15.89,False,3.76,30.1,True
6574,2026-05-24,Bengaluru,Chinese,294.73,14.13,False,4.01,34.8,True
6575,2026-05-24,Ranchi,South Indian,211.05,16.04,True,4.75,39.2,True
6576,2026-05-24,Ranchi,North Indian,592.44,13.61,True,3.92,30.2,True
6577,2026-05-24,Delhi,South Indian,272.26,14.65,True,3.97,24.4,True
6578,2026-05-24,Chennai,North Indian,532.51,9.34,True,3.84,30.2,True
6579,2026-05-24,Chandigarh,North Indian,375.47,10.9,False,3.57,38.1,True
6580,2026-05-24,Bengaluru,North Indian,483.27,14.37,False,3.93,32.4,True
6581,2026-05-24,Mumbai,South Indian,241.73,17.11,True,4.04,32.6,True
6582,2026-05-24,Chandigarh,Chinese,386.8,12.63,True,4.2,32.8,True
6583,2026-05-24,Bhopal,Italian,618.31,11.94,True,4.4,29.3,True
6584,2026-05-24,Bengaluru,Italian,512.0,12.13,False,4.37,29.5,True
6585,2026-05-24,Bhopal,South Indian,249.23,15.32,False,,28.0,True
6586,2026-05-24,Bhopal,Chinese,410.53,14.03,False,4.7,47.5,True
6587,2026-05-24,Ahmedabad,North Indian,541.4,9.85,True,3.3,36.4,True
6588,2026-05-24,Kochi,North Indian,418.25,14.46,True,4.02,45.1,True
6589,2026-05-24,Ranchi,North Indian,488.01,14.21,True,4.76,40.3,True
6590,2026-05-24,Delhi,Italian,554.98,13.48,False,4.24,28.2,True
6591,2026-05-24,Hyderabad,Desserts & Bakery,186.29,14.82,True,4.06,31.8,True
6592,2026-05-24,Bhopal,North Indian,510.41,15.5,True,4.54,33.6,True
6593,2026-05-24,Guwahati,Chinese,263.67,16.27,True,4.21,28.3,True
6594,2026-05-24,Kochi,Chinese,376.46,15.64,True,3.79,32.9,True
6595,2026-05-24,Mumbai,Desserts & Bakery,153.97,10.6,True,,34.6,True
6596,2026-05-24,Bengaluru,Chinese,434.92,13.85,True,4.32,35.4,True
6597,2026-05-24,Hyderabad,Chinese,352.44,15.19,False,4.09,45.8,True
6598,2026-05-24,Bhopal,North Indian,321.46,15.75,True,,30.3,True
6599,2026-05-24,Guwahati,North Indian,347.59,8.32,False,4.29,35.0,True
6600,2026-05-24,Pune,South Indian,259.69,14.85,True,4.12,29.3,True
6601,2026-05-24,Chennai,Italian,392.93,14.45,True,4.51,46.5,True
6602,2026-05-24,Pune,South Indian,157.15,14.57,True,4.06,37.2,True
6603,2026-05-24,Nagpur,South Indian,309.81,14.65,True,4.36,25.4,True
6604,2026-05-24,Delhi,North Indian,450.45,14.08,True,4.03,34.9,True
6605,2026-05-24,Chandigarh,South Indian,320.51,15.6,False,4.09,41.5,True
6606,2026-05-24,Delhi,Italian,429.23,14.99,True,4.02,37.8,True
6607,2026-05-24,Mumbai,Chinese,329.86,15.77,True,4.25,46.8,True
6608,2026-05-24,Chandigarh,South Indian,327.71,17.67,False,4.36,26.1,True
6609,2026-05-24,Hyderabad,Chinese,494.91,15.9,True,4.54,26.8,True
6610,2026-05-24,Guwahati,North Indian,366.66,15.1,False,4.36,48.0,True
6611,2026-05-24,Chennai,Chinese,194.97,12.08,False,4.0,40.7,True
6612,2026-05-24,Delhi,South Indian,183.0,15.99,True,4.13,27.4,True
6613,2026-05-24,Delhi,Desserts & Bakery,174.23,17.55,False,3.95,46.0,True
6614,2026-05-24,Chandigarh,Italian,531.71,11.07,True,3.7,41.8,True
6615,2026-05-24,Bengaluru,North Indian,243.5,17.62,False,4.17,24.7,True
6616,2026-05-24,Bengaluru,Italian,602.12,15.05,True,4.1,25.4,True
6617,2026-05-24,Ranchi,Italian,699.13,14.41,False,4.3,25.1,True
6618,2026-05-24,Chandigarh,North Indian,369.07,13.99,True,4.4,24.6,True
6619,2026-05-24,Chandigarh,South Indian,269.33,14.44,True,4.55,27.3,True
6620,2026-05-24,Bhopal,Italian,618.26,17.01,True,3.5,52.7,True
6621,2026-05-24,Ranchi,Desserts & Bakery,239.36,11.06,True,4.05,30.2,True
6622,2026-05-24,Ranchi,North Indian,415.62,15.25,True,4.23,49.1,True
6623,2026-05-24,Mumbai,North Indian,557.31,12.87,True,4.71,26.7,True
6624,2026-05-24,Mumbai,Desserts & Bakery,234.12,15.14,True,4.22,32.3,True
6625,2026-05-24,Chennai,South Indian,291.89,11.89,True,4.11,32.8,True
6626,2026-05-24,Guwahati,Chinese,442.97,14.66,True,4.36,36.7,True
6627,2026-05-24,Ranchi,North Indian,445.65,15.26,True,4.1,26.0,True
6628,2026-05-24,Pune,South Indian,333.67,17.04,True,4.05,45.2,True
6629,2026-05-24,Bengaluru,North Indian,366.91,14.5,False,4.38,36.5,True
6630,2026-05-24,Delhi,North Indian,397.71,13.4,False,4.29,39.7,True
6631,2026-05-24,Chandigarh,Chinese,296.99,13.22,True,4.43,27.4,True
6632,2026-05-24,Ranchi,Desserts & Bakery,198.3,15.8,True,4.58,37.3,True
6633,2026-05-24,Ahmedabad,Chinese,394.08,14.81,False,4.38,43.8,True
6634,2026-05-24,Delhi,South Indian,269.63,15.02,True,,28.4,True
6635,2026-05-24,Nagpur,South Indian,239.7,14.43,False,4.57,30.8,True
6636,2026-05-24,Chandigarh,Chinese,252.56,13.83,False,4.09,33.2,True
6637,2026-05-24,Surat,Italian,406.81,14.69,False,4.03,35.2,True
6638,2026-05-24,Ahmedabad,Desserts & Bakery,248.04,8.99,False,4.68,38.9,True
6639,2026-05-24,Guwahati,Chinese,426.18,14.46,True,4.51,31.5,True
6640,2026-05-24,Hyderabad,South Indian,251.36,14.41,True,4.2,21.5,True
6641,2026-05-24,Ahmedabad,Desserts & Bakery,207.66,14.59,True,4.09,24.2,True
6642,2026-05-24,Chennai,Chinese,350.37,18.62,True,4.01,49.9,True
6643,2026-05-24,Delhi,North Indian,380.5,12.5,True,4.04,30.7,True
6644,2026-05-24,Bhopal,South Indian,129.84,12.57,True,3.96,21.4,True
6645,2026-05-24,Guwahati,Desserts & Bakery,162.02,11.15,True,4.3,53.1,True
6646,2026-05-24,Kochi,North Indian,379.57,10.37,False,3.78,27.7,True
6647,2026-05-24,Ranchi,North Indian,259.98,16.3,True,3.65,43.5,True
6648,2026-05-24,Mumbai,North Indian,347.39,15.45,True,4.32,41.1,True
6649,2026-05-24,Ahmedabad,North Indian,482.53,14.03,True,3.54,42.3,True
6650,2026-05-24,Bengaluru,Chinese,295.59,13.96,False,4.26,35.4,True
6651,2026-05-24,Kochi,Chinese,518.83,17.14,True,4.52,34.7,True
6652,2026-05-24,Chennai,Desserts & Bakery,218.97,9.67,False,4.21,46.5,True
6653,2026-05-24,Hyderabad,Desserts & Bakery,309.52,13.58,True,4.38,18.2,True
6654,2026-05-24,Hyderabad,Desserts & Bakery,188.0,9.06,True,3.9,21.3,True
6655,2026-05-24,Ranchi,South Indian,252.8,17.42,True,3.86,43.1,True
6656,2026-05-24,Pune,South Indian,257.36,16.25,False,4.31,33.9,True
6657,2026-05-24,Guwahati,South Indian,297.2,13.91,True,,28.9,True
6658,2026-05-24,Ranchi,Chinese,463.71,15.31,False,,41.1,True
6659,2026-05-24,Delhi,South Indian,253.57,12.86,True,4.04,28.5,True
6660,2026-05-24,Nagpur,North Indian,334.79,15.11,True,4.28,27.0,True
6661,2026-05-24,Ahmedabad,Chinese,295.86,10.09,False,4.13,21.9,True
6662,2026-05-24,Surat,Chinese,564.94,16.6,True,3.56,39.5,True
6663,2026-05-24,Bhopal,Desserts & Bakery,256.76,17.05,True,4.07,58.4,True
6664,2026-05-24,Bengaluru,Chinese,277.04,14.38,False,3.95,29.1,True
6665,2026-05-24,Surat,North Indian,446.71,14.56,True,3.99,35.9,True
6666,2026-05-24,Chandigarh,North Indian,398.79,12.73,True,4.47,41.3,True
6667,2026-05-24,Delhi,Chinese,410.57,12.63,True,4.14,36.7,True
6668,2026-05-24,Nagpur,North Indian,381.9,13.51,False,3.79,39.1,True
6669,2026-05-24,Delhi,Chinese,249.4,12.79,True,4.1,49.4,True
6670,2026-05-24,Bhopal,North Indian,435.42,12.96,True,4.25,44.1,True
6671,2026-05-24,Chennai,South Indian,315.11,11.46,True,4.35,31.6,True
6672,2026-05-24,Chennai,South Indian,362.56,18.79,True,4.3,29.1,True
6673,2026-05-24,Guwahati,Chinese,238.57,15.0,True,4.63,21.2,True
6674,2026-05-24,Hyderabad,North Indian,374.37,13.39,False,3.61,31.0,True
6675,2026-05-24,Chennai,North Indian,221.34,17.88,True,4.16,18.8,True
6676,2026-05-24,Nagpur,Chinese,320.36,14.93,False,4.32,28.4,True
6677,2026-05-24,Nagpur,Chinese,414.91,14.67,True,4.29,41.4,True
6678,2026-05-24,Mumbai,North Indian,486.98,13.07,True,4.56,39.3,True
6679,2026-05-24,Bhopal,South Indian,294.37,13.12,True,4.01,31.5,True
6680,2026-05-24,Ahmedabad,North Indian,481.45,17.52,True,,20.0,True
6681,2026-05-24,Bengaluru,Chinese,460.12,12.3,False,4.06,34.3,True
6682,2026-05-24,Chennai,Chinese,354.09,21.5,True,3.97,20.5,True
6683,2026-05-24,Hyderabad,North Indian,342.37,12.76,True,3.85,27.2,True
6684,2026-05-24,Chennai,Italian,582.87,12.8,True,4.66,27.6,True
6685,2026-05-24,Delhi,South Indian,321.62,13.46,True,3.9,35.1,True
6686,2026-05-24,Nagpur,North Indian,300.05,16.9,False,3.29,31.8,True
6687,2026-05-24,Chandigarh,North Indian,578.95,12.7,True,3.8,26.9,True
6688,2026-05-24,Chennai,North Indian,356.68,14.63,False,4.24,35.0,True
6689,2026-05-25,Pune,South Indian,269.21,16.08,False,4.23,40.9,False
6690,2026-05-25,Bengaluru,Chinese,364.6,15.21,False,3.9,27.8,False
6691,2026-05-25,Pune,Italian,619.61,12.95,False,4.2,28.6,False
6692,2026-05-25,Pune,Desserts & Bakery,141.39,16.69,True,4.41,35.5,False
6693,2026-05-25,Pune,Chinese,474.44,13.7,True,4.13,25.7,False
6694,2026-05-25,Delhi,North Indian,533.24,11.89,True,4.25,41.5,False
6695,2026-05-25,Hyderabad,North Indian,414.88,18.36,False,3.78,41.7,False
6696,2026-05-25,Delhi,North Indian,509.83,13.14,True,3.81,31.2,False
6697,2026-05-25,Ranchi,North Indian,497.64,14.13,True,4.6,25.7,False
6698,2026-05-25,Chennai,Chinese,351.31,11.81,True,4.25,43.4,False
6699,2026-05-25,Surat,Italian,625.7,12.24,False,3.83,43.8,False
6700,2026-05-25,Mumbai,Chinese,463.76,13.06,False,4.22,42.4,False
6701,2026-05-25,Bhopal,Chinese,221.1,15.32,True,3.26,38.4,False
6702,2026-05-25,Bengaluru,Desserts & Bakery,119.49,15.42,True,4.44,33.3,False
6703,2026-05-25,Mumbai,Chinese,294.47,16.06,False,4.55,38.9,False
6704,2026-05-25,Pune,Chinese,332.06,11.39,True,4.25,34.1,False
6705,2026-05-25,Bhopal,Chinese,354.15,11.09,False,4.39,35.6,False
6706,2026-05-25,Delhi,South Indian,303.55,14.79,True,3.85,45.0,False
6707,2026-05-25,Chandigarh,Chinese,419.43,17.02,True,4.52,33.4,False
6708,2026-05-25,Bengaluru,North Indian,509.91,14.16,True,4.35,42.6,False
6709,2026-05-25,Bhopal,North Indian,373.36,14.82,False,3.88,30.4,False
6710,2026-05-25,Bengaluru,South Indian,269.64,17.8,False,3.76,49.0,False
6711,2026-05-25,Bengaluru,South Indian,290.01,13.32,True,4.19,24.7,False
6712,2026-05-25,Hyderabad,Chinese,203.97,12.68,False,3.47,43.7,False
6713,2026-05-25,Bengaluru,Italian,547.27,14.28,True,4.19,26.4,False
6714,2026-05-25,Hyderabad,North Indian,553.02,13.59,False,4.53,31.8,False
6715,2026-05-25,Ahmedabad,Italian,581.9,13.88,False,4.06,41.1,False
6716,2026-05-25,Ranchi,North Indian,314.02,19.84,True,4.43,24.9,False
6717,2026-05-25,Bengaluru,North Indian,292.66,15.85,True,4.3,35.3,False
6718,2026-05-25,Hyderabad,South Indian,153.06,13.27,True,3.75,32.6,False
6719,2026-05-25,Ahmedabad,South Indian,314.18,14.94,False,4.34,39.0,False
6720,2026-05-25,Guwahati,North Indian,432.62,16.37,False,4.51,31.6,False
6721,2026-05-25,Kochi,North Indian,510.9,14.14,True,4.46,29.9,False
6722,2026-05-25,Ahmedabad,North Indian,169.88,13.35,False,4.29,44.0,False
6723,2026-05-25,Kochi,South Indian,280.42,11.97,True,4.25,39.1,False
6724,2026-05-25,Chandigarh,Chinese,428.46,16.57,True,4.09,30.4,False
6725,2026-05-25,Ahmedabad,North Indian,537.21,16.64,False,3.81,42.3,False
6726,2026-05-25,Chennai,North Indian,451.54,16.81,False,3.35,24.1,False
6727,2026-05-25,Bhopal,South Indian,286.88,12.68,True,4.72,28.8,False
6728,2026-05-25,Hyderabad,Italian,532.95,15.37,True,4.53,34.8,False
6729,2026-05-25,Delhi,Chinese,454.45,18.66,True,4.27,33.2,False
6730,2026-05-25,Bengaluru,Desserts & Bakery,135.3,16.31,True,4.08,35.4,False
6731,2026-05-25,Hyderabad,Italian,382.09,12.02,True,3.79,28.8,False
6732,2026-05-25,Kochi,South Indian,331.68,14.26,True,4.54,42.1,False
6733,2026-05-25,Delhi,South Indian,431.02,17.2,False,3.82,34.8,False
6734,2026-05-25,Bhopal,North Indian,401.7,13.22,True,4.13,25.5,False
6735,2026-05-25,Kochi,Desserts & Bakery,213.26,14.3,True,,37.1,False
6736,2026-05-25,Bengaluru,Italian,498.54,13.27,True,3.74,38.2,False
6737,2026-05-25,Ranchi,North Indian,393.02,13.85,True,,21.2,False
6738,2026-05-25,Chennai,North Indian,514.66,13.18,True,,44.0,False
6739,2026-05-25,Ahmedabad,Italian,790.45,10.94,True,4.19,36.5,False
6740,2026-05-25,Guwahati,Italian,571.7,13.57,True,4.24,39.2,False
6741,2026-05-25,Bhopal,Italian,574.59,13.29,False,4.69,29.7,False
6742,2026-05-25,Hyderabad,North Indian,495.01,14.54,False,4.5,31.8,False
6743,2026-05-25,Guwahati,Chinese,365.56,13.72,True,4.23,44.6,False
6744,2026-05-25,Delhi,Desserts & Bakery,291.98,14.59,True,4.6,26.4,False
6745,2026-05-25,Chandigarh,North Indian,240.79,12.03,False,4.65,36.7,False
6746,2026-05-25,Bhopal,South Indian,266.7,14.8,False,3.67,34.1,False
6747,2026-05-25,Surat,Desserts & Bakery,259.72,10.61,False,3.84,28.7,False
6748,2026-05-25,Guwahati,North Indian,470.99,12.67,False,3.12,42.7,False
6749,2026-05-25,Hyderabad,North Indian,569.13,15.17,True,4.33,37.7,False
6750,2026-05-25,Bhopal,South Indian,205.37,13.1,True,4.12,25.8,False
6751,2026-05-25,Surat,Italian,644.12,16.57,False,3.5,36.2,False
6752,2026-05-25,Pune,North Indian,431.79,20.28,False,3.92,35.7,False
6753,2026-05-25,Surat,Chinese,269.24,16.02,True,4.54,32.7,False
6754,2026-05-25,Delhi,Desserts & Bakery,228.99,14.31,False,4.02,30.9,False
6755,2026-05-25,Ahmedabad,Chinese,410.74,11.56,True,4.78,40.8,False
6756,2026-05-25,Hyderabad,Chinese,271.12,17.73,False,4.18,33.4,False
6757,2026-05-25,Bhopal,North Indian,466.96,14.42,True,4.02,37.7,False
6758,2026-05-25,Nagpur,Chinese,316.48,15.24,True,,34.6,False
6759,2026-05-25,Bengaluru,Chinese,406.03,15.94,True,,48.1,False
6760,2026-05-25,Chennai,North Indian,360.79,10.95,False,3.97,28.6,False
6761,2026-05-25,Kochi,Chinese,306.78,14.14,True,5.0,40.2,False
6762,2026-05-25,Delhi,South Indian,220.35,13.63,True,3.99,29.4,False
6763,2026-05-25,Bhopal,South Indian,321.18,14.16,True,4.39,28.4,False
6764,2026-05-25,Surat,North Indian,378.58,14.52,True,4.23,32.6,False
6765,2026-05-25,Hyderabad,Chinese,294.81,15.7,True,4.3,29.4,False
6766,2026-05-25,Bengaluru,North Indian,337.84,14.21,True,3.67,32.8,False
6767,2026-05-25,Hyderabad,South Indian,213.03,14.34,False,4.08,36.7,False
6768,2026-05-25,Hyderabad,Italian,542.2,12.64,True,3.48,36.7,False
6769,2026-05-25,Chennai,South Indian,338.89,15.01,False,,36.6,False
6770,2026-05-25,Hyderabad,Chinese,368.46,11.19,False,4.64,21.9,False
6771,2026-05-25,Nagpur,South Indian,255.21,15.86,False,,31.7,False
6772,2026-05-25,Hyderabad,North Indian,460.81,14.01,False,4.17,47.6,False
6773,2026-05-25,,South Indian,206.91,13.19,True,3.75,38.6,False
6774,2026-05-25,Ahmedabad,Italian,487.13,18.35,True,4.11,34.0,False
6775,2026-05-25,Guwahati,South Indian,148.91,12.65,True,,38.5,False
6776,2026-05-25,Guwahati,Chinese,217.85,15.13,False,,27.7,False
6777,2026-05-25,Hyderabad,Chinese,415.21,12.31,True,4.2,39.3,False
6778,2026-05-25,Ahmedabad,Italian,666.13,17.17,True,4.05,24.0,False
6779,2026-05-25,Mumbai,Chinese,346.74,15.72,False,4.42,43.3,False
6780,2026-05-25,Guwahati,Chinese,464.84,15.67,True,3.83,32.3,False
6781,2026-05-25,Chandigarh,South Indian,297.59,12.86,True,4.49,45.0,False
6782,2026-05-25,Pune,North Indian,422.87,18.03,False,3.67,41.0,False
6783,2026-05-25,Bengaluru,Chinese,405.86,13.76,True,4.39,40.9,False
6784,2026-05-25,Ahmedabad,South Indian,172.85,13.83,False,4.17,34.6,False
6785,2026-05-25,Surat,North Indian,438.05,14.77,True,4.44,26.8,False
6786,2026-05-25,Surat,North Indian,435.89,15.84,True,4.34,44.3,False
6787,2026-05-25,Guwahati,North Indian,307.0,12.88,True,4.26,23.9,False
6788,2026-05-25,Ahmedabad,North Indian,225.65,15.21,True,4.28,37.9,False
6789,2026-05-25,Delhi,North Indian,402.63,13.84,False,3.92,35.5,False
6790,2026-05-25,Guwahati,Italian,562.46,15.26,False,4.36,36.6,False
6791,2026-05-25,Bhopal,Chinese,325.54,12.79,False,3.99,43.4,False
6792,2026-05-25,Chandigarh,South Indian,312.27,16.55,False,4.15,28.7,False
6793,2026-05-25,Bengaluru,Desserts & Bakery,217.23,16.26,False,4.25,45.9,False
6794,2026-05-25,Guwahati,Italian,521.06,12.53,True,4.07,34.3,False
6795,2026-05-25,Chennai,South Indian,249.0,10.7,False,4.05,32.1,False
6796,2026-05-25,Bhopal,Italian,582.49,13.96,True,3.76,38.3,False
6797,2026-05-25,Ahmedabad,Chinese,280.65,12.92,True,3.99,21.7,False
6798,2026-05-25,Ahmedabad,Italian,554.95,11.77,True,4.0,50.7,False
6799,2026-05-25,Mumbai,North Indian,320.49,14.33,False,4.08,33.8,False
6800,2026-05-25,Mumbai,Chinese,284.23,14.95,True,4.37,26.4,False
6801,2026-05-25,Surat,Chinese,426.61,13.8,False,3.76,27.2,False
6802,2026-05-26,Chennai,South Indian,417.64,13.21,True,4.3,26.4,False
6803,2026-05-26,Ranchi,North Indian,557.09,13.76,True,4.71,29.1,False
6804,2026-05-26,Bhopal,North Indian,611.96,16.83,True,3.48,39.4,False
6805,2026-05-26,Guwahati,North Indian,265.65,16.35,True,3.81,33.4,False
6806,2026-05-26,Ahmedabad,Italian,469.98,15.76,False,3.83,35.8,False
6807,2026-05-26,Pune,North Indian,434.61,12.38,False,4.2,30.3,False
6808,2026-05-26,Pune,Italian,544.0,11.65,False,4.26,29.1,False
6809,2026-05-26,Pune,Chinese,335.35,17.56,False,3.47,39.6,False
6810,2026-05-26,Mumbai,Chinese,386.04,12.13,False,4.13,29.0,False
6811,2026-05-26,Ahmedabad,North Indian,412.32,17.67,False,3.77,33.6,False
6812,2026-05-26,Hyderabad,North Indian,347.38,14.06,True,4.79,34.1,False
6813,2026-05-26,Bengaluru,Chinese,587.58,18.1,False,4.09,33.0,False
6814,2026-05-26,Chennai,North Indian,367.88,14.29,False,4.29,16.2,False
6815,2026-05-26,Chennai,Chinese,208.17,18.1,True,4.85,42.7,False
6816,2026-05-26,Pune,Chinese,373.11,17.23,True,4.27,37.1,False
6817,2026-05-26,Chennai,North Indian,500.79,14.99,False,3.89,33.3,False
6818,2026-05-26,Nagpur,North Indian,537.05,15.27,True,4.09,34.0,False
6819,2026-05-26,Delhi,North Indian,439.66,15.15,False,4.58,26.0,False
6820,2026-05-26,Mumbai,Desserts & Bakery,191.85,17.25,False,3.36,41.3,False
6821,2026-05-26,Mumbai,North Indian,393.92,13.99,False,3.72,25.4,False
6822,2026-05-26,Chennai,Chinese,317.74,14.5,True,3.97,22.3,False
6823,2026-05-26,Ranchi,South Indian,238.81,14.62,True,4.27,32.0,False
6824,2026-05-26,Pune,North Indian,336.74,19.3,False,4.46,37.2,False
6825,2026-05-26,Kochi,South Indian,208.24,14.2,True,4.29,43.7,False
6826,2026-05-26,Bengaluru,Chinese,283.9,14.95,False,4.07,26.2,False
6827,2026-05-26,Hyderabad,South Indian,263.45,15.99,False,4.35,33.8,False
6828,2026-05-26,Chandigarh,North Indian,334.8,18.79,False,,36.6,False
6829,2026-05-26,Nagpur,Italian,451.82,13.5,True,4.22,31.1,False
6830,2026-05-26,Kochi,South Indian,279.27,12.23,False,3.85,29.1,False
6831,2026-05-26,Mumbai,Desserts & Bakery,154.48,16.65,True,3.93,28.6,False
6832,2026-05-26,Guwahati,South Indian,242.28,14.76,True,4.1,26.2,False
6833,2026-05-26,Surat,Italian,469.24,12.52,False,4.02,27.9,False
6834,2026-05-26,Hyderabad,North Indian,345.75,16.14,True,4.23,41.8,False
6835,2026-05-26,Ahmedabad,North Indian,495.9,17.86,True,4.34,25.3,False
6836,2026-05-26,Pune,North Indian,380.89,13.51,False,4.96,30.2,False
6837,2026-05-26,Surat,North Indian,566.96,14.74,False,3.87,36.8,False
6838,2026-05-26,Chennai,Chinese,442.39,14.83,True,3.6,32.2,False
6839,2026-05-26,Bengaluru,South Indian,269.74,13.81,True,3.83,42.8,False
6840,2026-05-26,Bengaluru,Chinese,313.09,14.7,True,4.11,31.3,False
6841,2026-05-26,Ahmedabad,North Indian,332.99,9.45,False,,30.0,False
6842,2026-05-26,Ahmedabad,Chinese,238.69,13.71,False,3.96,16.9,False
6843,2026-05-26,Ranchi,North Indian,470.43,13.07,False,3.64,25.8,False
6844,2026-05-26,Bengaluru,North Indian,385.88,14.34,True,3.6,25.6,False
6845,2026-05-26,Kochi,North Indian,466.7,12.36,True,4.45,39.4,False
6846,2026-05-26,Surat,Chinese,401.69,13.19,False,3.82,33.3,False
6847,2026-05-26,Surat,North Indian,354.24,11.22,False,3.75,38.2,False
6848,2026-05-26,Bengaluru,North Indian,521.37,12.37,False,4.04,38.7,False
6849,2026-05-26,Pune,North Indian,252.73,15.91,False,4.4,27.1,False
6850,2026-05-26,Chennai,North Indian,390.58,16.82,False,3.34,52.2,False
6851,2026-05-26,Pune,North Indian,365.4,14.41,True,3.77,26.0,False
6852,2026-05-26,Bhopal,South Indian,234.11,15.0,True,3.88,39.7,False
6853,2026-05-26,Mumbai,North Indian,423.74,12.95,True,3.92,33.3,False
6854,2026-05-26,Mumbai,North Indian,368.12,13.74,False,4.47,37.1,False
6855,2026-05-26,Delhi,Chinese,436.64,17.53,True,4.32,36.5,False
6856,2026-05-26,Mumbai,Italian,597.17,16.29,False,4.23,32.8,False
6857,2026-05-26,Nagpur,Desserts & Bakery,227.04,19.17,False,3.86,35.5,False
6858,2026-05-26,Chennai,Italian,504.66,16.71,False,3.88,31.5,False
6859,2026-05-26,Guwahati,Chinese,335.35,15.68,False,4.21,49.2,False
6860,2026-05-26,Bhopal,Desserts & Bakery,246.42,13.06,False,4.03,41.5,False
6861,2026-05-26,Chandigarh,North Indian,663.78,13.72,False,3.74,36.1,False
6862,2026-05-26,Mumbai,North Indian,402.9,11.08,False,4.52,39.8,False
6863,2026-05-26,Kochi,South Indian,363.08,16.31,False,4.41,23.4,False
6864,2026-05-26,Hyderabad,North Indian,439.99,15.29,True,4.62,47.0,False
6865,2026-05-26,Delhi,Italian,529.94,10.08,False,3.86,31.6,False
6866,2026-05-26,Chennai,North Indian,537.86,16.08,True,4.19,36.2,False
6867,2026-05-26,Ahmedabad,North Indian,504.15,14.23,True,4.66,35.5,False
6868,2026-05-26,Bengaluru,North Indian,490.69,12.48,False,,33.6,False
6869,2026-05-26,Ahmedabad,North Indian,394.18,14.8,True,3.73,21.5,False
6870,2026-05-26,Chandigarh,North Indian,421.13,13.69,False,3.95,26.6,False
6871,2026-05-26,Ranchi,Chinese,297.1,14.43,True,4.02,24.2,False
6872,2026-05-26,Mumbai,Chinese,306.46,13.91,True,4.42,32.3,False
6873,2026-05-26,Delhi,North Indian,170.33,12.32,True,4.01,44.8,False
6874,2026-05-26,Bengaluru,South Indian,313.99,10.59,False,3.92,42.2,False
6875,2026-05-26,Delhi,North Indian,467.46,12.2,False,3.84,29.0,False
6876,2026-05-26,Ahmedabad,Chinese,264.69,15.93,False,4.02,40.9,False
6877,2026-05-26,Ranchi,North Indian,410.74,14.94,True,3.83,44.1,False
6878,2026-05-26,Delhi,North Indian,481.44,13.1,False,4.45,31.1,False
6879,2026-05-26,Nagpur,North Indian,463.65,16.33,False,4.24,41.8,False
6880,2026-05-26,Chennai,Chinese,455.5,14.59,True,4.18,41.0,False
6881,2026-05-26,Ranchi,North Indian,514.42,15.3,False,,25.4,False
6882,2026-05-26,Bengaluru,Chinese,254.33,14.86,False,4.81,27.8,False
6883,2026-05-26,Ahmedabad,South Indian,241.29,13.19,True,,25.1,False
6884,2026-05-26,Ahmedabad,North Indian,496.09,13.14,False,4.66,23.7,False
6885,2026-05-26,Chandigarh,South Indian,317.03,16.18,True,,32.9,False
6886,2026-05-26,Bengaluru,Desserts & Bakery,174.25,12.68,True,4.61,37.2,False
6887,2026-05-26,Pune,Italian,447.29,14.87,False,4.08,33.7,False
6888,2026-05-26,Hyderabad,Chinese,397.13,14.15,False,3.71,29.9,False
6889,2026-05-26,Chennai,South Indian,298.61,14.94,True,4.23,28.4,False
6890,2026-05-26,Chennai,Chinese,439.48,17.88,True,3.86,30.7,False
6891,2026-05-26,Chandigarh,South Indian,225.84,14.09,False,4.03,38.8,False
6892,2026-05-26,Bengaluru,North Indian,623.02,15.9,True,3.97,26.7,False
6893,2026-05-26,Ahmedabad,Desserts & Bakery,257.18,18.52,True,3.89,32.0,False
6894,2026-05-26,Ahmedabad,South Indian,276.2,14.46,False,4.29,38.6,False
6895,2026-05-26,Guwahati,Chinese,373.43,12.5,False,3.52,38.5,False
6896,2026-05-26,Bhopal,South Indian,258.3,15.29,False,4.07,28.7,False
6897,2026-05-26,Chennai,North Indian,572.19,14.41,False,4.43,34.7,False
6898,2026-05-26,Kochi,Chinese,410.18,17.72,True,4.53,34.9,False
6899,2026-05-26,Nagpur,South Indian,224.46,11.13,True,4.34,39.4,False
6900,2026-05-26,Chennai,South Indian,194.56,16.71,False,,34.4,False
6901,2026-05-26,Mumbai,Chinese,358.51,13.96,True,,37.8,False
6902,2026-05-26,Delhi,Chinese,339.28,13.64,True,4.1,27.8,False
6903,2026-05-26,Pune,North Indian,230.7,14.57,True,3.73,32.0,False
6904,2026-05-26,Ranchi,Desserts & Bakery,153.7,14.56,False,3.82,39.5,False
6905,2026-05-26,Hyderabad,North Indian,473.11,14.62,False,3.97,28.5,False
6906,2026-05-26,Bengaluru,North Indian,473.68,11.46,True,3.9,30.8,False
6907,2026-05-26,Chandigarh,South Indian,252.36,17.38,True,4.28,33.2,False
6908,2026-05-27,Kochi,Desserts & Bakery,211.03,16.99,True,3.69,50.2,False
6909,2026-05-27,Bhopal,North Indian,418.32,13.21,False,4.51,49.8,False
6910,2026-05-27,Hyderabad,Italian,611.99,13.97,False,4.32,34.9,False
6911,2026-05-27,Chennai,North Indian,374.26,10.83,True,3.89,35.9,False
6912,2026-05-27,Delhi,North Indian,529.96,14.47,True,4.4,18.2,False
6913,2026-05-27,Bengaluru,South Indian,267.69,13.25,True,,21.4,False
6914,2026-05-27,Surat,Chinese,214.32,16.3,True,3.95,23.9,False
6915,2026-05-27,Bhopal,South Indian,248.03,13.01,True,3.82,37.1,False
6916,2026-05-27,Mumbai,North Indian,362.47,11.76,False,4.26,22.8,False
6917,2026-05-27,Mumbai,North Indian,414.54,15.39,False,4.35,36.5,False
6918,2026-05-27,Ahmedabad,North Indian,479.82,16.44,True,4.35,37.1,False
6919,2026-05-27,Mumbai,North Indian,300.45,15.02,False,3.91,28.1,False
6920,2026-05-27,Surat,Desserts & Bakery,282.58,13.56,False,4.6,36.9,False
6921,2026-05-27,Mumbai,Italian,585.86,15.07,False,4.12,41.3,False
6922,2026-05-27,Delhi,Chinese,465.75,16.98,True,4.04,40.5,False
6923,2026-05-27,Chennai,South Indian,172.48,13.3,False,4.55,39.8,False
6924,2026-05-27,Chennai,South Indian,195.06,13.7,False,3.86,40.2,False
6925,2026-05-27,Chennai,North Indian,445.92,13.11,True,3.49,31.3,False
6926,2026-05-27,Guwahati,North Indian,480.64,11.17,True,4.3,32.4,False
6927,2026-05-27,Pune,South Indian,298.67,15.67,True,4.24,37.9,False
6928,2026-05-27,Hyderabad,North Indian,604.14,15.62,True,3.76,34.1,False
6929,2026-05-27,Surat,Italian,527.24,12.35,True,4.83,44.4,False
6930,2026-05-27,Mumbai,South Indian,245.41,16.22,True,4.36,20.4,False
6931,2026-05-27,Pune,North Indian,540.61,12.04,True,4.15,28.9,False
6932,2026-05-27,Surat,Chinese,313.21,15.92,True,4.38,33.6,False
6933,2026-05-27,Chandigarh,South Indian,168.7,15.29,True,3.47,31.9,False
6934,2026-05-27,Pune,South Indian,196.1,17.58,False,4.66,20.9,False
6935,2026-05-27,Bengaluru,South Indian,153.56,16.27,False,4.45,34.9,False
6936,2026-05-27,Delhi,South Indian,274.26,14.04,True,4.23,27.4,False
6937,2026-05-27,Delhi,Italian,476.82,11.08,True,3.77,28.4,False
6938,2026-05-27,Ahmedabad,North Indian,492.92,14.67,True,4.21,26.3,False
6939,2026-05-27,Ranchi,Desserts & Bakery,258.2,16.01,True,3.62,41.0,False
6940,2026-05-27,Pune,North Indian,595.52,21.27,False,4.02,34.5,False
6941,2026-05-27,Hyderabad,Chinese,325.97,14.53,True,4.1,50.3,False
6942,2026-05-27,Bengaluru,North Indian,652.31,14.9,True,4.37,36.9,False
6943,2026-05-27,Bengaluru,South Indian,286.99,15.31,False,4.85,26.4,False
6944,2026-05-27,Ahmedabad,Italian,676.7,15.78,False,3.56,31.4,False
6945,2026-05-27,Guwahati,Italian,408.21,16.84,False,3.76,37.4,False
6946,2026-05-27,Mumbai,Italian,620.09,14.48,True,4.08,36.3,False
6947,2026-05-27,Delhi,Chinese,300.71,14.25,False,4.03,22.7,False
6948,2026-05-27,Bengaluru,Desserts & Bakery,212.13,15.83,True,3.71,28.5,False
6949,2026-05-27,Pune,Italian,455.77,18.36,False,,35.4,False
6950,2026-05-27,Chandigarh,Chinese,324.31,13.27,False,3.98,44.3,False
6951,2026-05-27,Hyderabad,Chinese,299.16,11.62,False,3.88,37.4,False
6952,2026-05-27,Bengaluru,Italian,474.74,10.78,True,4.0,26.2,False
6953,2026-05-27,Pune,North Indian,423.15,16.22,False,4.36,56.4,False
6954,2026-05-27,Mumbai,Chinese,351.48,15.86,True,4.34,18.9,False
6955,2026-05-27,Delhi,North Indian,372.2,12.06,False,3.87,34.4,False
6956,2026-05-27,Ranchi,Italian,335.71,13.13,True,4.17,32.7,False
6957,2026-05-27,Mumbai,North Indian,431.1,14.23,False,4.15,38.1,False
6958,2026-05-27,Bengaluru,North Indian,368.26,16.44,True,,28.4,False
6959,2026-05-27,Chennai,Desserts & Bakery,222.9,15.1,True,3.84,34.7,False
6960,2026-05-27,Pune,North Indian,404.11,13.75,True,3.84,28.6,False
6961,2026-05-27,Nagpur,Chinese,361.23,11.9,False,,45.4,False
6962,2026-05-27,Chennai,South Indian,284.85,14.07,False,3.8,26.0,False
6963,2026-05-27,Bengaluru,South Indian,245.01,15.55,False,4.2,27.3,False
6964,2026-05-27,Ranchi,Chinese,354.55,14.27,True,4.15,43.4,False
6965,2026-05-27,Pune,Italian,722.83,18.05,False,4.25,44.2,False
6966,2026-05-27,Ranchi,South Indian,207.22,12.14,True,4.82,30.5,False
6967,2026-05-27,Ahmedabad,Italian,663.5,12.55,False,3.78,31.8,False
6968,2026-05-27,Pune,Desserts & Bakery,178.5,19.5,True,4.65,35.0,False
6969,2026-05-27,Pune,North Indian,328.16,16.75,False,4.12,37.3,False
6970,2026-05-27,Kochi,Desserts & Bakery,257.33,13.92,True,4.44,35.3,False
6971,2026-05-27,Ranchi,North Indian,365.04,14.5,False,4.49,28.3,False
6972,2026-05-27,Ranchi,North Indian,324.16,15.91,True,3.76,30.8,False
6973,2026-05-27,Pune,Chinese,375.0,15.26,True,4.41,34.5,False
6974,2026-05-27,Ahmedabad,Desserts & Bakery,268.57,9.34,False,4.29,24.4,False
6975,2026-05-27,Hyderabad,Desserts & Bakery,238.07,15.39,True,3.84,43.7,False
6976,2026-05-27,Hyderabad,South Indian,127.86,12.32,True,3.93,32.2,False
6977,2026-05-27,Hyderabad,North Indian,399.84,13.89,True,3.53,41.1,False
6978,2026-05-27,Chennai,Italian,657.57,13.53,True,3.86,35.9,False
6979,2026-05-27,Hyderabad,Italian,495.87,13.95,False,,43.0,False
6980,2026-05-27,Delhi,Italian,462.11,14.45,True,4.55,32.5,False
6981,2026-05-27,Ahmedabad,Desserts & Bakery,196.97,13.77,False,3.76,26.9,False
6982,2026-05-27,Kochi,South Indian,289.89,16.18,False,3.68,33.7,False
6983,2026-05-27,Pune,Italian,446.33,17.9,False,3.86,27.7,False
6984,2026-05-27,Kochi,North Indian,599.84,13.33,True,4.13,38.7,False
6985,2026-05-27,Pune,South Indian,270.04,14.09,False,3.96,47.8,False
6986,2026-05-27,Bengaluru,North Indian,395.65,15.12,False,4.05,40.3,False
6987,2026-05-27,Chennai,Chinese,323.78,9.11,True,3.6,32.7,False
6988,2026-05-27,Delhi,North Indian,600.89,14.63,True,4.15,30.7,False
6989,2026-05-27,Ahmedabad,North Indian,439.26,16.99,False,3.85,30.9,False
6990,2026-05-27,Hyderabad,Desserts & Bakery,255.45,11.14,True,4.35,38.4,False
6991,2026-05-27,Chandigarh,South Indian,296.11,16.92,False,4.1,28.2,False
6992,2026-05-27,Chennai,North Indian,475.91,15.66,True,,30.8,False
6993,2026-05-27,Pune,South Indian,324.42,13.47,True,3.72,49.6,False
6994,2026-05-27,Bengaluru,North Indian,488.38,16.17,False,4.27,23.2,False
6995,2026-05-27,Hyderabad,South Indian,257.36,15.55,False,4.99,32.2,False
6996,2026-05-27,Ranchi,North Indian,357.67,18.46,True,3.86,27.8,False
6997,2026-05-27,Hyderabad,Desserts & Bakery,183.25,13.31,False,4.12,37.3,False
6998,2026-05-27,Bengaluru,Italian,606.18,14.77,False,,43.6,False
6999,2026-05-27,Ahmedabad,North Indian,257.72,11.36,True,4.52,35.0,False
7000,2026-05-27,Pune,Chinese,309.0,15.22,True,4.65,33.7,False
7001,2026-05-27,Bengaluru,Chinese,371.47,17.17,True,,34.7,False
7002,2026-05-27,Guwahati,Chinese,294.73,20.05,False,4.35,39.4,False
7003,2026-05-27,Kochi,North Indian,674.27,13.06,True,4.38,48.1,False
7004,2026-05-27,Kochi,South Indian,255.27,16.98,True,4.05,30.2,False
7005,2026-05-27,Chennai,North Indian,613.74,14.85,False,3.92,34.8,False
7006,2026-05-27,Mumbai,Italian,479.27,13.83,True,4.81,31.1,False
7007,2026-05-27,Pune,North Indian,369.63,15.04,True,,31.7,False
7008,2026-05-27,Guwahati,South Indian,296.6,18.59,True,4.03,39.0,False
7009,2026-05-27,Nagpur,Chinese,419.23,16.81,False,4.57,43.7,False
7010,2026-05-27,Chennai,South Indian,259.47,17.37,False,3.92,35.7,False
7011,2026-05-27,Bhopal,Chinese,346.87,15.01,True,4.41,38.9,False
7012,2026-05-27,Nagpur,Chinese,422.9,14.89,False,4.2,39.3,False
7013,2026-05-27,Surat,North Indian,627.91,11.42,False,4.28,25.5,False
7014,2026-05-27,Ahmedabad,North Indian,374.94,17.56,True,4.14,29.2,False
7015,2026-05-27,Delhi,South Indian,273.01,17.79,True,4.36,41.4,False
7016,2026-05-28,Guwahati,North Indian,463.53,13.25,True,4.06,41.4,False
7017,2026-05-28,Kochi,North Indian,361.51,17.75,False,,25.7,False
7018,2026-05-28,Kochi,Chinese,323.68,16.17,False,3.51,33.6,False
7019,2026-05-28,Nagpur,South Indian,214.78,13.42,False,3.93,32.6,False
7020,2026-05-28,Hyderabad,Desserts & Bakery,340.98,14.16,False,,43.1,False
7021,2026-05-28,Pune,South Indian,226.93,16.8,False,,24.9,False
7022,2026-05-28,Delhi,North Indian,590.79,16.16,True,4.6,36.6,False
7023,2026-05-28,Mumbai,Chinese,193.89,15.85,True,4.88,37.4,False
7024,2026-05-28,Bengaluru,North Indian,409.98,15.75,True,4.22,31.3,False
7025,2026-05-28,Bhopal,South Indian,252.77,12.97,False,3.86,39.0,False
7026,2026-05-28,Chennai,South Indian,221.55,14.26,False,4.47,32.2,False
7027,2026-05-28,Bengaluru,Chinese,236.55,15.26,True,4.37,27.5,False
7028,2026-05-28,Ahmedabad,Chinese,331.53,13.23,False,4.38,21.3,False
7029,2026-05-28,Mumbai,Chinese,329.4,12.6,True,4.13,35.7,False
7030,2026-05-28,Delhi,North Indian,490.63,13.71,True,4.48,29.4,False
7031,2026-05-28,Chandigarh,Chinese,518.67,12.37,False,,23.2,False
7032,2026-05-28,Delhi,South Indian,376.45,9.8,True,3.8,23.3,False
7033,2026-05-28,Hyderabad,North Indian,333.01,13.4,False,,35.8,False
7034,2026-05-28,Bhopal,North Indian,376.3,13.45,True,,26.1,False
7035,2026-05-28,Hyderabad,South Indian,305.39,15.3,True,4.32,37.7,False
7036,2026-05-28,Delhi,South Indian,340.84,13.3,True,5.0,39.4,False
7037,2026-05-28,Bengaluru,North Indian,666.78,16.93,True,4.23,30.2,False
7038,2026-05-28,Surat,Chinese,516.57,13.49,True,4.39,39.4,False
7039,2026-05-28,Chandigarh,Italian,664.67,14.14,False,4.61,27.8,False
7040,2026-05-28,Chennai,Chinese,541.05,14.11,True,3.95,33.0,False
7041,2026-05-28,Bhopal,North Indian,489.17,13.08,False,4.24,41.2,False
7042,2026-05-28,Pune,Chinese,320.84,11.61,True,3.85,27.9,False
7043,2026-05-28,Chennai,Italian,371.39,9.49,False,4.08,36.8,False
7044,2026-05-28,Surat,Desserts & Bakery,206.6,17.78,False,3.92,29.8,False
7045,2026-05-28,Hyderabad,South Indian,215.76,15.52,True,4.38,47.3,False
7046,2026-05-28,Bengaluru,North Indian,385.33,17.03,False,,36.5,False
7047,2026-05-28,Surat,North Indian,493.95,11.94,True,4.03,20.7,False
7048,2026-05-28,Chandigarh,South Indian,291.45,12.84,False,3.77,44.1,False
7049,2026-05-28,Kochi,Italian,588.01,10.23,True,4.29,33.9,False
7050,2026-05-28,Nagpur,Chinese,396.71,14.01,False,3.95,30.3,False
7051,2026-05-28,Ahmedabad,Chinese,328.68,15.21,False,4.02,27.7,False
7052,2026-05-28,Bhopal,Chinese,352.68,13.93,True,3.61,25.1,False
7053,2026-05-28,Mumbai,North Indian,407.51,15.34,True,4.48,36.5,False
7054,2026-05-28,Nagpur,North Indian,473.47,16.43,True,4.01,28.1,False
7055,2026-05-28,Mumbai,Chinese,317.32,13.33,False,3.59,27.7,False
7056,2026-05-28,Pune,North Indian,318.53,12.88,True,4.26,32.4,False
7057,2026-05-28,Bhopal,North Indian,272.93,13.63,False,4.1,40.4,False
7058,2026-05-28,Mumbai,South Indian,174.53,13.48,True,4.49,16.1,False
7059,2026-05-28,Pune,Chinese,357.38,17.58,False,4.3,37.3,False
7060,2026-05-28,Guwahati,Italian,392.49,15.6,True,3.88,43.3,False
7061,2026-05-28,Guwahati,North Indian,404.88,17.11,True,4.42,36.5,False
7062,2026-05-28,Delhi,Chinese,256.97,13.95,True,3.98,42.4,False
7063,2026-05-28,Chennai,South Indian,161.11,16.6,False,4.37,43.4,False
7064,2026-05-28,Bhopal,Chinese,338.36,17.27,False,4.53,27.7,False
7065,2026-05-28,Guwahati,North Indian,513.44,13.94,True,4.31,42.6,False
7066,2026-05-28,Hyderabad,North Indian,412.5,14.7,True,3.88,30.7,False
7067,2026-05-28,Chandigarh,Chinese,342.42,15.44,False,4.17,42.5,False
7068,2026-05-28,Guwahati,North Indian,384.19,18.18,True,4.29,23.7,False
7069,2026-05-28,Bengaluru,South Indian,210.58,12.51,False,4.38,26.3,False
7070,2026-05-28,Mumbai,South Indian,248.96,12.47,True,4.38,28.4,False
7071,2026-05-28,Surat,North Indian,603.67,13.52,True,4.25,34.6,False
7072,2026-05-28,Surat,Chinese,268.65,14.15,True,4.13,33.3,False
7073,2026-05-28,Surat,North Indian,657.32,13.44,True,3.7,42.2,False
7074,2026-05-28,Pune,Chinese,376.78,14.89,False,3.79,21.9,False
7075,2026-05-28,Delhi,North Indian,481.83,13.86,False,4.25,35.2,False
7076,2026-05-28,Mumbai,North Indian,309.05,11.76,True,4.67,30.9,False
7077,2026-05-28,Guwahati,Chinese,219.16,14.79,False,4.47,32.9,False
7078,2026-05-28,Nagpur,North Indian,298.72,12.53,True,4.31,34.1,False
7079,2026-05-28,Bengaluru,Chinese,360.55,15.25,True,3.55,31.9,False
7080,2026-05-28,Bengaluru,Chinese,367.96,16.25,True,4.16,51.3,False
7081,2026-05-28,Ahmedabad,South Indian,307.31,15.79,True,4.42,27.8,False
7082,2026-05-28,Surat,North Indian,499.53,17.04,True,3.72,38.1,False
7083,2026-05-28,Ranchi,Chinese,378.81,14.25,True,3.78,34.0,False
7084,2026-05-28,Delhi,North Indian,466.1,14.99,True,4.06,37.4,False
7085,2026-05-28,Surat,Desserts & Bakery,319.65,17.94,False,3.85,35.7,False
7086,2026-05-28,Surat,North Indian,401.75,10.79,True,4.39,31.1,False
7087,2026-05-28,Ranchi,Chinese,278.61,13.37,True,4.46,25.1,False
7088,2026-05-28,Nagpur,South Indian,295.57,14.28,False,4.29,47.2,False
7089,2026-05-28,Surat,North Indian,511.05,15.54,True,4.38,34.3,False
7090,2026-05-28,Chennai,Desserts & Bakery,174.75,14.57,False,3.8,45.4,False
7091,2026-05-28,Mumbai,North Indian,651.67,14.98,False,4.08,34.5,False
7092,2026-05-28,Ahmedabad,South Indian,328.07,15.05,False,3.78,27.0,False
7093,2026-05-28,Ahmedabad,Italian,441.51,15.08,True,4.37,37.2,False
7094,2026-05-28,Delhi,South Indian,124.22,12.03,False,4.07,47.1,False
7095,2026-05-28,Chennai,North Indian,314.04,13.23,False,4.23,31.8,False
7096,2026-05-28,Delhi,Italian,457.4,13.64,False,3.95,32.0,False
7097,2026-05-28,Pune,Chinese,221.54,15.62,True,3.75,35.0,False
7098,2026-05-28,Nagpur,Italian,334.74,16.44,False,4.38,34.9,False
7099,2026-05-28,Chandigarh,North Indian,449.49,17.28,False,3.88,35.1,False
7100,2026-05-28,Ranchi,North Indian,514.2,12.1,True,3.62,33.2,False
7101,2026-05-28,Ranchi,North Indian,517.34,13.48,False,4.04,25.0,False
7102,2026-05-28,Delhi,Chinese,387.87,13.01,True,3.47,43.4,False
7103,2026-05-28,Chennai,Italian,586.1,12.87,True,4.42,35.6,False
7104,2026-05-28,Pune,Desserts & Bakery,85.56,11.85,False,3.61,28.5,False
7105,2026-05-28,Bengaluru,Chinese,501.83,14.69,False,4.03,31.2,False
7106,2026-05-28,Mumbai,North Indian,520.01,8.79,True,4.15,34.6,False
7107,2026-05-28,Mumbai,North Indian,332.0,13.07,False,,45.8,False
7108,2026-05-28,Nagpur,Italian,510.23,12.1,False,3.69,26.0,False
7109,2026-05-28,Ranchi,Italian,456.48,17.76,False,,33.7,False
7110,2026-05-28,Hyderabad,North Indian,404.53,10.56,True,4.27,37.3,False
7111,2026-05-28,Surat,North Indian,542.44,17.07,True,4.13,34.5,False
7112,2026-05-28,Bhopal,North Indian,459.99,16.24,False,3.63,39.3,False
7113,2026-05-28,Pune,North Indian,367.68,13.87,False,4.07,41.2,False
7114,2026-05-28,Chennai,North Indian,298.05,14.34,True,4.43,32.9,False
7115,2026-05-28,Bhopal,North Indian,539.38,15.5,True,4.59,34.8,False
7116,2026-05-28,Pune,South Indian,285.2,18.23,False,4.68,35.3,False
7117,2026-05-28,Nagpur,North Indian,382.63,15.91,False,4.64,25.5,False
7118,2026-05-28,Chennai,Italian,653.63,12.86,False,3.99,45.8,False
7119,2026-05-28,Pune,North Indian,522.2,16.21,True,4.52,22.5,False
7120,2026-05-28,Chennai,Chinese,411.49,12.1,False,3.95,33.1,False
7121,2026-05-28,Surat,North Indian,540.91,11.69,False,4.23,34.5,False
7122,2026-05-28,Mumbai,Chinese,400.38,17.1,False,4.08,27.1,False
7123,2026-05-28,Mumbai,Desserts & Bakery,171.2,14.19,True,4.36,29.0,False
7124,2026-05-28,Delhi,North Indian,192.98,14.19,False,4.17,46.0,False
7125,2026-05-28,Guwahati,South Indian,301.11,12.56,True,4.35,41.3,False
7126,2026-05-28,Bengaluru,Chinese,355.44,14.34,False,4.5,42.4,False
7127,2026-05-29,Chandigarh,Chinese,434.38,13.3,True,4.3,36.1,False
7128,2026-05-29,Bhopal,South Indian,249.36,16.32,True,4.62,42.7,False
7129,2026-05-29,Ahmedabad,Chinese,303.07,18.48,False,4.49,24.6,False
7130,2026-05-29,Bengaluru,Italian,705.73,10.71,True,4.5,30.2,False
7131,2026-05-29,Chandigarh,North Indian,388.26,14.53,True,4.04,26.7,False
7132,2026-05-29,Bhopal,Chinese,392.42,17.11,True,4.54,34.6,False
7133,2026-05-29,Mumbai,Chinese,282.72,17.57,False,3.85,25.3,False
7134,2026-05-29,Chandigarh,Chinese,300.46,14.69,True,4.59,32.8,False
7135,2026-05-29,Ahmedabad,Chinese,420.34,17.14,True,4.43,46.3,False
7136,2026-05-29,Pune,North Indian,562.01,13.66,True,4.63,30.1,False
7137,2026-05-29,Guwahati,North Indian,326.49,15.94,False,4.21,33.7,False
7138,2026-05-29,Pune,South Indian,306.76,15.66,False,4.32,39.2,False
7139,2026-05-29,Chandigarh,South Indian,355.96,13.52,False,,42.3,False
7140,2026-05-29,Nagpur,North Indian,469.4,15.26,True,3.86,48.7,False
7141,2026-05-29,Ranchi,Chinese,242.88,12.08,False,3.57,52.8,False
7142,2026-05-29,Bhopal,Chinese,372.86,13.42,True,4.25,34.5,False
7143,2026-05-29,Bengaluru,South Indian,323.54,18.29,True,4.09,35.7,False
7144,2026-05-29,Hyderabad,North Indian,506.91,15.3,True,4.06,39.8,False
7145,2026-05-29,Surat,North Indian,480.77,20.68,False,3.94,29.0,False
7146,2026-05-29,Kochi,North Indian,594.46,11.7,False,3.78,37.3,False
7147,2026-05-29,Bengaluru,North Indian,388.84,9.04,True,4.38,37.8,False
7148,2026-05-29,Pune,Desserts & Bakery,218.12,14.29,True,4.04,35.4,False
7149,2026-05-29,Delhi,North Indian,308.99,15.08,False,4.99,43.9,False
7150,2026-05-29,Mumbai,North Indian,423.57,15.01,True,4.5,26.8,False
7151,2026-05-29,Bengaluru,Desserts & Bakery,205.71,11.92,False,3.75,28.5,False
7152,2026-05-29,Pune,South Indian,291.36,14.17,True,4.66,37.5,False
7153,2026-05-29,Chandigarh,North Indian,363.7,13.58,False,4.13,30.5,False
7154,2026-05-29,Chandigarh,Chinese,379.53,13.96,False,3.88,32.9,False
7155,2026-05-29,Ahmedabad,North Indian,430.78,17.94,True,4.09,30.1,False
7156,2026-05-29,Surat,South Indian,174.99,14.58,True,4.28,38.0,False
7157,2026-05-29,Hyderabad,South Indian,224.34,11.94,False,3.79,29.8,False
7158,2026-05-29,Ahmedabad,North Indian,484.53,15.36,True,4.03,34.0,False
7159,2026-05-29,Nagpur,North Indian,362.87,16.81,True,4.22,30.2,False
7160,2026-05-29,Ahmedabad,Italian,516.16,16.73,True,,35.7,False
7161,2026-05-29,Delhi,North Indian,456.36,14.4,False,3.89,29.9,False
7162,2026-05-29,Kochi,South Indian,226.37,15.28,False,4.36,36.9,False
7163,2026-05-29,Ahmedabad,North Indian,491.81,16.81,False,4.0,21.5,False
7164,2026-05-29,Chennai,Chinese,252.39,12.44,False,4.54,28.8,False
7165,2026-05-29,Ranchi,South Indian,294.12,15.76,False,3.69,35.4,False
7166,2026-05-29,Bhopal,Italian,423.39,14.33,True,3.69,40.4,False
7167,2026-05-29,Delhi,Italian,474.52,15.69,True,4.66,44.2,False
7168,2026-05-29,Guwahati,South Indian,174.99,14.68,True,4.44,43.0,False
7169,2026-05-29,Guwahati,South Indian,267.02,17.43,True,4.49,30.4,False
7170,2026-05-29,Pune,Chinese,294.91,11.66,False,3.76,31.6,False
7171,2026-05-29,Chennai,Chinese,169.89,12.89,True,3.74,21.6,False
7172,2026-05-29,Pune,Chinese,368.7,15.8,False,4.19,35.8,False
7173,2026-05-29,Guwahati,North Indian,521.96,13.93,False,5.0,40.3,False
7174,2026-05-29,Delhi,North Indian,468.76,11.08,False,3.79,41.0,False
7175,2026-05-29,Chennai,North Indian,408.21,15.87,False,4.15,32.1,False
7176,2026-05-29,Chennai,North Indian,462.45,14.29,True,3.83,46.4,False
7177,2026-05-29,Chandigarh,Chinese,344.43,15.12,False,4.22,33.2,False
7178,2026-05-29,Chennai,North Indian,436.95,11.63,False,3.99,36.3,False
7179,2026-05-29,Ahmedabad,South Indian,310.01,10.64,False,4.3,43.5,False
7180,2026-05-29,Delhi,South Indian,276.37,16.98,False,4.07,31.0,False
7181,2026-05-29,Surat,Italian,690.15,13.93,False,4.66,24.5,False
7182,2026-05-29,Surat,Chinese,290.34,15.65,True,3.84,23.7,False
7183,2026-05-29,Ranchi,Italian,809.26,16.35,True,3.6,44.7,False
7184,2026-05-29,Ranchi,North Indian,509.4,13.08,False,5.0,35.1,False
7185,2026-05-29,Nagpur,Italian,659.57,12.71,True,,25.9,False
7186,2026-05-29,Bengaluru,Italian,315.95,13.44,True,3.84,29.9,False
7187,2026-05-29,Mumbai,Chinese,397.98,11.18,False,4.77,33.4,False
7188,2026-05-29,Bhopal,South Indian,199.46,18.42,False,3.53,32.1,False
7189,2026-05-29,Delhi,North Indian,548.03,15.74,True,3.83,39.0,False
7190,2026-05-29,Nagpur,North Indian,339.97,12.88,False,4.35,19.3,False
7191,2026-05-29,Kochi,Chinese,389.33,13.24,True,4.17,37.5,False
7192,2026-05-29,Mumbai,Chinese,488.7,13.39,True,4.89,32.2,False
7193,2026-05-29,Ranchi,Italian,553.78,15.71,True,4.44,41.6,False
7194,2026-05-29,Mumbai,North Indian,430.91,13.72,True,3.76,42.2,False
7195,2026-05-29,Guwahati,Chinese,382.14,18.84,True,4.09,36.3,False
7196,2026-05-29,Bengaluru,North Indian,476.93,14.15,True,3.61,30.8,False
7197,2026-05-29,Kochi,Italian,450.04,14.24,True,4.3,41.2,False
7198,2026-05-29,Pune,North Indian,302.95,16.8,True,4.44,24.9,False
7199,2026-05-29,Chennai,Italian,529.86,13.18,False,4.03,32.2,False
7200,2026-05-29,Guwahati,North Indian,437.83,12.64,False,3.67,22.5,False
7201,2026-05-29,Surat,Chinese,361.97,17.35,False,3.98,28.9,False
7202,2026-05-29,Ahmedabad,South Indian,174.86,16.56,False,4.35,41.7,False
7203,2026-05-29,Surat,North Indian,214.74,15.16,False,4.32,41.2,False
7204,2026-05-29,Bhopal,Chinese,235.52,14.76,False,4.02,39.5,False
7205,2026-05-29,Bhopal,South Indian,241.85,15.73,True,4.45,35.7,False
7206,2026-05-29,Delhi,Chinese,331.55,14.24,False,3.45,34.2,False
7207,2026-05-29,Surat,Chinese,465.76,14.47,True,4.46,37.1,False
7208,2026-05-29,Mumbai,Chinese,301.89,15.22,True,4.25,33.2,False
7209,2026-05-29,Chennai,Desserts & Bakery,290.06,14.2,True,3.79,38.0,False
7210,2026-05-29,Chandigarh,Italian,603.95,17.65,False,3.42,28.5,False
7211,2026-05-29,Hyderabad,Desserts & Bakery,159.36,16.95,False,3.67,36.4,False
7212,2026-05-29,Ahmedabad,Italian,603.76,12.08,True,4.25,31.5,False
7213,2026-05-29,Delhi,Italian,399.92,13.82,True,,23.3,False
7214,2026-05-29,Guwahati,Italian,633.18,12.86,True,4.12,36.3,False
7215,2026-05-29,Kochi,North Indian,488.76,16.77,True,4.19,33.9,False
7216,2026-05-29,Ranchi,Chinese,303.82,14.07,False,4.49,42.0,False
7217,2026-05-29,Delhi,North Indian,292.25,13.68,True,3.92,28.1,False
7218,2026-05-29,Bengaluru,North Indian,512.35,15.15,False,,47.0,False
7219,2026-05-29,Bengaluru,Chinese,358.99,16.51,True,3.86,36.7,False
7220,2026-05-29,Ranchi,North Indian,471.43,18.15,False,4.79,40.6,False
7221,2026-05-29,Surat,North Indian,470.08,14.67,False,3.99,45.4,False
7222,2026-05-29,Guwahati,Chinese,325.42,13.96,True,,28.7,False
7223,2026-05-29,Delhi,North Indian,154.93,16.69,True,,27.5,False
7224,2026-05-29,Ahmedabad,Desserts & Bakery,217.65,12.25,True,,27.4,False
7225,2026-05-29,Kochi,Chinese,388.77,14.99,False,4.41,21.6,False
7226,2026-05-29,Bengaluru,Chinese,299.81,12.47,True,3.31,24.5,False
7227,2026-05-29,Hyderabad,North Indian,460.15,10.49,True,4.17,34.8,False
7228,2026-05-29,Pune,South Indian,336.65,14.88,True,4.0,42.9,False
7229,2026-05-29,Kochi,Chinese,250.88,13.37,False,4.14,27.7,False
7230,2026-05-29,Mumbai,Chinese,310.88,12.55,False,4.53,39.0,False
7231,2026-05-29,Mumbai,Chinese,257.68,12.4,True,4.36,30.2,False
7232,2026-05-29,Bengaluru,South Indian,314.94,14.81,True,3.97,39.7,False
7233,2026-05-29,Chennai,Chinese,375.59,12.34,True,4.08,45.0,False
7234,2026-05-29,Pune,Italian,437.23,12.53,True,4.51,30.5,False
7235,2026-05-29,Surat,Chinese,341.18,17.27,False,4.5,35.2,False
7236,2026-05-29,Hyderabad,Desserts & Bakery,264.88,17.15,True,3.95,28.2,False
7237,2026-05-29,Bengaluru,North Indian,403.09,15.79,True,4.54,34.2,False
7238,2026-05-29,Delhi,North Indian,651.42,17.54,False,4.64,44.9,False
7239,2026-05-29,Hyderabad,Chinese,334.19,12.21,True,4.23,38.7,False
7240,2026-05-29,Chandigarh,South Indian,279.83,15.86,False,4.37,25.2,False
7241,2026-05-29,Surat,Chinese,562.13,15.48,True,4.33,35.4,False
7242,2026-05-29,Delhi,Chinese,298.28,17.09,True,4.64,38.6,False
7243,2026-05-29,Bengaluru,South Indian,325.83,16.38,True,4.38,37.4,False
7244,2026-05-29,Hyderabad,South Indian,203.52,13.64,True,,37.4,False
7245,2026-05-29,Nagpur,North Indian,538.79,14.89,False,4.39,26.8,False
7246,2026-05-29,Hyderabad,South Indian,323.27,16.01,False,4.22,26.7,False
7247,2026-05-29,Bengaluru,Chinese,278.45,15.79,True,4.26,19.5,False
7248,2026-05-29,,Italian,629.82,13.48,True,4.64,33.5,False
7249,2026-05-29,Bengaluru,South Indian,266.92,17.81,False,4.14,39.7,False
7250,2026-05-29,Chennai,Italian,581.89,11.33,False,4.07,34.0,False
7251,2026-05-29,Ranchi,South Indian,246.9,14.06,False,3.58,38.8,False
7252,2026-05-29,Pune,Chinese,292.22,8.3,True,3.96,36.8,False
7253,2026-05-29,Pune,South Indian,273.55,15.72,False,3.66,21.9,False
7254,2026-05-29,Kochi,North Indian,413.27,12.17,True,,34.9,False
7255,2026-05-29,Bengaluru,Desserts & Bakery,235.14,16.18,False,3.99,42.2,False
7256,2026-05-29,Bhopal,Italian,665.14,14.93,False,4.21,32.3,False
7257,2026-05-29,Pune,North Indian,499.48,13.5,True,4.69,18.1,False
7258,2026-05-29,Pune,Chinese,308.81,16.31,False,4.26,43.6,False
7259,2026-05-29,Delhi,Italian,377.29,14.94,False,3.92,26.7,False
7260,2026-05-29,Chandigarh,South Indian,229.67,11.47,False,3.95,37.4,False
7261,2026-05-29,Ahmedabad,Chinese,356.35,10.46,True,4.87,43.1,False
7262,2026-05-29,Ahmedabad,South Indian,206.54,13.91,True,3.62,36.0,False
7263,2026-05-30,Guwahati,Chinese,457.58,15.68,True,4.06,33.6,True
7264,2026-05-30,Pune,South Indian,282.76,10.42,False,3.88,27.2,True
7265,2026-05-30,Hyderabad,South Indian,263.33,14.87,True,3.44,35.8,True
7266,2026-05-30,Pune,South Indian,288.25,12.33,True,3.45,31.6,True
7267,2026-05-30,Bengaluru,Italian,652.04,13.89,True,4.98,26.0,True
7268,2026-05-30,Bhopal,Chinese,376.18,14.36,True,,36.9,True
7269,2026-05-30,Guwahati,North Indian,570.46,17.12,False,3.86,25.3,True
7270,2026-05-30,Ranchi,Desserts & Bakery,198.51,17.21,True,,39.2,True
7271,2026-05-30,Chennai,Chinese,259.45,13.53,False,,32.9,True
7272,2026-05-30,Bengaluru,North Indian,412.8,14.25,False,4.3,50.2,True
7273,2026-05-30,Nagpur,South Indian,308.15,16.03,True,3.79,44.8,True
7274,2026-05-30,Surat,Desserts & Bakery,218.58,13.76,False,3.63,29.8,True
7275,2026-05-30,Delhi,South Indian,243.15,11.38,True,4.43,31.3,True
7276,2026-05-30,Chennai,Chinese,424.4,14.18,False,4.05,35.0,True
7277,2026-05-30,Kochi,Chinese,174.84,16.01,True,4.14,24.7,True
7278,2026-05-30,Surat,Chinese,342.7,16.95,True,4.09,30.2,True
7279,2026-05-30,Pune,Chinese,302.16,14.38,False,4.37,44.9,True
7280,2026-05-30,Ranchi,North Indian,452.47,12.73,True,4.34,40.4,True
7281,2026-05-30,Nagpur,Chinese,440.02,13.28,False,4.28,29.6,True
7282,2026-05-30,Surat,South Indian,252.95,14.25,False,4.36,33.2,True
7283,2026-05-30,Delhi,North Indian,416.21,12.33,True,4.3,33.0,True
7284,2026-05-30,,South Indian,272.75,12.18,False,3.99,41.3,True
7285,2026-05-30,Bengaluru,South Indian,277.24,16.24,False,3.81,25.2,True
7286,2026-05-30,Kochi,South Indian,315.55,15.49,True,4.08,34.4,True
7287,2026-05-30,Chandigarh,Italian,361.96,15.77,True,3.9,38.9,True
7288,2026-05-30,Bengaluru,North Indian,324.04,16.73,True,4.66,22.1,True
7289,2026-05-30,Bhopal,Desserts & Bakery,139.3,10.6,False,4.01,35.0,True
7290,2026-05-30,Ahmedabad,Italian,644.2,14.95,False,3.52,24.0,True
7291,2026-05-30,Surat,South Indian,291.77,17.01,False,3.58,23.8,True
7292,2026-05-30,Hyderabad,South Indian,294.71,15.09,True,4.28,43.2,True
7293,2026-05-30,Nagpur,Chinese,331.81,17.37,True,4.59,27.3,True
7294,2026-05-30,Hyderabad,Chinese,236.14,10.94,True,3.5,43.6,True
7295,2026-05-30,Bengaluru,Chinese,490.61,11.63,False,4.06,33.6,True
7296,2026-05-30,Bengaluru,Italian,249.67,15.72,True,4.0,39.9,True
7297,2026-05-30,Chandigarh,South Indian,393.56,14.24,True,4.19,45.4,True
7298,2026-05-30,Chennai,North Indian,355.82,12.76,True,4.43,45.8,True
7299,2026-05-30,Guwahati,Italian,446.76,14.13,True,3.93,41.9,True
7300,2026-05-30,Kochi,South Indian,252.53,16.45,True,3.88,40.1,True
7301,2026-05-30,Pune,South Indian,258.77,16.26,True,4.72,32.6,True
7302,2026-05-30,Surat,North Indian,532.23,12.74,False,4.32,33.7,True
7303,2026-05-30,Bengaluru,North Indian,454.3,14.07,True,3.73,42.8,True
7304,2026-05-30,Bengaluru,Italian,345.59,17.8,True,3.93,30.4,True
7305,2026-05-30,Mumbai,Desserts & Bakery,255.0,14.05,True,4.43,28.3,True
7306,2026-05-30,Bengaluru,Desserts & Bakery,132.96,15.94,True,4.17,43.9,True
7307,2026-05-30,Ahmedabad,Italian,470.04,11.71,True,4.17,36.8,True
7308,2026-05-30,Ahmedabad,Desserts & Bakery,230.04,14.58,False,4.21,30.4,True
7309,2026-05-30,Pune,Chinese,422.54,17.9,True,3.71,46.1,True
7310,2026-05-30,Pune,Chinese,471.12,14.37,True,4.36,31.9,True
7311,2026-05-30,Ahmedabad,Chinese,401.22,15.0,False,3.33,33.7,True
7312,2026-05-30,Ahmedabad,Italian,522.48,15.5,False,4.08,44.1,True
7313,2026-05-30,Chandigarh,Chinese,289.01,16.55,False,4.56,39.2,True
7314,2026-05-30,Hyderabad,Chinese,420.68,16.42,False,3.72,39.3,True
7315,2026-05-30,Guwahati,North Indian,642.74,13.91,False,4.08,24.4,True
7316,2026-05-30,Bhopal,North Indian,254.63,13.24,True,4.15,31.3,True
7317,2026-05-30,Mumbai,North Indian,420.32,12.39,False,4.46,36.1,True
7318,2026-05-30,Ahmedabad,South Indian,305.44,13.55,True,4.18,32.7,True
7319,2026-05-30,Kochi,Chinese,394.02,17.26,True,3.95,28.5,True
7320,2026-05-30,Mumbai,North Indian,387.32,11.69,False,4.51,30.5,True
7321,2026-05-30,Kochi,Desserts & Bakery,122.05,16.46,False,4.33,39.7,True
7322,2026-05-30,Pune,Italian,599.89,19.23,True,3.26,19.5,True
7323,2026-05-30,Kochi,North Indian,420.28,19.7,False,3.82,44.2,True
7324,2026-05-30,Chandigarh,North Indian,390.07,16.45,True,3.9,33.4,True
7325,2026-05-30,Pune,Chinese,382.51,13.94,True,,43.3,True
7326,2026-05-30,Ahmedabad,North Indian,265.2,14.86,True,4.09,18.2,True
7327,2026-05-30,Bengaluru,Chinese,364.01,15.25,False,3.29,37.4,True
7328,2026-05-30,Hyderabad,North Indian,505.06,12.75,True,4.28,25.4,True
7329,2026-05-30,Ahmedabad,South Indian,234.14,14.73,False,,33.8,True
7330,2026-05-30,Hyderabad,Italian,405.05,14.37,True,4.35,30.7,True
7331,2026-05-30,Kochi,Desserts & Bakery,187.58,16.03,True,4.05,35.8,True
7332,2026-05-30,Pune,Italian,505.95,12.2,True,3.77,39.9,True
7333,2026-05-30,Chennai,South Indian,313.26,17.62,True,4.36,24.6,True
7334,2026-05-30,Surat,South Indian,348.85,10.33,False,4.27,38.2,True
7335,2026-05-30,Surat,North Indian,450.43,15.39,False,3.72,36.5,True
7336,2026-05-30,Chennai,Desserts & Bakery,137.73,14.25,True,4.26,29.3,True
7337,2026-05-30,Chandigarh,South Indian,268.75,12.93,True,3.74,21.7,True
7338,2026-05-30,Bengaluru,Desserts & Bakery,211.17,11.24,False,4.26,37.5,True
7339,2026-05-30,Chennai,North Indian,524.73,12.92,True,3.79,28.8,True
7340,2026-05-30,Bengaluru,North Indian,381.12,16.27,True,,39.6,True
7341,2026-05-30,Bhopal,Chinese,430.75,15.16,False,3.9,38.1,True
7342,2026-05-30,Bengaluru,North Indian,478.78,14.33,True,4.67,29.8,True
7343,2026-05-30,Pune,North Indian,440.86,15.25,False,4.85,44.4,True
7344,2026-05-30,Delhi,North Indian,619.27,16.55,True,3.94,27.5,True
7345,2026-05-30,Mumbai,South Indian,278.28,15.0,False,3.91,39.4,True
7346,2026-05-30,Ranchi,North Indian,344.59,12.12,False,3.56,33.1,True
7347,2026-05-30,Kochi,North Indian,449.47,13.95,True,4.05,27.8,True
7348,2026-05-30,Hyderabad,North Indian,459.63,9.57,False,4.51,38.3,True
7349,2026-05-30,Hyderabad,South Indian,276.81,15.36,True,4.32,37.4,True
7350,2026-05-30,,North Indian,412.89,11.12,True,4.1,34.8,True
7351,2026-05-30,Nagpur,North Indian,463.58,13.77,False,4.61,30.0,True
7352,2026-05-30,Hyderabad,South Indian,282.74,15.61,False,3.88,19.4,True
7353,2026-05-30,Guwahati,South Indian,306.86,16.03,False,3.59,35.9,True
7354,2026-05-30,Chennai,Chinese,242.17,19.59,False,4.49,44.3,True
7355,2026-05-30,Bengaluru,North Indian,493.54,14.03,False,4.51,24.9,True
7356,2026-05-30,Bhopal,Italian,457.32,16.9,True,4.57,17.7,True
7357,2026-05-30,Surat,Italian,532.01,15.56,False,4.55,32.1,True
7358,2026-05-30,Hyderabad,North Indian,264.55,14.34,False,4.1,37.2,True
7359,2026-05-30,Mumbai,Italian,563.95,14.39,False,4.36,35.6,True
7360,2026-05-30,Ranchi,South Indian,303.41,16.2,True,,22.9,True
7361,2026-05-30,Ahmedabad,Desserts & Bakery,312.98,13.43,True,3.75,33.1,True
7362,2026-05-30,Mumbai,North Indian,392.61,12.87,True,3.45,18.9,True
7363,2026-05-30,Ahmedabad,Italian,534.55,14.64,True,3.83,40.4,True
7364,2026-05-30,Kochi,Italian,541.23,15.79,True,3.56,30.4,True
7365,2026-05-30,Guwahati,North Indian,437.12,16.36,True,4.65,28.5,True
7366,2026-05-30,Hyderabad,North Indian,312.42,13.81,True,3.84,34.2,True
7367,2026-05-30,Kochi,Italian,541.61,12.69,False,,43.1,True
7368,2026-05-30,Bhopal,North Indian,334.09,13.77,True,4.12,37.1,True
7369,2026-05-30,Bengaluru,Italian,376.9,15.41,True,4.46,31.1,True
7370,2026-05-30,Surat,Chinese,419.51,14.44,True,,33.2,True
7371,2026-05-30,Ahmedabad,Desserts & Bakery,196.54,13.82,False,4.19,36.9,True
7372,2026-05-30,Ahmedabad,South Indian,305.61,16.08,False,3.75,20.4,True
7373,2026-05-30,Mumbai,South Indian,300.6,16.55,False,4.07,37.0,True
7374,2026-05-30,Ahmedabad,North Indian,541.41,13.45,False,4.11,33.9,True
7375,2026-05-30,Mumbai,Chinese,410.79,11.03,True,4.93,26.4,True
7376,2026-05-30,Surat,South Indian,282.48,13.92,True,3.91,33.8,True
7377,2026-05-30,Mumbai,North Indian,477.97,15.9,True,3.85,52.3,True
7378,2026-05-30,Bengaluru,Chinese,307.31,12.78,False,4.22,28.1,True
7379,2026-05-30,Hyderabad,South Indian,235.97,16.5,False,4.38,21.5,True
7380,2026-05-30,Pune,North Indian,478.26,16.09,False,4.69,32.0,True
7381,2026-05-30,Chennai,Italian,407.71,16.51,True,3.82,34.2,True
7382,2026-05-30,Surat,North Indian,355.79,13.96,False,4.5,40.5,True
7383,2026-05-30,Hyderabad,South Indian,288.92,11.51,False,4.13,33.9,True
7384,2026-05-30,Nagpur,Chinese,471.38,13.35,False,4.36,38.0,True
7385,2026-05-30,Chandigarh,Chinese,378.49,13.09,False,4.83,34.2,True
7386,2026-05-30,Kochi,South Indian,248.37,14.77,False,4.34,42.3,True
7387,2026-05-30,Kochi,Chinese,276.03,14.92,False,4.25,41.9,True
7388,2026-05-30,Nagpur,Chinese,182.39,15.59,True,4.39,38.2,True
7389,2026-05-31,Pune,North Indian,360.19,13.84,True,3.96,39.6,True
7390,2026-05-31,Ranchi,Italian,402.06,11.37,False,,28.3,True
7391,2026-05-31,Mumbai,Italian,478.75,16.02,False,3.56,34.0,True
7392,2026-05-31,Mumbai,North Indian,560.82,14.63,False,3.97,30.4,True
7393,2026-05-31,Hyderabad,North Indian,468.82,15.15,True,3.81,31.2,True
7394,2026-05-31,Ranchi,North Indian,494.77,15.03,True,3.72,26.1,True
7395,2026-05-31,Ranchi,South Indian,270.89,13.13,True,3.75,28.5,True
7396,2026-05-31,Chennai,Desserts & Bakery,210.15,14.58,True,,30.6,True
7397,2026-05-31,Delhi,Chinese,311.75,10.1,True,3.74,36.6,True
7398,2026-05-31,Guwahati,Chinese,463.07,16.2,False,4.31,16.7,True
7399,2026-05-31,Bhopal,Chinese,304.43,13.71,True,3.86,37.0,True
7400,2026-05-31,Mumbai,Chinese,402.31,13.85,True,4.09,35.1,True
7401,2026-05-31,Chandigarh,Chinese,422.81,11.47,True,4.04,50.8,True
7402,2026-05-31,Delhi,North Indian,406.39,12.05,False,,31.9,True
7403,2026-05-31,Bhopal,Chinese,411.07,13.67,False,4.43,37.6,True
7404,2026-05-31,Hyderabad,Desserts & Bakery,247.88,20.39,True,4.37,33.1,True
7405,2026-05-31,Ranchi,South Indian,190.85,13.93,True,,25.6,True
7406,2026-05-31,Ranchi,Chinese,352.38,18.68,False,4.19,36.8,True
7407,2026-05-31,Delhi,Chinese,407.65,14.42,True,4.05,42.7,True
7408,2026-05-31,Ahmedabad,Chinese,266.71,16.11,False,3.95,38.0,True
7409,2026-05-31,Bhopal,Italian,508.55,17.13,True,4.02,33.4,True
7410,2026-05-31,Pune,North Indian,327.74,17.75,True,4.26,27.2,True
7411,2026-05-31,Bengaluru,North Indian,297.18,13.79,True,4.27,37.6,True
7412,2026-05-31,Guwahati,North Indian,504.58,14.73,False,3.98,30.6,True
7413,2026-05-31,Bengaluru,Italian,483.85,15.89,False,4.78,17.7,True
7414,2026-05-31,Chennai,South Indian,250.7,13.47,True,3.5,39.1,True
7415,2026-05-31,Ranchi,South Indian,211.04,13.62,True,4.27,24.3,True
7416,2026-05-31,Delhi,Desserts & Bakery,170.92,14.36,False,4.23,25.2,True
7417,2026-05-31,Bhopal,North Indian,501.44,14.17,True,3.67,25.7,True
7418,2026-05-31,Bhopal,Chinese,263.36,8.79,True,3.85,23.9,True
7419,2026-05-31,Chennai,South Indian,296.42,13.8,False,4.44,32.3,True
7420,2026-05-31,Nagpur,North Indian,380.33,16.13,False,4.65,34.0,True
7421,2026-05-31,Guwahati,North Indian,275.92,15.31,False,4.22,32.6,True
7422,2026-05-31,Surat,South Indian,215.54,16.02,False,4.03,40.1,True
7423,2026-05-31,Kochi,South Indian,296.06,14.87,False,4.72,34.6,True
7424,2026-05-31,Mumbai,North Indian,334.96,18.28,False,4.42,27.2,True
7425,2026-05-31,Chandigarh,Desserts & Bakery,243.52,15.01,False,3.97,30.4,True
7426,2026-05-31,Guwahati,North Indian,361.28,14.59,False,4.49,36.2,True
7427,2026-05-31,Chennai,Chinese,539.21,12.58,True,3.89,25.7,True
7428,2026-05-31,Bengaluru,Chinese,387.93,12.46,False,3.72,26.8,True
7429,2026-05-31,Ahmedabad,Chinese,485.49,19.11,True,3.96,32.1,True
7430,2026-05-31,Mumbai,South Indian,274.99,13.41,True,4.01,35.4,True
7431,2026-05-31,Chandigarh,Italian,571.15,18.71,False,4.6,34.4,True
7432,2026-05-31,Ranchi,North Indian,418.94,14.03,True,,38.7,True
7433,2026-05-31,Kochi,North Indian,442.36,16.59,True,4.59,33.7,True
7434,2026-05-31,Surat,South Indian,289.13,15.31,False,4.15,40.8,True
7435,2026-05-31,Ahmedabad,South Indian,216.03,14.92,True,4.09,21.6,True
7436,2026-05-31,Nagpur,North Indian,367.11,15.96,True,4.11,26.8,True
7437,2026-05-31,Surat,South Indian,284.85,16.61,True,3.52,31.3,True
7438,2026-05-31,Hyderabad,South Indian,345.85,13.5,False,4.95,37.0,True
7439,2026-05-31,Bengaluru,North Indian,546.9,13.65,False,3.76,40.0,True
7440,2026-05-31,Ahmedabad,Chinese,574.56,14.85,True,3.45,38.9,True
7441,2026-05-31,Hyderabad,North Indian,469.69,15.28,False,3.9,24.6,True
7442,2026-05-31,Mumbai,Italian,306.15,14.61,False,,40.8,True
7443,2026-05-31,Pune,Italian,633.93,16.18,False,3.9,21.9,True
7444,2026-05-31,Mumbai,North Indian,501.59,12.81,False,4.75,30.6,True
7445,2026-05-31,Mumbai,North Indian,291.54,16.53,True,3.7,33.2,True
7446,2026-05-31,Guwahati,North Indian,480.62,17.31,True,4.39,32.0,True
7447,2026-05-31,Kochi,Chinese,440.2,15.49,True,4.38,37.8,True
7448,2026-05-31,Chennai,South Indian,287.31,11.39,False,4.28,43.4,True
7449,2026-05-31,Kochi,North Indian,294.65,15.54,False,4.26,29.4,True
7450,2026-05-31,Delhi,North Indian,229.12,15.9,False,4.13,33.5,True
7451,2026-05-31,Chennai,North Indian,449.44,13.82,True,4.5,44.4,True
7452,2026-05-31,Mumbai,North Indian,420.27,13.77,False,3.78,24.9,True
7453,2026-05-31,Mumbai,South Indian,264.79,12.17,False,3.74,29.5,True
7454,2026-05-31,Hyderabad,Chinese,232.91,15.48,True,4.21,44.0,True
7455,2026-05-31,Chandigarh,South Indian,270.06,12.04,True,4.34,33.6,True
7456,2026-05-31,Chennai,Desserts & Bakery,195.14,11.15,False,4.23,37.1,True
7457,2026-05-31,Pune,South Indian,394.99,13.72,False,,34.9,True
7458,2026-05-31,Chandigarh,Chinese,313.2,12.73,True,3.95,29.9,True
7459,2026-05-31,Mumbai,Chinese,343.16,14.72,True,3.99,36.0,True
7460,2026-05-31,Delhi,North Indian,398.79,14.16,False,3.3,26.1,True
7461,2026-05-31,Pune,North Indian,448.33,15.46,True,4.35,30.6,True
7462,2026-05-31,Chennai,Desserts & Bakery,221.56,14.4,False,4.52,30.3,True
7463,2026-05-31,Pune,Chinese,388.45,13.72,True,4.23,28.9,True
7464,2026-05-31,Chandigarh,Chinese,358.79,17.87,True,4.48,30.1,True
7465,2026-05-31,Delhi,North Indian,358.12,14.08,True,4.17,25.1,True
7466,2026-05-31,Surat,Chinese,303.89,15.46,True,4.28,36.9,True
7467,2026-05-31,Chennai,South Indian,287.56,13.87,False,3.83,38.2,True
7468,2026-05-31,Hyderabad,Italian,448.12,14.83,False,4.28,27.2,True
7469,2026-05-31,Ranchi,Chinese,426.03,15.97,True,3.82,35.5,True
7470,2026-05-31,Ahmedabad,Chinese,321.04,14.31,True,4.85,31.6,True
7471,2026-05-31,Bhopal,South Indian,286.65,14.46,False,4.09,33.1,True
7472,2026-05-31,Surat,North Indian,449.67,14.08,False,3.86,44.4,True
7473,2026-05-31,Hyderabad,Italian,608.1,11.23,True,4.07,38.0,True
7474,2026-05-31,Ahmedabad,North Indian,472.95,14.48,True,4.4,20.8,True
7475,2026-05-31,Bhopal,North Indian,322.44,17.49,True,3.87,36.9,True
7476,2026-05-31,Mumbai,Chinese,401.47,10.73,True,4.54,37.1,True
7477,2026-05-31,Bengaluru,South Indian,200.81,15.15,True,4.62,40.8,True
7478,2026-05-31,Surat,North Indian,416.62,15.78,False,3.71,45.3,True
7479,2026-05-31,Chandigarh,South Indian,302.16,17.48,False,4.32,35.7,True
7480,2026-05-31,Surat,Chinese,262.15,13.17,True,4.62,33.5,True
7481,2026-05-31,Guwahati,South Indian,355.31,13.49,True,3.9,26.0,True
7482,2026-05-31,Chennai,South Indian,261.23,10.7,False,4.58,28.7,True
7483,2026-05-31,Bengaluru,Italian,626.85,14.94,True,4.12,38.7,True
7484,2026-05-31,Mumbai,South Indian,142.33,17.18,True,4.21,31.0,True
7485,2026-05-31,Mumbai,Chinese,347.49,14.61,False,5.0,34.3,True
7486,2026-05-31,Pune,Italian,384.6,8.74,True,3.96,12.0,True
7487,2026-05-31,Chennai,Chinese,370.44,13.23,True,3.86,33.0,True
7488,2026-05-31,Surat,Chinese,407.91,16.76,False,4.25,26.0,True
7489,2026-05-31,Ranchi,South Indian,343.57,13.0,False,4.92,42.9,True
7490,2026-05-31,Hyderabad,North Indian,344.95,13.87,True,4.11,42.1,True
7491,2026-05-31,Bengaluru,North Indian,363.34,17.45,False,4.49,20.2,True
7492,2026-05-31,Pune,South Indian,308.05,15.3,True,3.85,38.5,True
7493,2026-05-31,Bengaluru,South Indian,307.22,15.53,False,3.97,37.4,True
7494,2026-05-31,Chandigarh,South Indian,317.59,15.58,True,4.55,39.4,True
7495,2026-05-31,Ahmedabad,North Indian,320.26,19.86,True,4.31,30.2,True
7496,2026-05-31,Chandigarh,Italian,601.66,14.8,False,3.56,32.8,True
7497,2026-05-31,Chandigarh,North Indian,368.75,13.52,True,4.14,39.5,True
7498,2026-05-31,Delhi,South Indian,337.95,13.62,False,4.25,30.9,True
7499,2026-05-31,Bengaluru,North Indian,563.11,14.58,False,3.94,30.5,True
7500,2026-05-31,Ahmedabad,North Indian,377.37,11.73,False,4.26,35.4,True
7501,2026-05-31,Bengaluru,Chinese,369.47,13.79,True,4.01,40.6,True
7502,2026-05-31,Bengaluru,North Indian,504.42,13.06,True,4.29,42.1,True
7503,2026-05-31,Chandigarh,North Indian,358.94,11.34,False,4.59,26.6,True
7504,2026-05-31,Bengaluru,North Indian,392.59,14.54,True,4.1,24.3,True
7505,2026-05-31,Chennai,Chinese,395.74,15.73,False,4.68,38.5,True
7506,2026-05-31,Delhi,North Indian,404.99,13.14,False,3.98,34.9,True
7507,2026-05-31,Ranchi,North Indian,425.67,10.97,True,3.66,33.4,True
7508,2026-05-31,Bhopal,North Indian,351.5,15.57,False,,34.1,True
7509,2026-05-31,Bhopal,Chinese,353.63,12.63,False,4.49,38.7,True
7510,2026-05-31,Delhi,Desserts & Bakery,154.37,13.13,False,4.21,21.0,True
7511,2026-05-31,Chennai,Chinese,391.89,11.74,True,4.18,22.1,True
7512,2026-05-31,Mumbai,Chinese,396.81,14.95,True,,36.1,True
7513,2026-05-31,Mumbai,Desserts & Bakery,232.39,17.0,True,4.04,21.8,True
7514,2026-05-31,Hyderabad,South Indian,303.72,15.85,True,4.35,36.7,True
7515,2026-05-31,Hyderabad,North Indian,503.93,18.46,True,3.92,37.9,True
7516,2026-05-31,Delhi,North Indian,376.3,12.98,False,4.38,43.0,True
7517,2026-05-31,Delhi,North Indian,367.37,18.6,False,4.24,24.2,True
7518,2026-05-31,Delhi,South Indian,157.78,12.57,False,4.58,33.6,True
7519,2026-05-31,Pune,Chinese,263.8,15.42,False,4.07,35.1,True
7520,2026-05-31,Mumbai,South Indian,361.5,12.6,True,,35.9,True
7521,2026-05-31,Delhi,Chinese,330.88,15.66,True,,22.1,True
7522,2026-05-31,Bengaluru,North Indian,577.65,17.49,True,4.19,36.2,True
7523,2026-05-31,Chennai,South Indian,291.01,14.63,False,3.92,34.9,True
7524,2026-05-31,Mumbai,North Indian,343.72,17.37,False,4.03,36.8,True
7525,2026-05-31,Surat,North Indian,505.57,11.18,True,3.76,37.8,True
7526,2026-05-31,Nagpur,South Indian,221.38,13.8,False,3.82,17.4,True
7527,2026-05-31,Ranchi,South Indian,257.89,12.15,False,5.0,41.4,True
7528,2026-05-31,Hyderabad,North Indian,488.01,13.6,True,4.14,28.9,True
7529,2026-05-31,Surat,North Indian,390.35,10.99,True,3.87,38.5,True
7530,2026-05-31,Kochi,South Indian,209.27,12.01,True,4.72,36.9,True
7531,2026-05-31,Pune,North Indian,602.76,15.49,False,4.5,36.0,True
7532,2026-05-31,Hyderabad,North Indian,445.95,13.79,False,3.9,32.9,True
7533,2026-05-31,Chandigarh,North Indian,517.6,15.68,False,,32.8,True
7534,2026-05-31,Chennai,North Indian,524.16,14.38,True,3.78,39.6,True
7535,2026-05-31,Nagpur,Italian,568.51,14.11,False,4.72,36.7,True
7536,2026-05-31,Mumbai,North Indian,308.67,16.48,False,4.03,38.9,True
7537,2026-05-31,Mumbai,Chinese,353.83,15.25,True,3.76,31.4,True
7538,2026-05-31,Chandigarh,Chinese,509.19,19.17,False,,20.4,True
7539,2026-05-31,Bengaluru,Chinese,572.76,14.3,True,,38.0,True
7540,2026-05-31,Mumbai,Chinese,372.3,14.92,True,,27.7,True
7541,2026-06-01,Delhi,North Indian,395.64,12.17,True,4.15,39.4,False
7542,2026-06-01,Chennai,Desserts & Bakery,166.13,15.03,False,,42.2,False
7543,2026-06-01,Chennai,North Indian,387.08,19.1,False,3.94,36.5,False
7544,2026-06-01,Bengaluru,North Indian,440.03,14.06,False,3.71,50.2,False
7545,2026-06-01,Surat,Chinese,328.02,12.59,True,,35.0,False
7546,2026-06-01,Surat,North Indian,596.74,9.73,True,4.12,36.2,False
7547,2026-06-01,Ahmedabad,North Indian,282.8,15.74,True,4.42,29.7,False
7548,2026-06-01,Delhi,North Indian,372.16,17.03,False,4.34,39.4,False
7549,2026-06-01,Chennai,South Indian,168.24,10.2,False,4.14,26.1,False
7550,2026-06-01,Pune,North Indian,305.92,14.18,False,3.98,34.1,False
7551,2026-06-01,Chandigarh,Italian,509.74,16.53,True,4.27,50.5,False
7552,2026-06-01,Nagpur,Italian,447.69,15.32,False,4.16,40.4,False
7553,2026-06-01,Surat,North Indian,527.9,11.52,True,4.18,26.8,False
7554,2026-06-01,Delhi,North Indian,418.34,15.64,True,4.74,44.8,False
7555,2026-06-01,Bengaluru,Chinese,300.66,13.37,False,4.61,29.8,False
7556,2026-06-01,Surat,North Indian,381.24,12.68,True,4.66,32.5,False
7557,2026-06-01,Bengaluru,Italian,433.09,16.88,True,3.96,35.6,False
7558,2026-06-01,Surat,Chinese,280.7,13.98,False,4.48,43.4,False
7559,2026-06-01,Bhopal,Italian,486.52,17.07,True,,30.5,False
7560,2026-06-01,Chennai,South Indian,222.63,14.16,False,3.98,46.2,False
7561,2026-06-01,Nagpur,North Indian,236.36,12.95,True,4.08,35.7,False
7562,2026-06-01,Guwahati,Chinese,180.26,15.34,False,4.33,36.2,False
7563,2026-06-01,Ahmedabad,North Indian,547.7,16.16,False,4.22,26.1,False
7564,2026-06-01,Bengaluru,North Indian,453.82,14.47,True,4.5,21.1,False
7565,2026-06-01,Bhopal,South Indian,279.86,12.67,True,,38.2,False
7566,2026-06-01,Pune,North Indian,299.15,19.47,True,3.39,34.5,False
7567,2026-06-01,Chennai,Desserts & Bakery,284.65,12.47,True,4.65,42.6,False
7568,2026-06-01,Surat,South Indian,256.67,14.66,True,4.31,44.6,False
7569,2026-06-01,Ahmedabad,North Indian,401.31,16.23,False,,32.0,False
7570,2026-06-01,Chennai,North Indian,477.74,16.73,False,4.24,29.3,False
7571,2026-06-01,Hyderabad,South Indian,284.68,14.77,True,3.93,35.8,False
7572,2026-06-01,Delhi,Italian,314.53,13.82,False,4.15,35.2,False
7573,2026-06-01,Guwahati,North Indian,457.77,11.06,True,3.73,36.2,False
7574,2026-06-01,Bhopal,North Indian,327.07,13.77,False,4.09,42.8,False
7575,2026-06-01,Chennai,South Indian,209.91,15.92,True,4.46,40.4,False
7576,2026-06-01,Chennai,Desserts & Bakery,288.61,14.17,True,4.59,36.8,False
7577,2026-06-01,Bengaluru,Chinese,348.2,15.9,False,4.45,32.8,False
7578,2026-06-01,Mumbai,North Indian,451.96,18.24,True,3.8,33.9,False
7579,2026-06-01,Hyderabad,Desserts & Bakery,147.66,10.67,True,,38.2,False
7580,2026-06-01,Hyderabad,Chinese,281.43,16.73,False,4.53,27.9,False
7581,2026-06-01,Ranchi,North Indian,324.44,13.44,True,4.1,33.1,False
7582,2026-06-01,Surat,North Indian,368.34,13.24,False,4.45,34.7,False
7583,2026-06-01,Ahmedabad,Italian,651.82,16.25,True,4.26,26.0,False
7584,2026-06-01,Ahmedabad,North Indian,413.16,14.35,True,3.94,35.3,False
7585,2026-06-01,Hyderabad,Chinese,416.14,13.51,False,3.88,29.4,False
7586,2026-06-01,Nagpur,North Indian,359.56,15.7,True,4.28,43.5,False
7587,2026-06-01,Hyderabad,Desserts & Bakery,191.89,13.42,True,4.44,38.0,False
7588,2026-06-01,Guwahati,Chinese,330.22,14.22,True,4.81,28.0,False
7589,2026-06-01,Delhi,South Indian,283.11,13.48,False,4.31,38.2,False
7590,2026-06-01,Mumbai,North Indian,546.76,15.92,True,,32.9,False
7591,2026-06-01,Nagpur,Chinese,472.54,15.15,False,3.65,44.7,False
7592,2026-06-01,Chandigarh,North Indian,530.73,12.93,True,4.23,29.1,False
7593,2026-06-01,Ahmedabad,Desserts & Bakery,203.2,12.73,False,4.12,29.9,False
7594,2026-06-01,Pune,South Indian,282.66,12.53,False,4.32,46.6,False
7595,2026-06-01,Chandigarh,Chinese,379.23,14.24,False,4.53,29.4,False
7596,2026-06-01,Hyderabad,South Indian,284.0,13.42,True,,40.8,False
7597,2026-06-01,Guwahati,South Indian,296.24,16.86,False,4.39,25.6,False
7598,2026-06-01,Pune,South Indian,396.27,15.21,False,4.27,33.4,False
7599,2026-06-01,Bhopal,Italian,675.3,14.78,False,3.91,49.9,False
7600,2026-06-01,Chennai,Italian,503.88,17.81,False,3.98,38.4,False
7601,2026-06-01,Chandigarh,North Indian,353.91,11.77,False,4.25,19.3,False
7602,2026-06-01,Chandigarh,South Indian,371.06,15.36,False,3.87,44.4,False
7603,2026-06-01,Chennai,Italian,571.78,13.27,True,4.19,25.0,False
7604,2026-06-01,Chandigarh,Chinese,416.59,13.64,True,4.41,32.5,False
7605,2026-06-01,Hyderabad,North Indian,416.05,14.91,False,4.88,46.6,False
7606,2026-06-01,Nagpur,South Indian,160.83,15.24,True,,34.5,False
7607,2026-06-01,Mumbai,Chinese,478.39,11.34,False,4.08,39.9,False
7608,2026-06-01,Pune,Chinese,408.51,11.68,False,3.97,38.8,False
7609,2026-06-01,Kochi,North Indian,272.07,14.17,True,3.96,47.9,False
7610,2026-06-01,Mumbai,North Indian,477.81,15.32,True,4.32,30.2,False
7611,2026-06-01,Guwahati,North Indian,383.89,12.11,False,4.1,51.8,False
7612,2026-06-01,Ranchi,North Indian,370.36,14.22,False,4.66,36.3,False
7613,2026-06-01,Nagpur,Chinese,173.44,14.86,True,,23.5,False
7614,2026-06-01,Mumbai,South Indian,304.69,12.58,False,3.63,42.9,False
7615,2026-06-01,Bengaluru,North Indian,259.85,12.43,True,4.53,29.7,False
7616,2026-06-01,Mumbai,Chinese,246.5,15.46,False,4.12,36.7,False
7617,2026-06-01,Mumbai,South Indian,375.68,13.57,False,3.87,35.9,False
7618,2026-06-01,Surat,South Indian,251.37,14.24,False,,36.7,False
7619,2026-06-01,Hyderabad,South Indian,278.0,15.93,True,3.62,34.4,False
7620,2026-06-01,Bengaluru,North Indian,417.13,14.62,True,4.42,30.1,False
7621,2026-06-01,Kochi,Desserts & Bakery,211.91,14.08,True,3.66,42.5,False
7622,2026-06-01,Mumbai,Desserts & Bakery,148.74,14.05,True,3.75,43.2,False
7623,2026-06-01,Chennai,North Indian,516.6,15.97,True,4.46,42.6,False
7624,2026-06-01,Mumbai,North Indian,372.97,10.35,False,4.36,40.7,False
7625,2026-06-01,Ranchi,North Indian,442.99,13.33,True,,50.4,False
7626,2026-06-01,Kochi,Chinese,329.02,9.34,True,3.77,41.8,False
7627,2026-06-01,Mumbai,South Indian,247.47,16.58,False,3.85,33.4,False
7628,2026-06-01,Chandigarh,South Indian,353.28,14.92,False,,31.9,False
7629,2026-06-01,Chennai,North Indian,381.79,15.66,True,4.46,18.6,False
7630,2026-06-01,Bhopal,North Indian,339.97,13.2,False,4.16,27.0,False
7631,2026-06-01,Mumbai,South Indian,215.29,21.75,True,4.98,39.2,False
7632,2026-06-01,Delhi,Chinese,379.98,11.05,False,4.13,27.1,False
7633,2026-06-01,Bengaluru,Desserts & Bakery,158.76,12.15,True,3.95,32.1,False
7634,2026-06-01,Delhi,Chinese,301.47,11.47,False,4.5,26.6,False
7635,2026-06-01,Bhopal,South Indian,272.53,15.01,False,4.12,20.3,False
7636,2026-06-01,Nagpur,North Indian,538.22,13.11,False,4.94,32.0,False
7637,2026-06-01,Guwahati,South Indian,213.83,18.41,True,4.45,42.7,False
7638,2026-06-01,Mumbai,North Indian,329.34,13.09,False,4.18,42.0,False
7639,2026-06-01,Ahmedabad,Chinese,308.6,14.72,True,4.66,44.6,False
7640,2026-06-01,Surat,Desserts & Bakery,184.62,17.32,True,4.11,26.5,False
7641,2026-06-01,Surat,North Indian,348.05,14.42,True,4.72,31.3,False
7642,2026-06-01,Mumbai,South Indian,304.05,14.75,True,4.05,33.5,False
7643,2026-06-01,Ahmedabad,North Indian,517.81,14.74,True,4.27,38.0,False
7644,2026-06-01,Hyderabad,Chinese,448.57,11.68,False,,31.4,False
7645,2026-06-01,Delhi,Chinese,426.23,11.38,True,3.68,35.0,False
7646,2026-06-01,Bhopal,North Indian,285.41,13.71,True,4.57,23.6,False
7647,2026-06-01,Ranchi,Chinese,501.82,14.89,True,4.07,41.9,False
7648,2026-06-01,Pune,South Indian,165.38,18.15,False,4.43,31.6,False
7649,2026-06-02,Hyderabad,Italian,700.99,17.85,True,3.61,41.4,False
7650,2026-06-02,Mumbai,South Indian,156.88,14.76,False,4.36,24.8,False
7651,2026-06-02,Surat,South Indian,448.23,14.26,True,4.12,37.7,False
7652,2026-06-02,Ranchi,Chinese,467.68,13.25,False,4.45,32.7,False
7653,2026-06-02,Mumbai,Chinese,316.56,14.08,False,4.43,38.6,False
7654,2026-06-02,Mumbai,Chinese,401.34,15.33,False,4.5,33.2,False
7655,2026-06-02,Bhopal,Chinese,307.04,13.31,True,4.11,39.8,False
7656,2026-06-02,Guwahati,Desserts & Bakery,95.42,18.21,True,4.18,29.3,False
7657,2026-06-02,Surat,Italian,827.03,15.95,True,4.52,28.6,False
7658,2026-06-02,Guwahati,North Indian,400.32,12.53,False,4.1,29.5,False
7659,2026-06-02,Hyderabad,Italian,788.07,16.59,True,4.12,26.8,False
7660,2026-06-02,Chennai,Chinese,380.36,15.57,True,3.94,48.1,False
7661,2026-06-02,Surat,South Indian,302.9,12.73,False,3.99,40.4,False
7662,2026-06-02,Guwahati,North Indian,423.21,13.8,True,3.95,35.2,False
7663,2026-06-02,Kochi,Chinese,331.51,15.11,True,4.68,38.2,False
7664,2026-06-02,Chandigarh,Desserts & Bakery,237.98,12.85,False,4.21,39.3,False
7665,2026-06-02,Mumbai,Italian,564.45,13.23,True,4.13,35.3,False
7666,2026-06-02,,South Indian,231.6,15.23,False,4.77,40.8,False
7667,2026-06-02,Hyderabad,Desserts & Bakery,291.79,13.11,False,4.25,32.8,False
7668,2026-06-02,Guwahati,North Indian,310.07,15.85,False,4.66,29.4,False
7669,2026-06-02,Hyderabad,Desserts & Bakery,215.03,14.02,False,3.94,38.9,False
7670,2026-06-02,Pune,North Indian,446.37,14.72,False,4.34,37.9,False
7671,2026-06-02,Ahmedabad,North Indian,330.92,16.74,True,3.39,36.3,False
7672,2026-06-02,Delhi,Italian,547.07,16.38,True,4.28,43.6,False
7673,2026-06-02,Delhi,North Indian,430.61,15.52,True,4.1,30.5,False
7674,2026-06-02,Ranchi,Chinese,266.03,14.37,False,3.72,22.2,False
7675,2026-06-02,Ranchi,North Indian,508.06,13.5,False,4.72,42.1,False
7676,2026-06-02,Chennai,North Indian,402.43,17.9,False,4.35,27.6,False
7677,2026-06-02,Chandigarh,South Indian,163.23,14.57,True,,31.2,False
7678,2026-06-02,Ahmedabad,South Indian,250.28,17.96,True,3.86,30.1,False
7679,2026-06-02,Pune,Chinese,312.98,14.15,False,4.17,33.2,False
7680,2026-06-02,Chennai,Chinese,339.68,11.95,False,3.6,32.9,False
7681,2026-06-02,Pune,Chinese,480.94,11.98,True,4.12,39.2,False
7682,2026-06-02,Bengaluru,North Indian,389.3,19.66,False,4.39,33.5,False
7683,2026-06-02,Surat,Italian,641.18,16.14,False,3.99,46.6,False
7684,2026-06-02,Bengaluru,Italian,623.28,13.76,False,4.23,30.4,False
7685,2026-06-02,Ranchi,Italian,417.43,15.06,False,4.15,33.3,False
7686,2026-06-02,Delhi,South Indian,245.28,14.29,False,5.0,24.5,False
7687,2026-06-02,Chandigarh,South Indian,232.8,16.46,True,4.27,34.8,False
7688,2026-06-02,Nagpur,Chinese,371.12,14.55,True,4.25,36.2,False
7689,2026-06-02,Ranchi,Chinese,410.96,15.92,False,4.8,24.9,False
7690,2026-06-02,Bhopal,Chinese,494.47,15.26,True,3.89,29.9,False
7691,2026-06-02,Chennai,North Indian,447.58,14.23,True,4.58,41.8,False
7692,2026-06-02,Pune,Chinese,334.18,11.6,False,4.45,39.3,False
7693,2026-06-02,Surat,Italian,754.08,13.62,True,4.08,26.7,False
7694,2026-06-02,Mumbai,South Indian,287.23,16.73,False,4.4,48.6,False
7695,2026-06-02,Bhopal,North Indian,421.46,13.02,False,4.02,34.9,False
7696,2026-06-02,Delhi,South Indian,184.62,12.23,True,4.16,27.1,False
7697,2026-06-02,Ahmedabad,South Indian,321.07,15.2,True,,26.5,False
7698,2026-06-02,Bhopal,North Indian,494.79,16.9,False,4.12,28.8,False
7699,2026-06-02,Bengaluru,South Indian,301.39,14.99,True,4.66,28.8,False
7700,2026-06-02,Bhopal,Italian,605.53,16.36,True,4.38,35.3,False
7701,2026-06-02,Ranchi,South Indian,244.77,14.21,True,3.98,40.4,False
7702,2026-06-02,Bengaluru,North Indian,276.29,13.95,False,4.23,19.7,False
7703,2026-06-02,Chandigarh,North Indian,345.34,13.59,False,4.89,32.8,False
7704,2026-06-02,Guwahati,Chinese,459.51,12.14,False,4.77,28.8,False
7705,2026-06-02,Bengaluru,Italian,324.01,13.84,False,3.98,42.4,False
7706,2026-06-02,Nagpur,North Indian,416.84,12.46,False,4.25,41.7,False
7707,2026-06-02,Guwahati,North Indian,474.51,14.9,True,3.95,47.2,False
7708,2026-06-02,Delhi,South Indian,177.28,13.71,False,4.3,45.1,False
7709,2026-06-02,Nagpur,Chinese,321.47,15.03,False,4.21,40.7,False
7710,2026-06-02,Chennai,Italian,341.38,15.02,False,4.38,28.7,False
7711,2026-06-02,Mumbai,South Indian,209.39,16.22,True,4.32,38.4,False
7712,2026-06-02,Chennai,North Indian,407.06,16.56,False,3.86,32.0,False
7713,2026-06-02,Pune,North Indian,337.86,14.25,True,3.93,41.6,False
7714,2026-06-02,Bhopal,North Indian,230.8,15.15,False,4.11,36.2,False
7715,2026-06-02,Bhopal,South Indian,138.85,13.92,True,3.91,38.7,False
7716,2026-06-02,Ahmedabad,North Indian,565.38,16.5,True,4.12,38.5,False
7717,2026-06-02,Ranchi,South Indian,272.48,16.14,True,3.79,34.6,False
7718,2026-06-02,Ahmedabad,South Indian,180.02,13.18,True,4.75,35.3,False
7719,2026-06-02,Guwahati,Chinese,256.88,12.51,True,4.53,34.3,False
7720,2026-06-02,Ahmedabad,South Indian,318.04,14.38,True,4.56,34.2,False
7721,2026-06-02,Chennai,Chinese,306.68,15.65,False,4.11,34.4,False
7722,2026-06-02,Chennai,Chinese,396.64,17.85,True,3.69,32.0,False
7723,2026-06-02,Chennai,Chinese,390.15,17.27,True,4.33,34.6,False
7724,2026-06-02,Ahmedabad,North Indian,458.48,12.94,False,4.08,25.5,False
7725,2026-06-02,Kochi,North Indian,281.2,17.76,True,3.78,33.0,False
7726,2026-06-02,Ranchi,Italian,449.01,18.63,True,4.28,44.2,False
7727,2026-06-02,Chennai,Chinese,173.08,14.26,False,4.41,33.1,False
7728,2026-06-02,Hyderabad,North Indian,234.56,13.87,False,4.41,40.4,False
7729,2026-06-02,Hyderabad,South Indian,275.83,14.13,False,4.38,38.4,False
7730,2026-06-02,Pune,Chinese,258.46,13.4,True,3.98,37.6,False
7731,2026-06-02,Chennai,Italian,302.26,11.61,True,3.99,33.0,False
7732,2026-06-02,Surat,North Indian,340.55,12.06,True,4.45,34.3,False
7733,2026-06-02,Nagpur,Desserts & Bakery,174.58,14.39,True,3.79,35.3,False
7734,2026-06-02,Chennai,Chinese,293.27,15.45,True,3.33,36.9,False
7735,2026-06-02,Bengaluru,North Indian,405.28,15.77,True,4.72,41.3,False
7736,2026-06-02,Ranchi,Italian,288.81,14.19,True,3.63,36.7,False
7737,2026-06-02,Mumbai,North Indian,359.22,16.67,False,4.4,37.6,False
7738,2026-06-02,Delhi,South Indian,338.61,16.27,False,4.15,27.5,False
7739,2026-06-02,Hyderabad,Chinese,392.94,12.71,False,3.94,34.1,False
7740,2026-06-02,Delhi,North Indian,387.24,15.37,False,3.72,27.4,False
7741,2026-06-02,Ahmedabad,North Indian,458.54,16.96,True,4.35,45.7,False
7742,2026-06-02,Chandigarh,Chinese,412.35,12.26,True,4.07,18.7,False
7743,2026-06-02,Pune,South Indian,229.53,14.33,True,,34.2,False
7744,2026-06-02,Hyderabad,North Indian,376.63,16.88,True,4.74,30.4,False
7745,2026-06-02,Pune,North Indian,447.14,14.51,True,4.46,33.7,False
7746,2026-06-02,Nagpur,South Indian,238.86,16.32,False,3.5,31.6,False
7747,2026-06-02,Bengaluru,North Indian,532.42,17.82,True,,37.3,False
7748,2026-06-02,Mumbai,North Indian,365.61,18.62,False,4.43,49.3,False
7749,2026-06-02,Guwahati,South Indian,162.42,13.47,True,3.78,40.0,False
7750,2026-06-02,Bhopal,South Indian,296.91,11.42,True,4.01,51.5,False
7751,2026-06-02,Kochi,Italian,360.64,17.85,True,4.35,52.3,False
7752,2026-06-02,Surat,Italian,463.51,15.4,True,4.28,37.1,False
7753,2026-06-02,Delhi,South Indian,276.84,13.4,False,3.9,37.5,False
7754,2026-06-02,Bengaluru,North Indian,519.07,14.01,False,,23.3,False
7755,2026-06-02,Guwahati,Italian,426.5,9.55,False,3.49,31.9,False
7756,2026-06-02,Nagpur,South Indian,246.67,13.49,False,4.44,41.4,False
7757,2026-06-02,Kochi,Italian,488.27,14.39,False,4.02,34.1,False
7758,2026-06-02,Pune,North Indian,439.28,11.23,False,4.13,28.6,False
7759,2026-06-02,Surat,North Indian,547.5,13.2,False,3.44,33.9,False
7760,2026-06-02,Hyderabad,Chinese,420.61,14.81,True,4.27,38.4,False
7761,2026-06-02,Surat,South Indian,187.3,14.35,True,4.19,20.0,False
7762,2026-06-02,Delhi,South Indian,272.07,15.67,False,3.78,30.6,False
7763,2026-06-02,Chennai,North Indian,354.91,14.92,True,4.41,46.0,False
7764,2026-06-03,Delhi,South Indian,287.59,9.34,True,4.33,33.9,False
7765,2026-06-03,Pune,Chinese,419.28,13.41,False,3.85,44.6,False
7766,2026-06-03,Ahmedabad,Italian,560.28,16.08,True,,27.1,False
7767,2026-06-03,Hyderabad,North Indian,390.09,14.37,False,4.0,30.3,False
7768,2026-06-03,Mumbai,North Indian,551.76,14.15,False,3.82,34.7,False
7769,2026-06-03,Kochi,North Indian,447.37,14.03,False,3.77,37.6,False
7770,2026-06-03,Hyderabad,South Indian,240.28,15.93,True,,22.0,False
7771,2026-06-03,Ahmedabad,North Indian,199.75,13.76,True,4.42,32.1,False
7772,2026-06-03,Pune,Chinese,264.12,16.48,False,4.67,54.3,False
7773,2026-06-03,Bhopal,North Indian,578.52,14.04,False,3.9,47.2,False
7774,2026-06-03,Pune,South Indian,192.96,12.92,True,4.51,26.9,False
7775,2026-06-03,Kochi,Italian,580.76,13.14,True,4.0,25.3,False
7776,2026-06-03,Chennai,North Indian,478.12,16.35,False,3.56,32.0,False
7777,2026-06-03,Ranchi,South Indian,295.9,9.81,False,4.25,33.0,False
7778,2026-06-03,Nagpur,Chinese,384.29,17.53,False,3.66,39.8,False
7779,2026-06-03,Ranchi,South Indian,194.59,18.1,False,4.56,33.0,False
7780,2026-06-03,Chennai,South Indian,295.0,18.32,False,3.81,27.3,False
7781,2026-06-03,Mumbai,North Indian,384.98,15.86,True,4.1,34.7,False
7782,2026-06-03,Chennai,South Indian,293.14,16.87,True,3.48,45.6,False
7783,2026-06-03,Surat,South Indian,305.97,16.41,False,3.75,39.6,False
7784,2026-06-03,Chennai,Chinese,405.39,14.97,True,4.84,28.5,False
7785,2026-06-03,Hyderabad,Chinese,408.24,16.7,True,4.29,35.5,False
7786,2026-06-03,Hyderabad,North Indian,454.64,10.24,False,4.31,33.9,False
7787,2026-06-03,Nagpur,North Indian,483.31,13.99,False,,28.3,False
7788,2026-06-03,Delhi,Italian,590.34,10.54,True,4.34,32.1,False
7789,2026-06-03,Nagpur,Chinese,407.58,15.31,False,4.06,35.4,False
7790,2026-06-03,Delhi,Italian,437.27,11.52,True,4.27,33.9,False
7791,2026-06-03,Delhi,Chinese,316.79,20.06,True,5.0,41.7,False
7792,2026-06-03,Mumbai,South Indian,356.09,14.05,False,4.04,34.5,False
7793,2026-06-03,Delhi,Italian,258.63,17.3,True,3.06,34.5,False
7794,2026-06-03,Pune,North Indian,505.6,15.97,True,4.75,42.5,False
7795,2026-06-03,Hyderabad,Chinese,406.37,16.24,True,3.86,27.0,False
7796,2026-06-03,Surat,North Indian,367.18,15.84,False,3.76,36.0,False
7797,2026-06-03,Chennai,North Indian,401.75,13.34,False,3.56,41.6,False
7798,2026-06-03,Delhi,Desserts & Bakery,179.7,15.3,True,4.07,38.4,False
7799,2026-06-03,Bhopal,Chinese,438.95,12.35,False,4.26,28.8,False
7800,2026-06-03,Ranchi,Chinese,409.68,13.78,False,,36.6,False
7801,2026-06-03,Chennai,Italian,473.67,14.3,True,4.34,27.4,False
7802,2026-06-03,Ahmedabad,Desserts & Bakery,321.49,13.83,False,4.5,30.2,False
7803,2026-06-03,Surat,North Indian,506.15,17.12,True,3.92,34.1,False
7804,2026-06-03,Delhi,Chinese,370.64,12.46,True,4.07,27.8,False
7805,2026-06-03,Hyderabad,South Indian,182.49,12.88,True,3.66,22.1,False
7806,2026-06-03,Hyderabad,Italian,594.33,14.68,True,3.73,22.2,False
7807,2026-06-03,Ahmedabad,North Indian,509.35,17.24,True,4.43,33.4,False
7808,2026-06-03,Delhi,North Indian,338.37,14.13,True,4.11,24.9,False
7809,2026-06-03,Ahmedabad,North Indian,342.51,12.57,True,4.35,25.9,False
7810,2026-06-03,Surat,Chinese,340.22,15.63,False,4.15,34.3,False
7811,2026-06-03,Hyderabad,North Indian,458.97,11.57,True,3.84,27.2,False
7812,2026-06-03,Pune,South Indian,289.14,13.15,True,4.96,22.4,False
7813,2026-06-03,Nagpur,Italian,565.16,12.58,True,,34.6,False
7814,2026-06-03,Pune,North Indian,519.63,11.66,True,4.6,32.0,False
7815,2026-06-03,Nagpur,Chinese,352.18,15.1,True,,42.3,False
7816,2026-06-03,Nagpur,Chinese,303.83,17.4,True,,33.5,False
7817,2026-06-03,Pune,Italian,623.51,11.12,True,4.53,31.9,False
7818,2026-06-03,Delhi,North Indian,437.89,12.0,False,3.78,33.1,False
7819,2026-06-03,Mumbai,Chinese,325.14,14.3,True,4.35,37.7,False
7820,2026-06-03,Guwahati,North Indian,464.27,10.44,True,4.81,32.9,False
7821,2026-06-03,Bengaluru,North Indian,468.6,12.93,False,3.89,24.7,False
7822,2026-06-03,Nagpur,Italian,604.01,16.73,False,4.28,35.1,False
7823,2026-06-03,Bhopal,Italian,520.95,14.19,True,,34.6,False
7824,2026-06-03,Ahmedabad,Desserts & Bakery,252.18,16.59,True,3.9,25.3,False
7825,2026-06-03,Ahmedabad,South Indian,354.91,13.41,False,4.02,31.4,False
7826,2026-06-03,Delhi,North Indian,640.63,12.76,True,3.98,31.0,False
7827,2026-06-03,Pune,North Indian,382.46,17.51,True,4.31,40.2,False
7828,2026-06-03,Ahmedabad,South Indian,230.22,13.48,True,,29.5,False
7829,2026-06-03,Hyderabad,Italian,599.51,13.81,True,3.82,26.4,False
7830,2026-06-03,Hyderabad,Chinese,251.54,15.9,True,4.18,30.4,False
7831,2026-06-03,Surat,South Indian,325.09,12.91,True,3.76,29.9,False
7832,2026-06-03,Nagpur,South Indian,282.31,13.22,True,3.62,36.3,False
7833,2026-06-03,Surat,North Indian,437.03,16.71,False,3.65,32.9,False
7834,2026-06-03,Surat,Chinese,447.39,16.93,True,3.81,42.7,False
7835,2026-06-03,Chandigarh,North Indian,365.37,18.09,True,4.11,20.8,False
7836,2026-06-03,Delhi,North Indian,397.44,15.16,True,3.86,30.5,False
7837,2026-06-03,Mumbai,North Indian,413.2,14.14,True,3.39,33.9,False
7838,2026-06-03,Ranchi,Chinese,209.69,14.26,False,,24.1,False
7839,2026-06-03,Surat,South Indian,226.42,10.99,True,3.92,25.3,False
7840,2026-06-03,Ranchi,South Indian,273.6,14.94,True,4.14,26.4,False
7841,2026-06-03,Pune,Chinese,292.68,16.49,True,3.88,24.7,False
7842,2026-06-03,Delhi,Italian,764.97,8.86,False,3.81,31.2,False
7843,2026-06-03,Chennai,North Indian,408.86,13.23,False,4.16,26.9,False
7844,2026-06-03,Bengaluru,North Indian,507.56,13.46,False,4.04,22.4,False
7845,2026-06-03,Hyderabad,Italian,755.5,20.15,True,3.9,28.5,False
7846,2026-06-03,Surat,Chinese,531.1,12.64,False,4.34,32.6,False
7847,2026-06-03,Hyderabad,South Indian,298.35,16.16,False,3.98,43.3,False
7848,2026-06-03,Bhopal,North Indian,344.83,14.65,False,4.61,38.0,False
7849,2026-06-03,Bengaluru,Chinese,350.39,12.69,True,4.47,31.6,False
7850,2026-06-03,Pune,Desserts & Bakery,177.74,15.14,False,3.73,34.9,False
7851,2026-06-03,Kochi,Italian,714.96,14.55,False,4.3,25.5,False
7852,2026-06-03,Bengaluru,North Indian,346.15,13.16,True,4.18,40.8,False
7853,2026-06-03,Surat,Chinese,329.87,18.06,False,4.23,41.9,False
7854,2026-06-03,Chennai,Chinese,405.27,12.49,False,,37.9,False
7855,2026-06-03,Hyderabad,Italian,565.85,14.11,True,4.06,25.6,False
7856,2026-06-03,Mumbai,Italian,348.9,12.64,True,4.06,41.7,False
7857,2026-06-03,Surat,Italian,486.96,11.83,False,3.62,34.3,False
7858,2026-06-03,Bhopal,Desserts & Bakery,174.9,15.03,True,3.99,37.7,False
7859,2026-06-03,Ranchi,North Indian,481.39,14.91,True,3.78,32.2,False
7860,2026-06-03,Ranchi,Italian,476.74,15.24,True,4.12,32.1,False
7861,2026-06-03,Ranchi,North Indian,525.66,13.38,True,,26.5,False
7862,2026-06-03,Bengaluru,Italian,667.16,14.4,True,4.49,45.4,False
7863,2026-06-03,Chandigarh,North Indian,426.8,15.06,True,4.45,29.7,False
7864,2026-06-03,Surat,Chinese,352.91,13.43,True,3.71,27.5,False
7865,2026-06-03,Chandigarh,North Indian,652.89,13.53,False,4.29,36.5,False
7866,2026-06-03,Chandigarh,North Indian,402.95,13.76,True,3.93,35.9,False
7867,2026-06-03,Chandigarh,North Indian,409.29,16.27,True,4.09,15.9,False
7868,2026-06-03,Bengaluru,South Indian,299.37,18.13,False,4.16,34.3,False
7869,2026-06-03,Mumbai,North Indian,401.66,15.29,False,4.13,29.9,False
7870,2026-06-03,Ahmedabad,North Indian,546.62,15.28,False,3.97,45.1,False
7871,2026-06-03,Hyderabad,Chinese,336.35,17.26,False,4.17,33.2,False
7872,2026-06-03,Pune,North Indian,349.91,15.66,True,3.65,35.2,False
7873,2026-06-03,Delhi,Chinese,449.04,13.35,True,,42.7,False
7874,2026-06-03,Ahmedabad,North Indian,375.62,12.24,True,4.18,36.9,False
7875,2026-06-03,Bengaluru,Chinese,361.22,13.52,False,3.94,23.5,False
7876,2026-06-04,Chandigarh,Italian,492.31,13.49,False,3.89,24.1,False
7877,2026-06-04,Hyderabad,Chinese,242.84,15.68,True,4.63,33.4,False
7878,2026-06-04,Bengaluru,Italian,445.54,16.06,True,4.21,40.0,False
7879,2026-06-04,Chennai,Italian,352.73,15.92,True,4.49,41.3,False
7880,2026-06-04,Ranchi,Italian,560.1,14.63,False,4.47,32.7,False
7881,2026-06-04,Pune,North Indian,400.12,9.03,True,3.7,38.1,False
7882,2026-06-04,Guwahati,South Indian,255.45,14.2,False,3.73,25.6,False
7883,2026-06-04,Kochi,South Indian,203.48,16.09,True,,28.7,False
7884,2026-06-04,Hyderabad,South Indian,322.78,15.48,False,4.2,38.8,False
7885,2026-06-04,Ahmedabad,North Indian,371.61,13.28,False,3.26,34.3,False
7886,2026-06-04,Pune,North Indian,555.38,12.78,False,3.94,33.4,False
7887,2026-06-04,Mumbai,South Indian,263.08,11.33,False,3.88,44.0,False
7888,2026-06-04,Guwahati,North Indian,507.56,13.47,False,4.28,35.4,False
7889,2026-06-04,Nagpur,Chinese,360.24,14.74,True,3.97,30.5,False
7890,2026-06-04,Hyderabad,North Indian,612.03,16.69,False,4.62,31.2,False
7891,2026-06-04,Guwahati,Chinese,495.38,14.18,True,3.92,28.2,False
7892,2026-06-04,Pune,North Indian,327.2,15.54,False,4.13,36.9,False
7893,2026-06-04,Hyderabad,Desserts & Bakery,279.94,16.32,False,3.46,40.5,False
7894,2026-06-04,Bengaluru,North Indian,292.82,12.83,False,4.46,39.2,False
7895,2026-06-04,Mumbai,South Indian,236.89,17.45,False,3.92,30.8,False
7896,2026-06-04,Mumbai,Chinese,351.92,12.8,False,3.65,36.5,False
7897,2026-06-04,Ahmedabad,North Indian,391.75,9.01,False,3.9,35.3,False
7898,2026-06-04,Delhi,Italian,476.18,16.07,False,3.72,34.0,False
7899,2026-06-04,Bengaluru,Chinese,411.45,15.97,False,4.53,37.9,False
7900,2026-06-04,Guwahati,Italian,671.31,15.15,True,4.04,15.6,False
7901,2026-06-04,Chandigarh,North Indian,313.35,9.63,False,3.74,46.0,False
7902,2026-06-04,Bengaluru,Chinese,339.48,17.85,True,4.0,22.9,False
7903,2026-06-04,Chennai,North Indian,301.06,15.43,True,3.82,39.5,False
7904,2026-06-04,Pune,South Indian,359.53,15.37,False,4.07,39.7,False
7905,2026-06-04,Pune,North Indian,555.72,17.34,True,,35.8,False
7906,2026-06-04,Surat,North Indian,466.79,14.01,True,5.0,34.3,False
7907,2026-06-04,Mumbai,North Indian,464.15,13.18,False,3.71,40.1,False
7908,2026-06-04,Ahmedabad,Chinese,284.32,16.73,True,4.41,23.7,False
7909,2026-06-04,Chandigarh,Chinese,294.13,11.36,False,4.61,42.4,False
7910,2026-06-04,Bhopal,Italian,507.36,14.75,True,4.38,25.5,False
7911,2026-06-04,Guwahati,South Indian,229.5,16.53,True,4.2,40.2,False
7912,2026-06-04,Bhopal,Italian,709.43,13.43,True,4.06,31.1,False
7913,2026-06-04,Hyderabad,Italian,602.66,15.06,True,4.11,32.6,False
7914,2026-06-04,Bhopal,Italian,469.58,15.75,False,,38.7,False
7915,2026-06-04,Chennai,South Indian,305.81,15.81,True,,34.3,False
7916,2026-06-04,Guwahati,North Indian,422.04,13.37,True,3.77,20.3,False
7917,2026-06-04,Ahmedabad,North Indian,370.17,16.56,False,4.49,43.7,False
7918,2026-06-04,Ranchi,South Indian,278.32,17.19,False,,34.7,False
7919,2026-06-04,Surat,Chinese,403.77,11.46,False,4.34,12.2,False
7920,2026-06-04,Delhi,South Indian,263.02,14.64,False,4.48,51.7,False
7921,2026-06-04,Kochi,South Indian,228.72,12.86,False,4.51,36.4,False
7922,2026-06-04,Mumbai,South Indian,254.04,11.45,False,3.88,31.0,False
7923,2026-06-04,Mumbai,North Indian,455.55,13.32,True,4.49,28.6,False
7924,2026-06-04,Bengaluru,Chinese,453.04,16.43,True,3.49,37.3,False
7925,2026-06-04,Pune,South Indian,269.27,15.25,False,3.69,12.0,False
7926,2026-06-04,Bhopal,Italian,447.63,8.8,False,4.51,28.9,False
7927,2026-06-04,Guwahati,Chinese,453.83,15.53,True,4.14,16.1,False
7928,2026-06-04,Chennai,Italian,672.37,14.5,False,4.13,28.2,False
7929,2026-06-04,Pune,Desserts & Bakery,225.75,15.03,False,4.11,32.5,False
7930,2026-06-04,Pune,North Indian,178.19,14.97,True,3.79,25.0,False
7931,2026-06-04,Delhi,North Indian,569.7,14.91,True,4.25,33.1,False
7932,2026-06-04,Hyderabad,North Indian,473.97,17.86,False,3.63,37.5,False
7933,2026-06-04,Kochi,Chinese,317.9,15.47,False,4.01,38.6,False
7934,2026-06-04,Mumbai,Chinese,412.18,16.18,False,3.61,21.9,False
7935,2026-06-04,Mumbai,North Indian,445.07,12.75,True,4.04,26.0,False
7936,2026-06-04,Bengaluru,Desserts & Bakery,211.58,14.13,False,4.61,31.4,False
7937,2026-06-04,Ahmedabad,Chinese,512.34,16.1,True,4.05,36.9,False
7938,2026-06-04,Hyderabad,Chinese,295.96,13.63,True,4.18,36.8,False
7939,2026-06-04,Mumbai,Chinese,418.05,10.55,True,3.6,39.8,False
7940,2026-06-04,Bhopal,North Indian,519.17,15.05,False,,42.1,False
7941,2026-06-04,Ranchi,South Indian,214.62,16.39,True,4.1,40.6,False
7942,2026-06-04,Kochi,Italian,347.33,15.96,True,4.38,36.3,False
7943,2026-06-04,Mumbai,Chinese,322.93,16.08,True,4.54,26.8,False
7944,2026-06-04,Chandigarh,South Indian,369.33,14.8,True,4.29,21.9,False
7945,2026-06-04,Pune,Italian,624.09,15.19,True,4.02,33.6,False
7946,2026-06-04,Hyderabad,Chinese,353.87,14.11,True,3.64,46.2,False
7947,2026-06-04,Hyderabad,South Indian,278.54,8.82,True,3.98,33.8,False
7948,2026-06-04,Ranchi,North Indian,568.1,14.1,True,4.42,33.6,False
7949,2026-06-04,Nagpur,Chinese,312.13,15.36,False,4.0,31.7,False
7950,2026-06-04,Ranchi,Chinese,344.52,15.08,True,4.26,37.0,False
7951,2026-06-04,Hyderabad,North Indian,532.14,15.59,True,3.72,30.5,False
7952,2026-06-04,Chennai,Chinese,476.52,11.87,True,4.67,44.1,False
7953,2026-06-04,Kochi,North Indian,523.52,12.94,False,4.54,39.8,False
7954,2026-06-04,Mumbai,North Indian,478.82,14.07,False,3.96,28.7,False
7955,2026-06-04,Guwahati,South Indian,241.6,16.57,False,3.56,32.2,False
7956,2026-06-04,Delhi,South Indian,206.66,15.89,True,,41.1,False
7957,2026-06-04,Pune,South Indian,267.92,15.8,True,4.4,44.0,False
7958,2026-06-04,Pune,North Indian,411.91,8.99,True,,33.6,False
7959,2026-06-04,Hyderabad,South Indian,242.75,17.05,False,4.37,38.9,False
7960,2026-06-04,Delhi,North Indian,529.7,15.03,False,4.23,34.6,False
7961,2026-06-04,Bhopal,Chinese,310.18,13.96,False,3.95,41.9,False
7962,2026-06-04,Surat,North Indian,468.82,16.49,True,5.0,34.0,False
7963,2026-06-04,Ranchi,North Indian,462.03,12.46,True,3.87,29.4,False
7964,2026-06-04,Bhopal,North Indian,361.38,15.92,False,,49.4,False
7965,2026-06-04,Hyderabad,North Indian,235.84,17.8,True,4.35,46.0,False
7966,2026-06-04,Surat,North Indian,311.28,18.12,True,3.67,30.0,False
7967,2026-06-04,Ahmedabad,Chinese,339.84,13.17,False,4.07,38.0,False
7968,2026-06-04,Bhopal,North Indian,393.75,13.76,True,5.0,16.4,False
7969,2026-06-04,Mumbai,South Indian,211.69,13.2,True,3.73,40.1,False
7970,2026-06-04,Guwahati,South Indian,265.33,12.95,True,3.91,39.7,False
7971,2026-06-05,Ranchi,North Indian,439.04,13.8,False,3.97,32.1,False
7972,2026-06-05,Chennai,Italian,569.83,10.34,False,4.78,37.1,False
7973,2026-06-05,Surat,Italian,462.95,14.46,False,,42.6,False
7974,2026-06-05,Delhi,Italian,489.09,16.75,True,4.1,27.9,False
7975,2026-06-05,Chennai,Desserts & Bakery,208.89,12.93,True,4.44,28.5,False
7976,2026-06-05,Bhopal,Desserts & Bakery,217.55,14.88,True,4.19,28.0,False
7977,2026-06-05,Chandigarh,Chinese,191.81,15.96,True,4.23,41.3,False
7978,2026-06-05,Ahmedabad,South Indian,310.47,12.14,True,4.38,29.0,False
7979,2026-06-05,Pune,Chinese,396.4,17.09,True,3.86,20.0,False
7980,2026-06-05,Guwahati,North Indian,502.68,15.84,True,3.62,28.4,False
7981,2026-06-05,Hyderabad,South Indian,188.0,15.29,True,3.98,33.0,False
7982,2026-06-05,Delhi,North Indian,466.44,13.04,False,4.04,30.3,False
7983,2026-06-05,Pune,Chinese,193.68,12.01,True,3.64,48.8,False
7984,2026-06-05,Delhi,North Indian,612.64,11.88,False,4.25,36.5,False
7985,2026-06-05,Hyderabad,Desserts & Bakery,221.08,12.2,True,4.31,22.9,False
7986,2026-06-05,Nagpur,South Indian,197.17,16.37,True,4.02,32.6,False
7987,2026-06-05,Chandigarh,Desserts & Bakery,213.87,15.72,True,3.35,34.9,False
7988,2026-06-05,Mumbai,Italian,564.6,15.97,True,4.24,32.1,False
7989,2026-06-05,Ranchi,Chinese,418.76,14.99,True,4.51,41.9,False
7990,2026-06-05,Nagpur,South Indian,328.56,16.01,True,3.6,29.7,False
7991,2026-06-05,Pune,South Indian,140.85,16.84,True,3.85,38.0,False
7992,2026-06-05,Surat,North Indian,237.56,14.3,False,4.36,48.6,False
7993,2026-06-05,Delhi,North Indian,538.06,17.38,True,4.48,40.5,False
7994,2026-06-05,Pune,Chinese,522.86,15.72,False,,35.8,False
7995,2026-06-05,Kochi,North Indian,466.22,13.35,False,,33.9,False
7996,2026-06-05,Ahmedabad,Chinese,432.58,14.68,False,4.61,28.4,False
7997,2026-06-05,Bengaluru,North Indian,408.37,14.02,True,,32.5,False
7998,2026-06-05,Hyderabad,Chinese,290.68,14.37,False,4.66,29.6,False
7999,2026-06-05,Chennai,North Indian,413.71,14.73,True,3.63,25.0,False
8000,2026-06-05,Nagpur,North Indian,336.52,12.96,True,4.36,31.4,False
8001,2026-06-05,Chennai,South Indian,244.47,14.92,True,5.0,44.2,False
8002,2026-06-05,Bengaluru,South Indian,183.09,10.21,False,,16.5,False
8003,2026-06-05,Delhi,Italian,697.56,14.0,True,3.66,27.4,False
8004,2026-06-05,Bengaluru,North Indian,443.67,14.86,True,4.09,40.0,False
8005,2026-06-05,Nagpur,Italian,387.53,13.29,False,3.88,36.0,False
8006,2026-06-05,Chennai,North Indian,532.68,12.92,True,3.92,35.4,False
8007,2026-06-05,Ranchi,North Indian,407.49,15.43,False,4.47,28.4,False
8008,2026-06-05,Mumbai,Desserts & Bakery,241.7,13.29,True,4.39,25.4,False
8009,2026-06-05,Mumbai,North Indian,490.2,15.26,True,3.83,27.2,False
8010,2026-06-05,Ranchi,South Indian,249.68,14.25,False,4.75,27.6,False
8011,2026-06-05,Bhopal,Desserts & Bakery,231.3,14.06,False,4.29,22.8,False
8012,2026-06-05,Chennai,South Indian,354.99,10.71,False,3.84,36.1,False
8013,2026-06-05,Pune,Italian,517.51,13.28,False,4.37,45.5,False
8014,2026-06-05,Ranchi,South Indian,315.79,15.16,False,4.49,28.7,False
8015,2026-06-05,Ranchi,North Indian,425.6,14.36,False,4.53,28.9,False
8016,2026-06-05,Hyderabad,Chinese,487.44,14.15,True,4.49,32.8,False
8017,2026-06-05,Pune,Desserts & Bakery,268.31,15.58,True,4.4,20.8,False
8018,2026-06-05,Surat,Chinese,450.8,16.75,True,4.5,36.7,False
8019,2026-06-05,Surat,South Indian,245.77,13.76,False,4.57,33.6,False
8020,2026-06-05,Guwahati,Italian,685.0,15.92,False,4.56,33.6,False
8021,2026-06-05,Bhopal,North Indian,369.39,13.2,False,,35.3,False
8022,2026-06-05,Delhi,Desserts & Bakery,117.67,13.62,False,3.67,37.0,False
8023,2026-06-05,Guwahati,Chinese,351.43,17.84,False,4.47,42.5,False
8024,2026-06-05,Chandigarh,South Indian,277.16,15.15,False,4.5,43.7,False
8025,2026-06-05,Delhi,North Indian,301.18,12.65,True,3.79,21.4,False
8026,2026-06-05,Ahmedabad,Chinese,380.35,15.92,True,4.61,29.9,False
8027,2026-06-05,Guwahati,Chinese,383.92,14.76,True,3.55,36.0,False
8028,2026-06-05,Surat,North Indian,444.13,16.46,False,4.05,23.5,False
8029,2026-06-05,Delhi,North Indian,374.3,15.17,True,4.05,35.2,False
8030,2026-06-05,Mumbai,North Indian,455.28,15.61,False,4.39,48.0,False
8031,2026-06-05,Kochi,Chinese,419.9,16.2,False,3.33,32.0,False
8032,2026-06-05,Delhi,South Indian,195.16,11.17,False,4.0,24.1,False
8033,2026-06-05,Bengaluru,North Indian,390.19,12.14,True,3.46,23.3,False
8034,2026-06-05,Chennai,South Indian,283.75,15.75,False,3.4,38.2,False
8035,2026-06-05,Delhi,Chinese,432.24,11.25,False,4.3,33.4,False
8036,2026-06-05,Bengaluru,Chinese,302.97,12.43,False,4.39,25.0,False
8037,2026-06-05,Guwahati,Italian,439.66,11.65,True,4.34,18.8,False
8038,2026-06-05,Hyderabad,Chinese,474.01,14.33,True,3.88,46.8,False
8039,2026-06-05,Bengaluru,North Indian,421.68,13.54,False,4.73,43.0,False
8040,2026-06-05,Kochi,South Indian,229.74,12.57,False,4.19,37.1,False
8041,2026-06-05,Mumbai,South Indian,275.25,14.45,True,4.01,33.6,False
8042,2026-06-05,Delhi,North Indian,382.23,14.83,True,3.66,30.9,False
8043,2026-06-05,Nagpur,Chinese,253.66,11.21,True,3.82,25.8,False
8044,2026-06-05,Chennai,South Indian,254.4,11.54,False,4.1,29.3,False
8045,2026-06-05,Bhopal,North Indian,501.67,14.05,False,4.35,48.2,False
8046,2026-06-05,Chandigarh,Italian,438.67,15.41,True,4.32,47.9,False
8047,2026-06-05,Ahmedabad,North Indian,328.68,16.18,False,4.55,38.5,False
8048,2026-06-05,Bengaluru,South Indian,167.52,15.08,False,3.78,34.9,False
8049,2026-06-05,Delhi,Chinese,267.65,11.31,True,4.21,21.1,False
8050,2026-06-05,Nagpur,North Indian,359.91,14.77,True,4.26,42.6,False
8051,2026-06-05,Nagpur,Chinese,371.67,14.15,True,,36.7,False
8052,2026-06-05,Hyderabad,Chinese,551.79,10.97,True,4.36,42.2,False
8053,2026-06-05,Bhopal,Chinese,341.59,15.18,True,4.08,40.2,False
8054,2026-06-05,Nagpur,South Indian,186.06,16.47,True,3.82,30.6,False
8055,2026-06-05,Delhi,North Indian,301.92,14.76,True,3.65,34.2,False
8056,2026-06-05,Hyderabad,Chinese,340.47,11.36,False,4.22,40.1,False
8057,2026-06-05,Delhi,North Indian,344.39,16.33,False,4.25,44.0,False
8058,2026-06-05,Mumbai,North Indian,346.61,15.77,False,4.28,25.4,False
8059,2026-06-05,Pune,Chinese,285.06,17.32,True,4.02,30.0,False
8060,2026-06-05,Pune,Chinese,299.49,13.51,False,4.18,37.2,False
8061,2026-06-05,Mumbai,North Indian,334.89,13.48,False,3.96,35.5,False
8062,2026-06-05,Mumbai,North Indian,489.21,12.12,True,3.34,38.5,False
8063,2026-06-05,Bengaluru,Chinese,331.85,13.59,True,4.08,30.7,False
8064,2026-06-05,Kochi,North Indian,430.99,11.79,True,4.4,37.6,False
8065,2026-06-05,Bengaluru,South Indian,345.22,15.61,True,4.69,45.5,False
8066,2026-06-05,Mumbai,Desserts & Bakery,171.92,16.59,False,4.09,46.4,False
8067,2026-06-05,Bhopal,Italian,648.31,13.75,False,4.62,43.6,False
8068,2026-06-05,Nagpur,North Indian,550.03,14.73,True,4.55,27.9,False
8069,2026-06-05,Chandigarh,Chinese,502.16,12.68,True,3.97,27.3,False
8070,2026-06-05,Chennai,Italian,405.35,12.29,True,4.21,30.5,False
8071,2026-06-05,Nagpur,Chinese,324.09,12.38,False,3.8,46.7,False
8072,2026-06-05,Bengaluru,North Indian,446.39,13.79,True,4.05,22.7,False
8073,2026-06-05,Ahmedabad,Italian,534.89,14.66,True,4.2,27.5,False
8074,2026-06-05,Ahmedabad,Italian,499.91,16.73,True,3.74,40.2,False
8075,2026-06-05,Hyderabad,North Indian,423.56,15.0,False,,38.9,False
8076,2026-06-05,Chennai,Chinese,419.03,13.59,True,,35.4,False
8077,2026-06-05,Bengaluru,Chinese,359.95,13.42,True,3.89,34.8,False
8078,2026-06-05,Delhi,South Indian,166.33,15.19,True,4.16,25.5,False
8079,2026-06-06,Hyderabad,Chinese,379.74,12.79,True,4.07,29.5,True
8080,2026-06-06,Bengaluru,North Indian,499.28,14.44,True,4.6,33.0,True
8081,2026-06-06,Mumbai,North Indian,375.95,18.64,False,3.81,35.3,True
8082,2026-06-06,Chennai,Chinese,482.67,14.81,True,4.17,49.1,True
8083,2026-06-06,Mumbai,North Indian,359.73,16.99,False,3.91,22.9,True
8084,2026-06-06,Surat,Chinese,405.92,13.15,False,4.24,31.7,True
8085,2026-06-06,Hyderabad,North Indian,394.28,15.4,False,3.93,24.7,True
8086,2026-06-06,Bengaluru,Italian,585.38,15.39,True,4.63,28.6,True
8087,2026-06-06,Kochi,Italian,431.3,13.24,True,3.59,36.5,True
8088,2026-06-06,Ranchi,Chinese,365.52,15.64,False,4.08,41.5,True
8089,2026-06-06,Bhopal,Chinese,252.87,9.93,False,4.21,39.7,True
8090,2026-06-06,Ahmedabad,North Indian,378.45,13.11,True,3.94,30.7,True
8091,2026-06-06,Hyderabad,North Indian,185.22,12.47,False,3.85,20.7,True
8092,2026-06-06,Mumbai,Chinese,250.61,14.06,True,,28.2,True
8093,2026-06-06,Ahmedabad,North Indian,417.09,17.04,True,4.21,36.2,True
8094,2026-06-06,Delhi,South Indian,264.19,14.58,False,4.65,43.5,True
8095,2026-06-06,Pune,Chinese,365.58,16.7,True,3.97,44.5,True
8096,2026-06-06,Bhopal,North Indian,345.95,13.93,True,4.42,23.4,True
8097,2026-06-06,Ranchi,South Indian,189.82,15.17,True,4.37,62.2,True
8098,2026-06-06,Ranchi,North Indian,310.73,15.24,True,4.25,46.0,True
8099,2026-06-06,Chennai,South Indian,280.07,15.47,True,4.17,36.3,True
8100,2026-06-06,Nagpur,North Indian,363.36,11.94,False,4.15,26.0,True
8101,2026-06-06,Kochi,Italian,463.14,14.08,False,4.45,26.2,True
8102,2026-06-06,Nagpur,Italian,402.81,13.04,True,4.79,36.6,True
8103,2026-06-06,Delhi,Chinese,409.13,13.99,False,3.9,38.7,True
8104,2026-06-06,Surat,South Indian,246.56,13.06,False,4.81,41.5,True
8105,2026-06-06,Mumbai,Desserts & Bakery,167.95,15.37,False,,32.3,True
8106,2026-06-06,Pune,Desserts & Bakery,221.3,14.44,True,3.89,25.4,True
8107,2026-06-06,Bhopal,Chinese,338.91,18.23,True,4.07,28.9,True
8108,2026-06-06,Ahmedabad,North Indian,261.61,16.0,False,4.45,28.4,True
8109,2026-06-06,Surat,North Indian,363.15,14.19,False,4.1,37.2,True
8110,2026-06-06,Mumbai,Chinese,203.2,15.26,False,,36.2,True
8111,2026-06-06,Guwahati,Italian,540.51,12.98,True,,34.1,True
8112,2026-06-06,Pune,North Indian,402.97,14.79,False,3.83,49.4,True
8113,2026-06-06,Ranchi,South Indian,203.25,13.0,False,4.28,36.8,True
8114,2026-06-06,Bhopal,North Indian,518.97,15.08,True,,36.5,True
8115,2026-06-06,Hyderabad,North Indian,472.22,10.95,True,,27.3,True
8116,2026-06-06,Surat,Desserts & Bakery,201.84,10.27,False,4.34,37.3,True
8117,2026-06-06,Kochi,North Indian,352.09,14.08,True,4.2,37.8,True
8118,2026-06-06,Bengaluru,South Indian,265.35,14.29,True,4.42,33.6,True
8119,2026-06-06,Mumbai,Desserts & Bakery,185.17,11.25,False,4.78,33.3,True
8120,2026-06-06,Chandigarh,North Indian,398.06,14.51,False,4.34,30.2,True
8121,2026-06-06,Bhopal,North Indian,246.43,12.02,False,4.11,30.1,True
8122,2026-06-06,Ranchi,Chinese,343.96,14.95,False,4.07,27.6,True
8123,2026-06-06,Chennai,North Indian,303.37,15.28,False,3.89,46.3,True
8124,2026-06-06,Hyderabad,South Indian,291.6,17.32,True,4.08,42.0,True
8125,2026-06-06,Guwahati,Italian,561.41,13.0,False,3.83,32.6,True
8126,2026-06-06,Ahmedabad,Chinese,531.89,10.91,False,3.59,33.1,True
8127,2026-06-06,Kochi,Chinese,231.04,12.74,False,4.08,33.0,True
8128,2026-06-06,Bengaluru,Italian,685.08,15.71,False,4.56,23.2,True
8129,2026-06-06,Hyderabad,South Indian,283.81,15.33,True,3.94,30.5,True
8130,2026-06-06,Hyderabad,Italian,575.84,14.07,False,4.05,27.4,True
8131,2026-06-06,Bengaluru,North Indian,437.59,13.8,True,3.33,35.1,True
8132,2026-06-06,Guwahati,South Indian,263.64,14.79,True,3.8,33.7,True
8133,2026-06-06,Delhi,North Indian,417.07,12.67,True,4.01,32.1,True
8134,2026-06-06,Hyderabad,Chinese,372.27,14.11,False,4.1,26.5,True
8135,2026-06-06,Mumbai,Italian,475.05,11.3,True,4.0,32.2,True
8136,2026-06-06,Nagpur,Chinese,469.97,16.97,True,,35.7,True
8137,2026-06-06,Bengaluru,Chinese,275.33,15.2,True,4.1,35.6,True
8138,2026-06-06,Delhi,North Indian,492.1,17.93,True,4.19,32.9,True
8139,2026-06-06,Chennai,South Indian,241.39,19.12,False,3.78,27.8,True
8140,2026-06-06,Kochi,South Indian,165.92,11.83,False,4.2,34.9,True
8141,2026-06-06,Mumbai,Italian,683.9,15.64,True,3.93,40.2,True
8142,2026-06-06,Chennai,North Indian,436.71,13.81,False,4.07,39.2,True
8143,2026-06-06,Bengaluru,North Indian,443.11,15.72,False,3.68,40.9,True
8144,2026-06-06,Surat,Italian,555.6,17.05,False,4.34,34.5,True
8145,2026-06-06,Ranchi,South Indian,270.95,13.13,True,4.65,52.5,True
8146,2026-06-06,Delhi,North Indian,457.75,12.79,True,,36.2,True
8147,2026-06-06,Mumbai,South Indian,254.15,14.01,True,4.25,49.9,True
8148,2026-06-06,Hyderabad,Chinese,332.93,11.14,True,4.15,32.0,True
8149,2026-06-06,Surat,North Indian,331.8,14.23,False,4.22,43.1,True
8150,2026-06-06,Hyderabad,Chinese,350.85,16.39,True,4.27,34.0,True
8151,2026-06-06,Nagpur,South Indian,350.04,10.88,True,,35.6,True
8152,2026-06-06,Pune,Chinese,276.31,14.32,True,4.38,20.2,True
8153,2026-06-06,Bhopal,South Indian,199.64,14.89,True,3.92,24.8,True
8154,2026-06-06,Bengaluru,North Indian,707.57,17.3,True,4.47,30.5,True
8155,2026-06-06,Delhi,South Indian,174.34,17.04,True,4.04,27.4,True
8156,2026-06-06,Bhopal,North Indian,525.19,14.7,False,3.62,27.8,True
8157,2026-06-06,Chennai,South Indian,270.79,14.04,False,4.3,39.6,True
8158,2026-06-06,Nagpur,Desserts & Bakery,180.65,16.89,False,4.39,31.0,True
8159,2026-06-06,Guwahati,North Indian,548.47,16.63,True,4.21,30.9,True
8160,2026-06-06,Mumbai,North Indian,406.11,11.07,True,4.47,28.5,True
8161,2026-06-06,Mumbai,Chinese,270.69,17.15,False,3.96,40.0,True
8162,2026-06-06,Chennai,South Indian,255.18,17.05,True,4.11,44.0,True
8163,2026-06-06,Hyderabad,Chinese,402.61,17.32,True,3.46,38.9,True
8164,2026-06-06,Delhi,North Indian,367.64,12.01,False,4.19,25.2,True
8165,2026-06-06,Mumbai,Chinese,282.26,14.98,False,3.79,36.8,True
8166,2026-06-06,Guwahati,Chinese,327.38,16.91,True,4.47,48.8,True
8167,2026-06-06,Ahmedabad,North Indian,259.91,13.36,True,,26.0,True
8168,2026-06-06,Kochi,North Indian,497.46,13.6,True,3.88,40.7,True
8169,2026-06-06,Pune,Chinese,199.07,13.61,False,4.8,27.5,True
8170,2026-06-06,Bengaluru,Chinese,439.67,14.95,True,3.81,27.7,True
8171,2026-06-06,Bengaluru,North Indian,333.04,18.02,False,4.11,35.8,True
8172,2026-06-06,Surat,Chinese,367.03,12.68,False,3.88,25.3,True
8173,2026-06-06,Kochi,South Indian,186.01,16.37,False,4.32,31.7,True
8174,2026-06-06,Guwahati,South Indian,210.26,13.15,False,3.96,32.2,True
8175,2026-06-06,Pune,North Indian,411.54,10.79,True,4.42,24.8,True
8176,2026-06-06,Bengaluru,Italian,519.23,11.45,True,4.28,31.9,True
8177,2026-06-06,Delhi,North Indian,511.18,12.31,True,,28.8,True
8178,2026-06-06,Chennai,Chinese,354.55,13.66,True,3.7,28.3,True
8179,2026-06-06,Hyderabad,North Indian,430.16,14.9,False,4.02,30.1,True
8180,2026-06-06,Mumbai,North Indian,174.33,17.69,True,3.37,33.0,True
8181,2026-06-06,Pune,Chinese,337.07,14.89,True,4.19,21.5,True
8182,2026-06-06,Bengaluru,Chinese,477.68,13.97,True,3.95,21.9,True
8183,2026-06-06,Bhopal,South Indian,321.96,15.94,True,4.18,34.6,True
8184,2026-06-06,Ranchi,North Indian,462.6,13.23,True,,45.5,True
8185,2026-06-06,Surat,Desserts & Bakery,251.08,15.3,True,4.41,29.9,True
8186,2026-06-06,Bengaluru,Chinese,327.61,15.91,False,4.68,34.7,True
8187,2026-06-06,Kochi,Italian,488.83,12.59,True,3.91,36.1,True
8188,2026-06-06,Chennai,South Indian,160.4,14.46,True,4.81,46.4,True
8189,2026-06-06,Mumbai,North Indian,378.68,14.91,True,4.16,26.5,True
8190,2026-06-06,Pune,Chinese,322.01,16.56,False,4.19,38.8,True
8191,2026-06-06,Ahmedabad,Desserts & Bakery,194.24,14.72,True,4.55,36.3,True
8192,2026-06-06,Delhi,Chinese,341.11,12.33,True,4.75,30.0,True
8193,2026-06-06,Chandigarh,Italian,570.04,15.82,True,4.14,20.2,True
8194,2026-06-06,Guwahati,South Indian,211.53,15.84,False,,26.2,True
8195,2026-06-06,Bhopal,Chinese,419.67,15.24,False,4.08,19.4,True
8196,2026-06-06,Bhopal,Italian,324.15,15.24,True,4.29,40.4,True
8197,2026-06-06,Ahmedabad,Italian,620.99,13.37,True,4.53,32.8,True
8198,2026-06-06,Pune,Chinese,395.18,16.72,False,4.81,33.9,True
8199,2026-06-06,Pune,Chinese,281.65,12.65,False,3.99,19.5,True
8200,2026-06-06,Chennai,South Indian,285.9,15.83,False,,26.1,True
8201,2026-06-06,Bengaluru,Italian,535.28,16.17,True,3.88,30.5,True
8202,2026-06-06,Nagpur,North Indian,502.69,16.71,False,3.3,26.8,True
8203,2026-06-06,Pune,South Indian,233.51,14.36,False,4.57,25.5,True
8204,2026-06-06,Bengaluru,South Indian,296.21,12.45,True,4.29,34.2,True
8205,2026-06-06,Ahmedabad,Desserts & Bakery,236.33,18.32,True,3.96,35.0,True
8206,2026-06-06,Surat,Desserts & Bakery,244.23,13.23,True,4.24,40.1,True
8207,2026-06-06,Ranchi,Chinese,277.47,15.68,True,3.92,29.6,True
8208,2026-06-06,Delhi,North Indian,488.55,14.28,True,4.44,45.5,True
8209,2026-06-06,Ahmedabad,South Indian,289.3,12.6,False,3.49,19.9,True
8210,2026-06-06,Mumbai,North Indian,385.21,15.36,True,3.91,23.0,True
8211,2026-06-06,Chennai,North Indian,463.82,16.61,False,4.07,32.9,True
8212,2026-06-06,Chandigarh,Italian,475.89,15.24,True,4.83,33.1,True
8213,2026-06-06,Ahmedabad,South Indian,267.11,12.52,False,4.46,33.4,True
8214,2026-06-06,Hyderabad,Desserts & Bakery,188.76,12.93,False,4.47,35.2,True
8215,2026-06-06,Chennai,North Indian,401.43,15.36,False,3.68,33.7,True
8216,2026-06-06,Chennai,South Indian,231.23,15.16,True,3.58,37.7,True
8217,2026-06-06,Nagpur,South Indian,263.35,13.88,False,,27.2,True
8218,2026-06-06,Nagpur,South Indian,230.27,12.11,False,3.89,30.1,True
8219,2026-06-06,Bengaluru,North Indian,452.44,14.95,False,4.29,34.4,True
8220,2026-06-06,Nagpur,North Indian,524.77,17.87,False,4.09,36.0,True
8221,2026-06-06,Chandigarh,Chinese,262.84,15.93,False,3.69,34.7,True
8222,2026-06-06,Chandigarh,South Indian,345.66,13.13,True,3.59,27.9,True
8223,2026-06-06,Pune,Chinese,325.97,17.01,True,4.46,39.0,True
8224,2026-06-07,Delhi,Italian,442.07,18.35,True,4.22,38.7,True
8225,2026-06-07,Kochi,Chinese,487.5,17.0,True,4.24,35.7,True
8226,2026-06-07,Bhopal,Chinese,189.58,14.32,False,3.83,32.0,True
8227,2026-06-07,Hyderabad,North Indian,489.58,12.13,True,3.78,35.1,True
8228,2026-06-07,Bengaluru,Italian,515.84,13.95,False,4.43,29.7,True
8229,2026-06-07,Ahmedabad,Chinese,308.62,12.78,False,4.58,26.4,True
8230,2026-06-07,Ranchi,Desserts & Bakery,300.14,13.03,True,,32.5,True
8231,2026-06-07,Mumbai,Italian,605.28,16.81,False,3.58,30.3,True
8232,2026-06-07,Bengaluru,South Indian,289.55,15.95,True,4.04,30.6,True
8233,2026-06-07,Mumbai,North Indian,552.96,14.64,True,4.77,42.2,True
8234,2026-06-07,Guwahati,North Indian,185.09,14.29,True,4.68,24.0,True
8235,2026-06-07,Nagpur,South Indian,258.51,16.24,False,4.29,32.0,True
8236,2026-06-07,Nagpur,Chinese,509.23,12.42,True,4.26,34.3,True
8237,2026-06-07,Chennai,Desserts & Bakery,162.56,12.96,True,4.12,36.8,True
8238,2026-06-07,Chandigarh,Chinese,442.37,11.53,True,4.51,42.9,True
8239,2026-06-07,Guwahati,North Indian,447.82,13.25,False,4.46,34.3,True
8240,2026-06-07,Bengaluru,Chinese,410.85,11.66,True,4.13,29.7,True
8241,2026-06-07,Pune,North Indian,572.12,14.85,True,4.02,37.3,True
8242,2026-06-07,Hyderabad,North Indian,374.8,18.62,False,4.07,26.0,True
8243,2026-06-07,Ahmedabad,Italian,643.9,13.98,False,4.12,24.8,True
8244,2026-06-07,Chandigarh,Italian,533.19,16.61,True,3.83,28.5,True
8245,2026-06-07,Kochi,South Indian,295.06,13.94,False,4.43,16.2,True
8246,2026-06-07,Pune,Italian,409.38,15.68,False,3.92,25.7,True
8247,2026-06-07,Nagpur,North Indian,526.88,13.4,False,3.67,34.0,True
8248,2026-06-07,Ahmedabad,Chinese,427.38,17.24,False,4.3,32.8,True
8249,2026-06-07,Bhopal,Italian,597.71,11.01,False,,32.9,True
8250,2026-06-07,Mumbai,Italian,504.59,13.42,True,4.38,16.3,True
8251,2026-06-07,Mumbai,Desserts & Bakery,202.44,14.05,False,4.36,23.6,True
8252,2026-06-07,Pune,Italian,564.99,10.34,False,3.9,30.3,True
8253,2026-06-07,Kochi,Chinese,281.33,15.09,True,,30.9,True
8254,2026-06-07,Delhi,Chinese,204.03,13.87,False,4.29,41.7,True
8255,2026-06-07,Surat,North Indian,524.57,18.2,True,4.2,24.3,True
8256,2026-06-07,Surat,North Indian,456.9,13.21,True,,44.8,True
8257,2026-06-07,Bhopal,North Indian,369.02,12.81,False,3.97,37.3,True
8258,2026-06-07,Kochi,Chinese,92.28,14.02,False,,31.6,True
8259,2026-06-07,Guwahati,South Indian,244.49,15.45,True,3.67,38.4,True
8260,2026-06-07,Hyderabad,North Indian,509.64,10.99,False,4.17,35.9,True
8261,2026-06-07,Chennai,North Indian,431.94,12.67,True,3.95,26.4,True
8262,2026-06-07,Mumbai,South Indian,173.66,17.21,True,3.7,35.0,True
8263,2026-06-07,Bhopal,South Indian,267.25,12.99,True,4.28,38.6,True
8264,2026-06-07,Nagpur,Desserts & Bakery,191.67,13.58,True,,27.0,True
8265,2026-06-07,Bengaluru,South Indian,158.8,15.03,False,3.77,36.6,True
8266,2026-06-07,Surat,Italian,640.83,14.8,True,3.71,44.7,True
8267,2026-06-07,Delhi,South Indian,255.98,13.23,True,4.47,33.9,True
8268,2026-06-07,Delhi,South Indian,350.02,14.58,True,4.59,43.7,True
8269,2026-06-07,Delhi,South Indian,237.55,13.45,False,4.48,29.3,True
8270,2026-06-07,Guwahati,Italian,520.06,14.2,True,4.55,34.9,True
8271,2026-06-07,Mumbai,Chinese,459.59,16.78,False,4.08,21.8,True
8272,2026-06-07,Pune,Italian,793.08,13.51,True,4.28,43.6,True
8273,2026-06-07,Delhi,Chinese,455.3,17.78,False,4.63,39.1,True
8274,2026-06-07,Kochi,South Indian,307.08,11.46,False,3.88,30.4,True
8275,2026-06-07,Chandigarh,Chinese,293.44,11.09,True,3.97,20.0,True
8276,2026-06-07,Chandigarh,Chinese,410.56,15.65,True,3.58,28.0,True
8277,2026-06-07,Bhopal,South Indian,223.22,14.71,True,3.65,43.8,True
8278,2026-06-07,Bengaluru,Chinese,453.84,15.21,True,3.92,27.1,True
8279,2026-06-07,Hyderabad,North Indian,434.92,12.81,False,3.99,29.1,True
8280,2026-06-07,Pune,South Indian,305.8,12.64,True,4.63,39.9,True
8281,2026-06-07,Chennai,Chinese,259.0,12.85,False,4.23,34.6,True
8282,2026-06-07,Guwahati,Italian,391.42,13.22,False,3.78,30.1,True
8283,2026-06-07,Hyderabad,Italian,522.62,14.81,False,3.76,30.6,True
8284,2026-06-07,Surat,South Indian,386.05,12.9,False,4.45,38.0,True
8285,2026-06-07,Bengaluru,South Indian,317.94,12.4,False,3.87,22.0,True
8286,2026-06-07,Delhi,South Indian,282.68,15.03,False,3.14,31.8,True
8287,2026-06-07,Nagpur,Desserts & Bakery,230.57,15.17,False,4.41,28.2,True
8288,2026-06-07,Hyderabad,Desserts & Bakery,173.16,14.98,True,3.76,36.4,True
8289,2026-06-07,Surat,North Indian,361.9,14.77,True,4.58,26.4,True
8290,2026-06-07,Bengaluru,South Indian,142.45,13.9,False,4.11,35.8,True
8291,2026-06-07,Ranchi,Desserts & Bakery,252.62,14.25,True,4.42,33.5,True
8292,2026-06-07,Guwahati,Chinese,366.56,15.82,True,4.62,21.3,True
8293,2026-06-07,Pune,South Indian,254.52,11.74,False,4.44,40.6,True
8294,2026-06-07,Surat,South Indian,290.58,15.4,False,4.44,14.4,True
8295,2026-06-07,Bhopal,North Indian,627.55,14.89,True,3.91,22.7,True
8296,2026-06-07,Bengaluru,Chinese,235.16,14.54,True,,31.6,True
8297,2026-06-07,Ahmedabad,North Indian,294.75,14.25,False,3.59,35.1,True
8298,2026-06-07,Ahmedabad,Italian,298.11,15.23,True,4.49,27.8,True
8299,2026-06-07,Bengaluru,Italian,433.21,13.74,False,3.41,38.1,True
8300,2026-06-07,Ahmedabad,Italian,621.03,15.85,False,4.14,38.2,True
8301,2026-06-07,Mumbai,Chinese,263.97,13.04,False,4.21,40.6,True
8302,2026-06-07,Delhi,Desserts & Bakery,200.84,15.83,True,4.35,30.5,True
8303,2026-06-07,Delhi,South Indian,310.37,18.3,True,4.02,31.8,True
8304,2026-06-07,Chennai,North Indian,502.2,13.71,False,4.17,31.4,True
8305,2026-06-07,Surat,South Indian,155.85,16.1,True,4.41,36.4,True
8306,2026-06-07,Hyderabad,Desserts & Bakery,218.9,16.21,False,4.14,38.7,True
8307,2026-06-07,Surat,South Indian,322.26,17.67,False,4.08,47.6,True
8308,2026-06-07,Delhi,Chinese,366.37,13.72,False,4.32,17.1,True
8309,2026-06-07,Mumbai,Desserts & Bakery,202.43,14.4,True,3.59,38.8,True
8310,2026-06-07,Delhi,North Indian,561.05,13.64,True,4.0,44.7,True
8311,2026-06-07,Bengaluru,North Indian,445.9,17.37,True,4.29,31.1,True
8312,2026-06-07,Chandigarh,North Indian,353.52,11.27,False,4.33,36.0,True
8313,2026-06-07,Chennai,Chinese,397.44,16.18,True,3.78,25.8,True
8314,2026-06-07,Kochi,North Indian,564.96,15.27,False,3.42,31.6,True
8315,2026-06-07,Delhi,Chinese,301.44,13.08,False,4.41,30.6,True
8316,2026-06-07,Bhopal,Chinese,206.9,13.23,False,4.35,41.0,True
8317,2026-06-07,Nagpur,North Indian,629.34,14.09,True,4.21,51.6,True
8318,2026-06-07,Chennai,Chinese,367.95,12.74,False,4.33,37.0,True
8319,2026-06-07,Ranchi,North Indian,383.41,14.29,True,4.66,35.4,True
8320,2026-06-07,Chennai,North Indian,463.13,16.91,True,3.65,39.1,True
8321,2026-06-07,Chennai,North Indian,387.59,13.22,True,4.37,46.7,True
8322,2026-06-07,Pune,North Indian,259.28,17.7,False,,22.9,True
8323,2026-06-07,Bengaluru,Chinese,418.88,16.38,False,,42.5,True
8324,2026-06-07,Guwahati,North Indian,607.64,12.54,False,4.48,31.4,True
8325,2026-06-07,Chennai,Chinese,551.23,13.78,True,3.78,28.5,True
8326,2026-06-07,Chennai,Chinese,397.79,13.75,True,4.55,23.0,True
8327,2026-06-07,Delhi,North Indian,361.95,11.47,False,4.38,31.1,True
8328,2026-06-07,Kochi,South Indian,257.96,12.14,True,4.22,26.7,True
8329,2026-06-07,Delhi,Italian,535.1,12.3,True,5.0,22.0,True
8330,2026-06-07,Chandigarh,South Indian,252.69,18.09,False,3.7,38.8,True
8331,2026-06-07,Bhopal,North Indian,390.31,18.21,True,4.25,33.8,True
8332,2026-06-07,Hyderabad,Italian,631.52,14.97,False,4.15,33.0,True
8333,2026-06-07,Mumbai,South Indian,433.14,12.26,False,4.56,45.7,True
8334,2026-06-07,Chandigarh,North Indian,330.66,14.57,False,4.02,36.4,True
8335,2026-06-07,Pune,South Indian,349.32,11.95,True,4.42,40.3,True
8336,2026-06-07,Delhi,North Indian,386.92,17.39,True,4.45,38.3,True
8337,2026-06-07,Pune,North Indian,587.79,18.44,False,3.95,35.0,True
8338,2026-06-07,Surat,North Indian,473.94,14.43,True,4.13,40.8,True
8339,2026-06-07,Bhopal,North Indian,413.43,14.53,True,4.44,36.9,True
8340,2026-06-07,Mumbai,North Indian,309.93,14.67,True,,30.5,True
8341,2026-06-07,Pune,North Indian,512.28,15.79,True,4.11,36.0,True
8342,2026-06-07,Guwahati,North Indian,484.04,13.15,True,,33.6,True
8343,2026-06-07,Delhi,North Indian,375.97,12.19,True,4.18,37.9,True
8344,2026-06-07,Chennai,South Indian,207.77,15.12,False,4.4,25.5,True
8345,2026-06-07,Guwahati,North Indian,388.8,15.85,False,4.27,32.7,True
8346,2026-06-07,Ahmedabad,North Indian,319.56,13.8,True,4.37,32.8,True
8347,2026-06-07,Hyderabad,Chinese,411.05,13.72,True,4.51,39.7,True
8348,2026-06-07,Bengaluru,North Indian,371.53,11.37,True,3.43,33.5,True
8349,2026-06-07,Chandigarh,North Indian,466.08,13.59,False,4.39,35.6,True
8350,2026-06-07,Surat,North Indian,383.49,15.48,False,3.86,37.0,True
8351,2026-06-07,Ranchi,Chinese,366.99,12.06,True,4.02,12.0,True
8352,2026-06-07,Kochi,North Indian,352.68,15.46,True,3.55,34.1,True
8353,2026-06-07,Kochi,Chinese,382.41,13.71,True,4.46,25.8,True
8354,2026-06-07,Kochi,North Indian,603.2,11.78,True,4.92,36.2,True
8355,2026-06-07,Guwahati,North Indian,390.79,14.49,False,3.75,32.3,True
8356,2026-06-07,Chennai,Chinese,293.09,13.74,False,4.5,32.1,True
8357,2026-06-07,Delhi,Italian,470.09,12.97,False,3.83,38.1,True
8358,2026-06-07,Delhi,South Indian,329.55,13.44,True,4.29,42.6,True
8359,2026-06-07,Chennai,Desserts & Bakery,245.8,14.81,True,4.1,40.1,True
8360,2026-06-07,Surat,Italian,448.3,9.03,True,4.42,27.6,True
8361,2026-06-07,Delhi,North Indian,436.63,15.25,True,3.94,46.0,True
8362,2026-06-07,Nagpur,North Indian,534.97,14.03,True,3.78,32.8,True
8363,2026-06-07,Hyderabad,North Indian,515.53,13.05,False,4.27,32.2,True
8364,2026-06-07,Ahmedabad,Italian,444.4,12.81,True,4.33,29.6,True
8365,2026-06-07,Chennai,Chinese,359.31,17.5,False,,36.5,True
8366,2026-06-07,Chennai,North Indian,487.23,15.18,False,3.64,33.3,True
8367,2026-06-07,Ranchi,North Indian,599.97,15.25,True,4.18,34.8,True
8368,2026-06-07,Delhi,Desserts & Bakery,262.31,16.23,False,3.75,25.2,True
8369,2026-06-07,Pune,North Indian,372.41,11.89,False,3.6,35.3,True
8370,2026-06-07,Pune,Desserts & Bakery,177.45,14.05,True,3.56,35.8,True
8371,2026-06-07,Chennai,North Indian,460.86,12.73,False,4.69,41.3,True
8372,2026-06-07,Ranchi,North Indian,468.99,14.14,False,3.82,20.9,True
8373,2026-06-07,Mumbai,North Indian,473.78,14.99,True,,35.6,True
8374,2026-06-07,Hyderabad,South Indian,253.44,15.04,True,3.91,33.9,True
8375,2026-06-07,Surat,North Indian,472.6,13.74,True,4.29,30.5,True
8376,2026-06-07,Kochi,Chinese,250.36,13.68,True,4.33,35.7,True
8377,2026-06-07,Mumbai,North Indian,530.9,13.91,True,3.73,22.3,True
8378,2026-06-07,Mumbai,North Indian,512.24,12.9,False,4.0,17.9,True
8379,2026-06-08,Bengaluru,North Indian,235.49,17.11,True,3.72,25.3,False
8380,2026-06-08,Nagpur,South Indian,219.84,17.67,True,3.92,33.2,False
8381,2026-06-08,Kochi,South Indian,275.02,9.92,True,3.97,36.8,False
8382,2026-06-08,Surat,Desserts & Bakery,183.99,16.71,False,3.95,41.4,False
8383,2026-06-08,Chennai,Italian,481.31,14.86,False,4.42,33.6,False
8384,2026-06-08,Kochi,Chinese,352.88,14.4,True,4.05,32.0,False
8385,2026-06-08,Guwahati,South Indian,299.62,12.73,True,4.38,41.3,False
8386,2026-06-08,Bengaluru,South Indian,181.4,14.1,False,4.14,32.6,False
8387,2026-06-08,Pune,Chinese,328.34,13.2,False,,39.1,False
8388,2026-06-08,Mumbai,Chinese,399.54,14.24,False,4.59,38.2,False
8389,2026-06-08,Kochi,Chinese,370.61,17.12,True,3.38,31.2,False
8390,2026-06-08,Bhopal,Chinese,346.41,10.98,False,4.47,33.7,False
8391,2026-06-08,Bhopal,South Indian,228.49,13.37,True,4.38,38.3,False
8392,2026-06-08,Bhopal,South Indian,325.8,13.56,False,3.87,26.0,False
8393,2026-06-08,Chandigarh,Italian,590.97,12.62,True,4.28,26.3,False
8394,2026-06-08,Chennai,North Indian,330.73,12.98,False,4.13,29.2,False
8395,2026-06-08,Hyderabad,Chinese,348.99,10.49,False,4.3,33.5,False
8396,2026-06-08,Bhopal,Desserts & Bakery,219.59,15.42,True,,30.1,False
8397,2026-06-08,Mumbai,North Indian,304.89,14.01,True,4.4,35.6,False
8398,2026-06-08,Surat,Italian,741.25,15.81,True,3.76,36.7,False
8399,2026-06-08,Chennai,North Indian,462.05,17.26,True,4.36,50.5,False
8400,2026-06-08,Hyderabad,South Indian,234.65,12.78,True,4.08,45.8,False
8401,2026-06-08,Hyderabad,North Indian,211.45,14.82,False,4.14,35.8,False
8402,2026-06-08,Surat,North Indian,404.35,15.9,False,4.28,55.0,False
8403,2026-06-08,Ahmedabad,Italian,442.44,10.42,False,3.88,38.2,False
8404,2026-06-08,Hyderabad,North Indian,427.11,17.08,False,4.27,21.3,False
8405,2026-06-08,Nagpur,Chinese,361.22,17.02,True,,46.2,False
8406,2026-06-08,Ranchi,Italian,681.75,15.4,True,4.06,29.2,False
8407,2026-06-08,Hyderabad,South Indian,329.36,17.81,True,4.07,36.2,False
8408,2026-06-08,Hyderabad,Italian,467.17,13.75,False,4.47,36.4,False
8409,2026-06-08,Mumbai,South Indian,301.63,13.64,True,4.92,32.3,False
8410,2026-06-08,Ranchi,Italian,416.78,13.09,False,,37.8,False
8411,2026-06-08,Ranchi,Italian,737.2,14.67,True,4.13,32.5,False
8412,2026-06-08,Bhopal,North Indian,397.46,13.35,False,3.87,26.9,False
8413,2026-06-08,Hyderabad,North Indian,497.0,14.4,True,3.92,40.2,False
8414,2026-06-08,Bengaluru,North Indian,346.54,16.55,True,3.93,32.6,False
8415,2026-06-08,Delhi,Desserts & Bakery,243.17,15.07,True,3.86,30.6,False
8416,2026-06-08,Ahmedabad,Italian,472.43,16.43,False,4.53,49.7,False
8417,2026-06-08,Kochi,Chinese,325.48,16.4,True,4.68,42.8,False
8418,2026-06-08,Pune,North Indian,314.69,14.06,True,4.66,34.5,False
8419,2026-06-08,Bengaluru,Desserts & Bakery,270.87,15.51,False,,28.6,False
8420,2026-06-08,Pune,North Indian,321.96,15.63,True,3.45,31.2,False
8421,2026-06-08,Surat,Italian,404.86,15.96,True,3.84,37.6,False
8422,2026-06-08,Mumbai,Chinese,239.53,12.88,False,4.54,41.9,False
8423,2026-06-08,Delhi,South Indian,343.46,15.75,True,3.83,33.7,False
8424,2026-06-08,Chennai,Chinese,360.63,14.94,False,4.03,43.3,False
8425,2026-06-08,Pune,South Indian,357.29,13.04,False,4.04,42.4,False
8426,2026-06-08,Mumbai,Italian,481.77,17.45,True,4.44,30.5,False
8427,2026-06-08,Nagpur,Chinese,413.14,12.32,True,3.87,34.9,False
8428,2026-06-08,Bengaluru,North Indian,563.18,19.1,False,4.44,28.6,False
8429,2026-06-08,Chennai,Italian,402.62,12.8,True,,33.6,False
8430,2026-06-08,Ranchi,Italian,392.7,12.88,True,3.99,32.0,False
8431,2026-06-08,Chandigarh,Desserts & Bakery,239.12,13.09,True,4.64,39.7,False
8432,2026-06-08,Bengaluru,North Indian,475.55,17.51,True,4.12,19.9,False
8433,2026-06-08,Chandigarh,North Indian,421.74,16.53,False,3.7,27.1,False
8434,2026-06-08,Pune,Italian,590.34,15.88,False,4.93,31.8,False
8435,2026-06-08,Nagpur,Chinese,346.39,13.97,False,,42.5,False
8436,2026-06-08,Mumbai,North Indian,577.9,18.15,False,3.7,37.8,False
8437,2026-06-08,Mumbai,Italian,234.5,10.68,False,4.51,32.9,False
8438,2026-06-08,Bengaluru,North Indian,334.28,14.32,False,,35.6,False
8439,2026-06-08,Nagpur,Chinese,212.31,13.14,True,4.37,24.7,False
8440,2026-06-08,Chennai,Chinese,299.52,14.2,False,3.95,34.0,False
8441,2026-06-08,Ranchi,South Indian,321.52,15.74,True,3.87,34.1,False
8442,2026-06-08,Bengaluru,South Indian,157.6,13.58,False,4.12,31.3,False
8443,2026-06-08,Chandigarh,Chinese,332.36,14.44,True,4.1,27.5,False
8444,2026-06-08,Chennai,South Indian,191.16,13.13,False,4.21,29.9,False
8445,2026-06-08,Ahmedabad,South Indian,161.98,13.94,False,4.39,20.2,False
8446,2026-06-08,Chandigarh,South Indian,271.72,12.7,False,4.03,34.5,False
8447,2026-06-08,Mumbai,North Indian,487.4,15.52,False,4.12,41.8,False
8448,2026-06-08,Bhopal,Italian,404.49,15.39,False,4.72,33.4,False
8449,2026-06-08,Ranchi,North Indian,561.96,14.61,True,4.26,20.1,False
8450,2026-06-08,Hyderabad,Chinese,357.7,14.04,True,3.79,23.6,False
8451,2026-06-08,Kochi,Chinese,420.83,16.61,False,3.85,39.5,False
8452,2026-06-08,Guwahati,North Indian,315.91,15.55,True,4.52,42.5,False
8453,2026-06-08,Kochi,Italian,500.13,14.06,True,5.0,23.2,False
8454,2026-06-08,Delhi,North Indian,551.24,12.27,False,4.12,35.1,False
8455,2026-06-08,Mumbai,North Indian,552.46,16.33,False,,37.5,False
8456,2026-06-08,Surat,Desserts & Bakery,155.83,11.44,False,4.44,29.8,False
8457,2026-06-08,Kochi,Italian,574.01,14.87,True,4.6,40.7,False
8458,2026-06-08,Ranchi,North Indian,490.04,10.32,False,4.67,27.2,False
8459,2026-06-08,Bengaluru,North Indian,515.58,11.65,False,,47.2,False
8460,2026-06-08,Bengaluru,South Indian,272.3,11.56,True,3.93,48.4,False
8461,2026-06-08,Nagpur,Chinese,392.32,17.44,False,4.64,39.7,False
8462,2026-06-08,Bhopal,North Indian,466.93,15.71,False,4.4,34.9,False
8463,2026-06-08,Surat,North Indian,236.8,14.16,True,,40.0,False
8464,2026-06-08,Surat,South Indian,299.68,13.46,True,3.73,34.7,False
8465,2026-06-08,Hyderabad,Chinese,342.19,13.38,True,4.33,47.4,False
8466,2026-06-08,Hyderabad,Italian,551.75,14.8,False,4.2,34.2,False
8467,2026-06-08,Guwahati,South Indian,177.36,12.16,True,4.26,28.9,False
8468,2026-06-08,Chennai,North Indian,516.59,16.06,False,3.81,29.4,False
8469,2026-06-08,Pune,South Indian,377.97,18.59,True,4.19,28.3,False
8470,2026-06-08,Ranchi,North Indian,294.0,12.91,False,4.66,34.4,False
8471,2026-06-08,Chennai,North Indian,330.86,17.14,True,4.08,42.5,False
8472,2026-06-08,Nagpur,Chinese,351.1,13.67,True,3.81,41.7,False
8473,2026-06-09,Pune,South Indian,212.02,14.16,True,3.78,33.6,False
8474,2026-06-09,Guwahati,South Indian,218.98,15.41,False,4.33,28.0,False
8475,2026-06-09,Ahmedabad,North Indian,528.29,15.03,True,4.6,30.8,False
8476,2026-06-09,Guwahati,Italian,524.33,14.42,True,4.19,31.4,False
8477,2026-06-09,Delhi,Italian,574.99,14.36,True,3.84,44.3,False
8478,2026-06-09,Ranchi,Desserts & Bakery,194.61,13.7,True,4.11,23.7,False
8479,2026-06-09,Bengaluru,Desserts & Bakery,137.17,16.07,False,3.84,34.8,False
8480,2026-06-09,Ranchi,North Indian,412.82,14.82,True,4.7,24.0,False
8481,2026-06-09,Ranchi,North Indian,511.39,18.03,True,4.16,39.3,False
8482,2026-06-09,Bhopal,North Indian,328.84,17.02,True,3.84,32.3,False
8483,2026-06-09,Guwahati,North Indian,416.86,14.68,True,4.08,36.2,False
8484,2026-06-09,Ranchi,South Indian,286.41,15.27,False,4.57,35.2,False
8485,2026-06-09,Chandigarh,Italian,731.74,15.21,False,,36.9,False
8486,2026-06-09,Mumbai,North Indian,411.5,11.89,True,3.56,28.9,False
8487,2026-06-09,Bengaluru,North Indian,533.3,14.94,True,4.35,31.4,False
8488,2026-06-09,Delhi,Desserts & Bakery,265.65,13.92,True,,22.8,False
8489,2026-06-09,Ranchi,Desserts & Bakery,262.04,12.48,True,3.77,16.5,False
8490,2026-06-09,Kochi,Chinese,377.86,12.07,True,3.98,40.8,False
8491,2026-06-09,Mumbai,Italian,477.71,11.53,False,4.55,44.3,False
8492,2026-06-09,Delhi,South Indian,224.76,15.58,False,4.3,42.1,False
8493,2026-06-09,Kochi,Italian,380.08,12.88,False,4.18,26.9,False
8494,2026-06-09,Kochi,North Indian,366.02,12.62,False,,34.7,False
8495,2026-06-09,Hyderabad,North Indian,519.47,15.1,False,4.14,31.4,False
8496,2026-06-09,Bhopal,Chinese,372.7,12.96,False,4.53,37.0,False
8497,2026-06-09,Kochi,Chinese,453.77,16.99,True,3.91,22.5,False
8498,2026-06-09,Bengaluru,North Indian,410.37,14.73,True,3.91,31.2,False
8499,2026-06-09,Delhi,North Indian,478.65,14.08,False,,38.1,False
8500,2026-06-09,Chandigarh,North Indian,562.52,17.09,True,4.7,32.9,False
8501,2026-06-09,Hyderabad,South Indian,313.52,12.75,True,3.83,44.6,False
8502,2026-06-09,Hyderabad,Chinese,236.72,13.91,False,4.03,36.3,False
8503,2026-06-09,Kochi,North Indian,421.78,18.04,False,4.62,32.9,False
8504,2026-06-09,Pune,Chinese,396.0,12.53,False,4.06,36.1,False
8505,2026-06-09,Nagpur,Chinese,257.96,14.89,True,4.44,34.5,False
8506,2026-06-09,Hyderabad,Chinese,339.59,13.12,False,3.76,36.7,False
8507,2026-06-09,Delhi,South Indian,256.27,13.59,True,,24.4,False
8508,2026-06-09,Kochi,Desserts & Bakery,235.93,13.68,True,,34.9,False
8509,2026-06-09,Delhi,Italian,641.89,16.82,True,3.89,41.5,False
8510,2026-06-09,Surat,Chinese,256.95,10.62,False,3.75,35.2,False
8511,2026-06-09,Bhopal,Italian,473.18,15.1,False,3.98,37.6,False
8512,2026-06-09,Hyderabad,Italian,446.49,15.97,False,4.21,31.3,False
8513,2026-06-09,Bengaluru,Desserts & Bakery,175.63,15.77,True,4.3,36.1,False
8514,2026-06-09,Mumbai,Chinese,397.45,12.78,False,3.31,32.4,False
8515,2026-06-09,Kochi,South Indian,332.38,13.05,True,4.24,30.5,False
8516,2026-06-09,Bhopal,North Indian,178.7,13.26,False,5.0,28.3,False
8517,2026-06-09,Pune,North Indian,428.21,14.18,False,,26.0,False
8518,2026-06-09,Kochi,North Indian,517.92,14.0,True,4.24,29.1,False
8519,2026-06-09,Chennai,South Indian,214.2,14.66,True,,37.6,False
8520,2026-06-09,Chennai,South Indian,263.2,12.34,False,4.41,48.7,False
8521,2026-06-09,Ahmedabad,Chinese,358.09,13.73,False,4.03,34.8,False
8522,2026-06-09,Surat,Chinese,459.55,17.16,False,,35.4,False
8523,2026-06-09,Kochi,North Indian,508.64,15.29,True,,35.7,False
8524,2026-06-09,Delhi,North Indian,445.99,13.64,True,,26.6,False
8525,2026-06-09,Chennai,North Indian,463.89,15.14,False,4.85,36.7,False
8526,2026-06-09,Mumbai,South Indian,298.72,11.82,False,3.72,45.1,False
8527,2026-06-09,Ranchi,Italian,591.92,14.36,False,4.16,23.1,False
8528,2026-06-09,Bengaluru,Chinese,462.95,10.66,False,4.22,40.2,False
8529,2026-06-09,Pune,South Indian,227.26,15.2,False,4.42,28.8,False
8530,2026-06-09,Ahmedabad,Chinese,415.69,15.96,False,4.01,28.9,False
8531,2026-06-09,Hyderabad,Desserts & Bakery,294.41,17.05,False,4.7,33.2,False
8532,2026-06-09,Surat,North Indian,411.67,13.6,True,4.78,30.0,False
8533,2026-06-09,Pune,North Indian,578.6,14.15,True,4.77,32.9,False
8534,2026-06-09,Pune,Italian,342.09,19.02,True,4.25,25.8,False
8535,2026-06-09,Bhopal,South Indian,283.16,14.38,True,4.2,37.1,False
8536,2026-06-09,Nagpur,South Indian,332.52,12.1,False,4.24,32.1,False
8537,2026-06-09,Delhi,Italian,509.09,18.0,False,4.86,26.1,False
8538,2026-06-09,Mumbai,South Indian,172.05,14.46,False,4.44,35.5,False
8539,2026-06-09,Chennai,North Indian,425.67,15.18,False,4.98,22.1,False
8540,2026-06-09,Ranchi,South Indian,275.49,12.77,True,4.45,30.5,False
8541,2026-06-09,Bhopal,Chinese,240.75,14.47,False,4.61,22.5,False
8542,2026-06-09,Pune,Italian,753.64,15.56,False,4.02,31.8,False
8543,2026-06-09,Pune,North Indian,199.4,15.41,True,4.25,33.2,False
8544,2026-06-09,Mumbai,North Indian,403.43,20.16,True,4.42,32.1,False
8545,2026-06-09,Bhopal,South Indian,321.55,15.07,True,3.74,35.4,False
8546,2026-06-09,Pune,Chinese,517.16,13.95,False,4.06,31.6,False
8547,2026-06-09,Chennai,North Indian,484.44,13.79,False,4.3,32.1,False
8548,2026-06-09,Surat,Italian,677.4,16.9,True,3.91,30.6,False
8549,2026-06-09,Chennai,South Indian,169.77,13.52,True,3.94,32.7,False
8550,2026-06-09,Bengaluru,Italian,701.96,12.15,False,4.57,40.2,False
8551,2026-06-09,Kochi,Italian,596.71,17.23,True,4.34,33.4,False
8552,2026-06-09,Pune,South Indian,340.33,14.36,True,4.34,44.9,False
8553,2026-06-09,Chennai,South Indian,245.43,15.38,False,4.11,29.5,False
8554,2026-06-09,Delhi,North Indian,346.98,13.79,False,3.73,26.4,False
8555,2026-06-09,Bengaluru,Chinese,475.3,13.18,True,4.69,35.9,False
8556,2026-06-09,Bengaluru,Italian,389.51,17.62,True,,33.5,False
8557,2026-06-09,Kochi,Italian,421.61,12.85,True,4.45,30.4,False
8558,2026-06-09,Bengaluru,North Indian,490.86,14.59,True,4.45,25.4,False
8559,2026-06-09,Surat,Italian,502.51,13.06,True,4.36,38.3,False
8560,2026-06-09,Bhopal,North Indian,374.36,13.83,True,4.34,26.9,False
8561,2026-06-09,Bengaluru,Chinese,325.82,12.35,False,4.49,32.1,False
8562,2026-06-09,Guwahati,Chinese,297.94,11.72,False,4.16,28.8,False
8563,2026-06-09,Surat,Chinese,403.27,15.19,True,,30.0,False
8564,2026-06-09,Delhi,North Indian,352.12,13.07,True,4.14,43.8,False
8565,2026-06-09,Chandigarh,Chinese,461.29,13.05,True,4.13,29.7,False
8566,2026-06-09,Chennai,North Indian,469.06,13.01,True,3.62,37.7,False
8567,2026-06-09,Hyderabad,South Indian,318.34,16.41,True,3.65,32.3,False
8568,2026-06-09,Delhi,Chinese,432.28,14.61,False,4.34,36.8,False
8569,2026-06-09,Surat,Italian,321.03,13.51,True,4.41,26.8,False
8570,2026-06-09,Nagpur,North Indian,405.11,14.54,True,4.24,38.8,False
8571,2026-06-09,Ahmedabad,Chinese,347.17,15.98,True,3.54,20.9,False
8572,2026-06-09,Guwahati,Italian,579.21,16.58,True,4.49,45.5,False
8573,2026-06-09,Mumbai,South Indian,226.65,13.44,True,3.57,25.6,False
8574,2026-06-09,Pune,North Indian,340.23,13.94,False,,24.8,False
8575,2026-06-09,Bengaluru,Chinese,309.72,16.29,True,4.06,36.6,False
8576,2026-06-09,Nagpur,Chinese,328.88,19.83,False,4.18,40.6,False
8577,2026-06-09,Bengaluru,North Indian,404.91,9.14,True,4.56,36.4,False
8578,2026-06-09,Pune,North Indian,443.08,16.77,True,4.66,34.2,False
8579,2026-06-09,Pune,North Indian,358.4,13.35,True,3.91,41.3,False
8580,2026-06-09,Mumbai,Italian,391.04,14.04,True,3.57,31.2,False
8581,2026-06-09,Pune,South Indian,408.39,12.36,False,4.57,33.2,False
8582,2026-06-09,Pune,Italian,604.51,14.28,True,,37.6,False
8583,2026-06-09,Surat,North Indian,335.79,11.67,True,4.05,23.7,False
8584,2026-06-09,Ranchi,North Indian,424.12,13.5,True,4.54,37.6,False
8585,2026-06-09,Delhi,Chinese,165.63,14.55,True,,21.3,False
8586,2026-06-09,Hyderabad,Chinese,568.59,14.81,False,4.51,39.1,False
8587,2026-06-09,Chennai,South Indian,269.97,13.07,True,3.97,26.5,False
8588,2026-06-09,Surat,North Indian,335.26,11.66,True,4.06,36.7,False
8589,2026-06-09,Mumbai,Italian,622.22,16.67,True,4.66,27.7,False
8590,2026-06-09,Ahmedabad,Italian,314.3,14.9,False,4.12,31.4,False
8591,2026-06-10,Delhi,North Indian,456.26,9.12,False,,41.0,False
8592,2026-06-10,Delhi,North Indian,345.17,11.15,True,4.4,34.7,False
8593,2026-06-10,Mumbai,Italian,494.37,15.11,False,4.5,34.5,False
8594,2026-06-10,Chennai,Italian,651.73,12.24,True,4.21,31.2,False
8595,2026-06-10,Pune,Chinese,558.86,10.61,True,,35.1,False
8596,2026-06-10,Bengaluru,South Indian,320.97,11.5,False,,36.5,False
8597,2026-06-10,Surat,North Indian,209.12,13.98,True,4.17,35.6,False
8598,2026-06-10,Hyderabad,North Indian,279.45,16.15,True,3.64,31.8,False
8599,2026-06-10,Chennai,Italian,470.76,13.48,True,4.4,26.5,False
8600,2026-06-10,Guwahati,South Indian,190.8,13.95,True,4.67,34.6,False
8601,2026-06-10,Hyderabad,North Indian,412.98,16.4,False,3.75,38.1,False
8602,2026-06-10,Hyderabad,South Indian,245.67,15.81,False,3.9,33.6,False
8603,2026-06-10,Ranchi,Chinese,476.31,12.18,True,3.54,25.9,False
8604,2026-06-10,Delhi,Desserts & Bakery,150.3,11.59,True,4.48,27.1,False
8605,2026-06-10,Pune,South Indian,318.19,13.54,False,4.4,29.7,False
8606,2026-06-10,Guwahati,Desserts & Bakery,265.34,14.4,True,4.26,38.2,False
8607,2026-06-10,Ranchi,Chinese,373.67,16.85,False,4.12,44.4,False
8608,2026-06-10,Hyderabad,North Indian,525.94,10.4,True,4.15,23.6,False
8609,2026-06-10,Mumbai,North Indian,337.69,15.16,False,4.34,33.0,False
8610,2026-06-10,Chennai,Italian,542.41,16.5,False,,20.7,False
8611,2026-06-10,Pune,North Indian,516.48,13.33,True,4.06,34.2,False
8612,2026-06-10,Pune,North Indian,363.3,14.64,True,3.83,27.8,False
8613,2026-06-10,Chennai,Desserts & Bakery,249.24,12.99,False,4.0,13.6,False
8614,2026-06-10,Guwahati,North Indian,467.1,13.57,False,4.48,40.6,False
8615,2026-06-10,Mumbai,North Indian,398.3,13.91,False,,28.3,False
8616,2026-06-10,Surat,North Indian,399.84,11.69,True,4.61,20.8,False
8617,2026-06-10,Mumbai,North Indian,417.67,14.05,False,4.4,35.3,False
8618,2026-06-10,Pune,North Indian,478.67,13.22,True,4.09,39.9,False
8619,2026-06-10,Hyderabad,North Indian,389.43,15.07,True,4.11,22.5,False
8620,2026-06-10,Bhopal,Chinese,390.73,13.19,True,3.67,26.8,False
8621,2026-06-10,Nagpur,South Indian,342.19,14.35,True,,29.2,False
8622,2026-06-10,Bengaluru,Desserts & Bakery,259.79,18.26,False,4.27,32.3,False
8623,2026-06-10,Bengaluru,Desserts & Bakery,159.3,16.65,False,4.26,25.7,False
8624,2026-06-10,Ahmedabad,Chinese,263.33,15.12,True,4.57,35.1,False
8625,2026-06-10,Chandigarh,Italian,448.88,14.23,False,4.71,30.9,False
8626,2026-06-10,Chennai,Desserts & Bakery,231.99,14.81,False,4.73,29.2,False
8627,2026-06-10,Mumbai,North Indian,265.68,15.35,True,4.16,31.0,False
8628,2026-06-10,Delhi,Chinese,367.52,13.71,True,4.13,38.5,False
8629,2026-06-10,Bhopal,South Indian,211.27,13.01,True,4.26,31.6,False
8630,2026-06-10,Nagpur,Italian,700.98,14.18,False,3.7,30.7,False
8631,2026-06-10,Bengaluru,Chinese,365.42,13.16,False,4.39,29.6,False
8632,2026-06-10,Surat,Italian,649.28,17.56,True,,30.7,False
8633,2026-06-10,Pune,Chinese,250.04,19.05,True,5.0,17.2,False
8634,2026-06-10,Kochi,North Indian,531.01,13.81,False,4.04,44.1,False
8635,2026-06-10,Pune,South Indian,153.65,15.76,True,4.37,44.9,False
8636,2026-06-10,Chennai,Italian,500.14,14.32,False,4.13,46.1,False
8637,2026-06-10,Hyderabad,South Indian,294.99,15.93,True,4.46,23.6,False
8638,2026-06-10,Chennai,South Indian,181.3,16.66,False,4.01,40.4,False
8639,2026-06-10,Hyderabad,South Indian,317.96,16.29,False,4.06,38.6,False
8640,2026-06-10,Bengaluru,Desserts & Bakery,106.88,14.78,False,4.29,30.4,False
8641,2026-06-10,Bengaluru,North Indian,458.63,12.8,True,4.29,37.8,False
8642,2026-06-10,Ahmedabad,North Indian,528.58,14.45,True,3.91,35.4,False
8643,2026-06-10,Mumbai,South Indian,251.74,14.94,False,4.84,28.1,False
8644,2026-06-10,Chandigarh,North Indian,379.57,13.13,False,3.8,37.7,False
8645,2026-06-10,Hyderabad,Desserts & Bakery,240.0,14.86,True,3.96,39.9,False
8646,2026-06-10,Chandigarh,Chinese,275.0,12.99,False,,28.4,False
8647,2026-06-10,Ahmedabad,South Indian,351.48,12.63,False,3.97,24.8,False
8648,2026-06-10,Pune,Italian,781.47,12.81,True,4.28,40.6,False
8649,2026-06-10,Delhi,North Indian,372.03,20.32,False,3.98,28.7,False
8650,2026-06-10,Surat,South Indian,318.2,8.75,False,4.02,44.0,False
8651,2026-06-10,Chennai,South Indian,360.58,15.02,True,3.9,22.5,False
8652,2026-06-10,Chennai,Chinese,254.72,15.38,False,4.37,35.9,False
8653,2026-06-10,Bengaluru,South Indian,212.8,12.77,True,4.67,40.5,False
8654,2026-06-10,Chennai,Chinese,417.5,13.84,True,3.42,46.9,False
8655,2026-06-10,Chennai,Italian,731.49,15.53,True,4.43,35.8,False
8656,2026-06-10,Delhi,North Indian,341.51,15.87,False,4.99,25.9,False
8657,2026-06-10,Bhopal,North Indian,360.94,13.94,False,4.3,29.9,False
8658,2026-06-10,Chandigarh,North Indian,485.38,14.28,False,4.26,35.7,False
8659,2026-06-10,Nagpur,Italian,359.71,15.42,False,4.78,42.4,False
8660,2026-06-10,Ahmedabad,South Indian,142.68,14.62,False,4.3,33.1,False
8661,2026-06-10,Guwahati,North Indian,439.84,11.68,True,3.75,34.5,False
8662,2026-06-10,Hyderabad,Desserts & Bakery,180.66,11.26,False,3.86,31.7,False
8663,2026-06-10,Chandigarh,Chinese,395.44,15.06,False,3.96,35.5,False
8664,2026-06-10,Mumbai,Italian,523.86,13.54,True,3.74,48.6,False
8665,2026-06-10,,South Indian,277.63,14.34,True,4.58,36.1,False
8666,2026-06-10,Delhi,Chinese,410.28,12.94,False,3.97,18.4,False
8667,2026-06-10,Delhi,Desserts & Bakery,165.54,12.51,False,4.46,28.4,False
8668,2026-06-10,Nagpur,Chinese,197.48,11.66,True,4.56,23.6,False
8669,2026-06-10,Surat,Chinese,477.02,12.75,True,4.33,36.4,False
8670,2026-06-10,Chennai,Chinese,381.3,14.48,True,3.64,44.0,False
8671,2026-06-10,Ahmedabad,North Indian,373.81,14.36,False,4.76,40.2,False
8672,2026-06-10,Kochi,Chinese,306.03,9.68,False,4.56,38.1,False
8673,2026-06-10,Bengaluru,South Indian,191.65,12.52,False,4.42,38.8,False
8674,2026-06-10,Bengaluru,North Indian,484.72,15.53,True,4.66,25.7,False
8675,2026-06-10,Pune,North Indian,284.01,12.78,True,3.47,30.8,False
8676,2026-06-10,Chennai,Italian,611.75,16.27,False,3.97,38.2,False
8677,2026-06-10,Surat,North Indian,489.08,14.5,False,4.1,36.6,False
8678,2026-06-10,Ahmedabad,North Indian,403.6,14.68,True,3.71,41.2,False
8679,2026-06-10,Mumbai,Chinese,407.28,17.61,False,4.35,27.5,False
8680,2026-06-10,Nagpur,South Indian,257.19,16.7,True,4.43,33.5,False
8681,2026-06-10,Bengaluru,Italian,459.86,16.5,True,4.54,23.4,False
8682,2026-06-10,Bhopal,Desserts & Bakery,136.83,14.94,True,4.31,33.8,False
8683,2026-06-10,Mumbai,Desserts & Bakery,232.95,12.89,False,4.04,30.2,False
8684,2026-06-10,Pune,North Indian,471.96,16.21,False,4.13,37.4,False
8685,2026-06-10,Chennai,North Indian,517.47,13.58,True,4.11,39.0,False
8686,2026-06-10,Chennai,South Indian,212.9,17.02,True,4.36,30.7,False
8687,2026-06-10,Ranchi,Chinese,381.95,13.03,False,3.77,33.3,False
8688,2026-06-10,Delhi,Chinese,437.81,14.46,True,4.3,36.7,False
8689,2026-06-10,Chennai,North Indian,319.83,12.55,True,4.1,35.8,False
8690,2026-06-10,Hyderabad,South Indian,264.38,16.66,True,4.49,38.3,False
8691,2026-06-10,Delhi,Desserts & Bakery,199.5,12.47,True,4.34,29.2,False
8692,2026-06-10,Pune,Chinese,327.24,14.89,True,3.94,38.8,False
8693,2026-06-10,Surat,North Indian,440.43,16.01,True,4.67,32.8,False
8694,2026-06-10,Hyderabad,Chinese,231.15,12.84,False,4.56,37.4,False
8695,2026-06-10,Delhi,South Indian,277.28,14.69,False,4.04,24.2,False
8696,2026-06-11,Kochi,Italian,507.15,13.69,True,4.78,34.1,False
8697,2026-06-11,Ahmedabad,South Indian,257.85,13.97,False,3.61,29.8,False
8698,2026-06-11,Chennai,Chinese,487.77,11.96,False,4.08,31.3,False
8699,2026-06-11,Mumbai,Italian,611.6,14.38,False,4.11,20.4,False
8700,2026-06-11,Pune,North Indian,508.29,14.37,False,3.95,36.7,False
8701,2026-06-11,Hyderabad,Desserts & Bakery,238.96,13.48,True,4.37,36.7,False
8702,2026-06-11,Nagpur,Italian,465.35,13.2,False,3.7,30.1,False
8703,2026-06-11,Bengaluru,North Indian,329.48,15.53,True,4.08,38.5,False
8704,2026-06-11,Chandigarh,Chinese,357.13,12.14,True,3.96,32.2,False
8705,2026-06-11,Ahmedabad,South Indian,245.82,16.11,True,4.05,37.7,False
8706,2026-06-11,Ranchi,Chinese,414.34,13.91,True,4.48,23.8,False
8707,2026-06-11,Mumbai,Italian,569.29,14.09,False,3.87,26.6,False
8708,2026-06-11,Pune,Chinese,352.42,14.86,False,3.91,40.4,False
8709,2026-06-11,Delhi,North Indian,545.16,13.51,False,3.88,40.5,False
8710,2026-06-11,Chandigarh,South Indian,167.7,13.46,True,3.81,31.2,False
8711,2026-06-11,Surat,Chinese,411.1,20.69,False,4.39,36.1,False
8712,2026-06-11,Pune,Desserts & Bakery,198.37,15.11,True,4.04,41.8,False
8713,2026-06-11,Mumbai,Chinese,378.09,15.08,True,4.06,38.2,False
8714,2026-06-11,Chandigarh,North Indian,360.65,13.65,False,4.63,35.0,False
8715,2026-06-11,Mumbai,Chinese,302.5,12.07,True,3.79,33.2,False
8716,2026-06-11,Nagpur,South Indian,116.71,13.55,False,4.43,34.4,False
8717,2026-06-11,Pune,Italian,491.6,16.8,True,3.63,37.9,False
8718,2026-06-11,Nagpur,Chinese,376.54,17.39,False,3.69,36.7,False
8719,2026-06-11,Pune,North Indian,516.96,14.89,True,4.4,32.5,False
8720,2026-06-11,Mumbai,South Indian,275.99,16.03,True,3.65,31.6,False
8721,2026-06-11,Delhi,North Indian,450.12,13.36,False,4.42,32.7,False
8722,2026-06-11,Delhi,North Indian,428.04,12.01,True,4.08,27.0,False
8723,2026-06-11,Bengaluru,North Indian,283.89,11.17,False,4.92,29.3,False
8724,2026-06-11,Ahmedabad,North Indian,412.7,14.83,True,4.12,31.1,False
8725,2026-06-11,Kochi,South Indian,228.29,15.49,False,4.17,34.5,False
8726,2026-06-11,Nagpur,Chinese,360.03,18.44,False,4.25,37.1,False
8727,2026-06-11,Chandigarh,Desserts & Bakery,215.2,12.84,False,4.22,26.0,False
8728,2026-06-11,Surat,Chinese,291.99,14.54,False,3.53,31.4,False
8729,2026-06-11,Guwahati,North Indian,298.11,11.65,False,5.0,23.1,False
8730,2026-06-11,Guwahati,Italian,502.09,10.22,True,4.36,25.2,False
8731,2026-06-11,Delhi,Italian,677.95,14.47,False,4.1,40.8,False
8732,2026-06-11,Guwahati,North Indian,360.95,15.15,False,4.62,25.0,False
8733,2026-06-11,Chennai,North Indian,443.36,12.8,False,4.49,33.9,False
8734,2026-06-11,Chandigarh,North Indian,307.77,15.55,True,4.31,28.2,False
8735,2026-06-11,Chennai,Chinese,331.44,11.31,True,3.78,27.4,False
8736,2026-06-11,Mumbai,South Indian,236.57,18.24,False,4.26,48.5,False
8737,2026-06-11,Hyderabad,South Indian,256.73,15.86,True,4.44,32.5,False
8738,2026-06-11,Bengaluru,North Indian,477.7,15.06,True,4.13,27.1,False
8739,2026-06-11,Chandigarh,North Indian,360.22,17.28,False,4.14,39.0,False
8740,2026-06-11,Nagpur,South Indian,240.76,15.53,True,4.43,54.8,False
8741,2026-06-11,Pune,North Indian,605.24,10.77,False,4.58,55.7,False
8742,2026-06-11,Delhi,South Indian,335.2,14.99,False,4.77,26.4,False
8743,2026-06-11,Delhi,Chinese,394.42,13.87,False,4.57,37.7,False
8744,2026-06-11,Chennai,Chinese,235.03,12.02,True,4.4,28.9,False
8745,2026-06-11,Chandigarh,Desserts & Bakery,236.93,14.89,False,4.12,37.1,False
8746,2026-06-11,Mumbai,Italian,443.51,13.59,True,3.95,28.8,False
8747,2026-06-11,Pune,Desserts & Bakery,167.05,18.03,False,3.53,42.3,False
8748,2026-06-11,Hyderabad,South Indian,261.83,12.86,False,3.77,26.0,False
8749,2026-06-11,Chandigarh,North Indian,530.99,14.64,True,,28.5,False
8750,2026-06-11,Ranchi,North Indian,402.08,14.24,True,4.25,33.1,False
8751,2026-06-11,Guwahati,Italian,630.62,15.61,False,3.82,27.3,False
8752,2026-06-11,Delhi,Italian,548.68,18.64,True,3.98,36.1,False
8753,2026-06-11,Chennai,North Indian,458.93,14.02,False,4.03,28.5,False
8754,2026-06-11,Bengaluru,Chinese,378.27,12.9,False,3.73,43.0,False
8755,2026-06-11,Guwahati,Chinese,436.42,12.71,True,4.47,31.1,False
8756,2026-06-11,Bengaluru,Italian,643.59,17.11,False,4.38,34.9,False
8757,2026-06-11,Mumbai,Desserts & Bakery,283.82,15.82,True,4.45,35.8,False
8758,2026-06-11,Bengaluru,North Indian,246.28,13.68,False,3.98,33.8,False
8759,2026-06-11,Nagpur,North Indian,502.12,15.21,False,4.55,33.9,False
8760,2026-06-11,Mumbai,Chinese,362.21,15.29,True,4.18,42.2,False
8761,2026-06-11,Hyderabad,South Indian,270.69,17.09,False,4.09,43.8,False
8762,2026-06-11,Nagpur,South Indian,321.62,14.52,True,4.13,36.7,False
8763,2026-06-11,Surat,South Indian,300.86,17.67,False,4.16,30.0,False
8764,2026-06-11,Delhi,North Indian,532.42,14.11,True,4.12,31.1,False
8765,2026-06-11,Nagpur,North Indian,476.6,14.46,True,4.07,41.2,False
8766,2026-06-11,Surat,Chinese,333.12,14.08,False,4.03,43.9,False
8767,2026-06-11,Delhi,Italian,230.14,15.28,True,4.35,29.9,False
8768,2026-06-11,Mumbai,Chinese,364.47,15.07,True,4.26,41.0,False
8769,2026-06-11,Pune,North Indian,574.24,9.49,True,4.03,30.5,False
8770,2026-06-11,Hyderabad,North Indian,473.66,12.52,False,4.1,35.6,False
8771,2026-06-11,Hyderabad,Italian,534.45,14.6,True,4.37,39.4,False
8772,2026-06-11,Delhi,Chinese,328.53,14.41,True,4.4,32.3,False
8773,2026-06-11,Delhi,Chinese,284.61,13.39,True,4.62,31.5,False
8774,2026-06-11,Delhi,South Indian,269.78,16.19,False,4.38,24.8,False
8775,2026-06-11,Guwahati,Chinese,286.54,14.48,True,4.93,29.5,False
8776,2026-06-11,Kochi,North Indian,461.15,11.27,True,4.36,27.9,False
8777,2026-06-11,Ahmedabad,North Indian,423.26,14.52,True,3.97,40.2,False
8778,2026-06-11,Pune,Chinese,436.18,12.08,False,4.42,31.0,False
8779,2026-06-11,Chennai,Chinese,419.83,10.5,False,3.89,28.0,False
8780,2026-06-11,Ranchi,Desserts & Bakery,190.71,15.5,True,4.59,43.4,False
8781,2026-06-11,Delhi,Desserts & Bakery,247.06,14.26,True,4.0,33.0,False
8782,2026-06-11,Pune,Italian,631.44,15.13,False,4.07,26.8,False
8783,2026-06-11,Bengaluru,Italian,540.35,16.93,True,4.18,36.8,False
8784,2026-06-11,Nagpur,Chinese,421.22,15.33,True,3.87,33.4,False
8785,2026-06-11,Chandigarh,North Indian,545.55,13.66,True,3.72,28.1,False
8786,2026-06-11,Pune,South Indian,362.76,14.23,False,4.43,42.8,False
8787,2026-06-11,Bhopal,North Indian,387.47,15.7,False,3.94,33.4,False
8788,2026-06-11,Chennai,North Indian,268.03,17.74,True,4.35,17.8,False
8789,2026-06-11,Bengaluru,North Indian,412.39,17.35,False,4.22,26.9,False
8790,2026-06-11,Pune,Chinese,245.55,13.19,True,4.41,43.1,False
8791,2026-06-11,Chennai,North Indian,471.57,15.01,False,4.26,37.6,False
8792,2026-06-11,Mumbai,Chinese,246.31,12.74,True,4.51,40.7,False
8793,2026-06-11,Chandigarh,South Indian,230.37,17.2,False,4.16,29.6,False
8794,2026-06-11,Mumbai,North Indian,379.79,13.75,False,5.0,29.8,False
8795,2026-06-11,Chandigarh,Desserts & Bakery,247.95,11.85,False,3.94,34.0,False
8796,2026-06-12,Delhi,North Indian,294.52,15.41,False,4.4,34.8,False
8797,2026-06-12,Hyderabad,North Indian,326.44,13.94,False,4.46,32.8,False
8798,2026-06-12,Bengaluru,Chinese,394.23,14.93,False,3.82,41.3,False
8799,2026-06-12,Bengaluru,Italian,317.63,13.42,False,4.18,23.0,False
8800,2026-06-12,Pune,Chinese,399.41,14.96,True,4.47,34.4,False
8801,2026-06-12,Surat,Chinese,473.76,13.37,False,3.93,37.2,False
8802,2026-06-12,Surat,Italian,420.35,12.49,True,4.02,30.9,False
8803,2026-06-12,Kochi,South Indian,274.31,15.08,True,4.89,31.2,False
8804,2026-06-12,Guwahati,North Indian,335.37,13.2,False,4.2,25.2,False
8805,2026-06-12,Chennai,Desserts & Bakery,198.6,14.71,False,5.0,46.5,False
8806,2026-06-12,Bhopal,North Indian,395.62,13.67,True,4.2,41.0,False
8807,2026-06-12,Surat,Italian,472.6,11.79,False,4.25,46.7,False
8808,2026-06-12,Bengaluru,North Indian,528.15,17.23,True,4.13,28.7,False
8809,2026-06-12,Ahmedabad,North Indian,427.15,14.5,False,4.56,42.1,False
8810,2026-06-12,Pune,North Indian,412.19,13.52,True,4.39,42.5,False
8811,2026-06-12,Bhopal,Italian,247.48,11.78,False,3.68,23.3,False
8812,2026-06-12,Delhi,South Indian,303.16,14.52,False,3.88,28.6,False
8813,2026-06-12,Chandigarh,Chinese,339.22,14.24,True,3.45,33.6,False
8814,2026-06-12,Chennai,Chinese,438.11,13.4,False,4.14,27.6,False
8815,2026-06-12,Hyderabad,South Indian,174.39,13.14,False,4.44,28.6,False
8816,2026-06-12,Pune,South Indian,264.0,13.99,True,3.9,26.1,False
8817,2026-06-12,Hyderabad,Desserts & Bakery,183.36,11.85,True,3.85,29.5,False
8818,2026-06-12,Hyderabad,South Indian,268.76,12.12,True,4.27,26.7,False
8819,2026-06-12,Ahmedabad,Chinese,453.81,11.26,True,4.47,34.6,False
8820,2026-06-12,Ahmedabad,North Indian,351.96,12.68,False,4.32,29.1,False
8821,2026-06-12,Chennai,South Indian,164.27,15.46,False,4.41,30.1,False
8822,2026-06-12,Pune,Chinese,253.85,15.99,False,3.79,28.6,False
8823,2026-06-12,Kochi,North Indian,464.69,14.61,True,4.09,31.3,False
8824,2026-06-12,Surat,Desserts & Bakery,212.46,14.38,True,4.58,25.2,False
8825,2026-06-12,Bengaluru,Chinese,425.88,14.24,True,4.42,22.6,False
8826,2026-06-12,Chandigarh,South Indian,267.95,13.66,True,,38.3,False
8827,2026-06-12,Hyderabad,South Indian,280.52,14.93,False,4.33,37.4,False
8828,2026-06-12,Hyderabad,Chinese,295.05,14.48,True,3.72,52.7,False
8829,2026-06-12,Pune,North Indian,380.37,16.12,True,3.12,37.4,False
8830,2026-06-12,Delhi,North Indian,394.67,13.41,True,,30.8,False
8831,2026-06-12,Mumbai,South Indian,297.32,17.11,True,3.77,40.0,False
8832,2026-06-12,Bengaluru,North Indian,297.7,16.96,False,4.14,39.0,False
8833,2026-06-12,Bengaluru,Desserts & Bakery,191.74,14.76,False,3.97,28.2,False
8834,2026-06-12,Bhopal,Italian,575.92,14.49,True,4.49,37.9,False
8835,2026-06-12,Hyderabad,North Indian,565.19,13.87,True,4.15,41.6,False
8836,2026-06-12,Chennai,Desserts & Bakery,253.29,14.6,False,3.3,31.3,False
8837,2026-06-12,Ranchi,Chinese,361.87,8.85,True,4.59,37.5,False
8838,2026-06-12,Kochi,Chinese,360.39,11.48,False,3.73,28.9,False
8839,2026-06-12,Ranchi,Desserts & Bakery,337.77,15.59,False,,37.5,False
8840,2026-06-12,Chennai,South Indian,289.24,11.04,True,3.82,37.4,False
8841,2026-06-12,Mumbai,North Indian,291.42,12.09,False,4.17,39.6,False
8842,2026-06-12,Ahmedabad,North Indian,437.57,15.06,True,3.97,25.4,False
8843,2026-06-12,Surat,Chinese,305.99,13.0,False,3.77,34.6,False
8844,2026-06-12,Nagpur,Chinese,298.46,10.64,True,3.95,39.5,False
8845,2026-06-12,Bengaluru,South Indian,250.7,13.35,False,4.53,37.3,False
8846,2026-06-12,Bengaluru,South Indian,153.95,11.82,False,4.21,26.3,False
8847,2026-06-12,Bhopal,Chinese,478.84,16.22,False,,31.7,False
8848,2026-06-12,Bengaluru,Chinese,350.5,12.41,True,3.73,28.8,False
8849,2026-06-12,Bengaluru,Chinese,266.55,15.01,True,,34.5,False
8850,2026-06-12,Pune,Chinese,402.95,14.89,True,4.43,14.8,False
8851,2026-06-12,Nagpur,Chinese,349.9,11.97,True,3.83,36.8,False
8852,2026-06-12,Bhopal,North Indian,420.25,14.91,True,4.6,28.8,False
8853,2026-06-12,Hyderabad,Chinese,235.88,16.68,True,4.17,32.7,False
8854,2026-06-12,Hyderabad,South Indian,250.6,13.44,False,4.27,33.0,False
8855,2026-06-12,Pune,North Indian,502.4,12.71,False,4.29,27.2,False
8856,2026-06-12,Nagpur,South Indian,240.57,11.51,False,3.86,26.1,False
8857,2026-06-12,Bhopal,Desserts & Bakery,308.93,12.89,False,,33.2,False
8858,2026-06-12,Delhi,North Indian,271.03,14.07,True,3.96,42.4,False
8859,2026-06-12,Hyderabad,North Indian,423.77,11.73,True,4.07,32.9,False
8860,2026-06-12,Hyderabad,South Indian,225.4,12.38,False,4.16,41.1,False
8861,2026-06-12,Bengaluru,Chinese,330.51,14.96,False,4.63,43.1,False
8862,2026-06-12,Mumbai,North Indian,428.03,14.7,True,3.38,37.9,False
8863,2026-06-12,Bengaluru,North Indian,420.9,12.65,True,4.1,39.7,False
8864,2026-06-12,Nagpur,North Indian,420.14,13.52,True,3.59,23.1,False
8865,2026-06-12,Bengaluru,Italian,399.13,16.9,True,3.63,36.9,False
8866,2026-06-12,Bengaluru,North Indian,393.19,15.17,True,3.82,40.7,False
8867,2026-06-12,Chennai,South Indian,320.45,12.72,True,3.91,36.0,False
8868,2026-06-12,Pune,South Indian,350.16,15.26,False,4.13,29.3,False
8869,2026-06-12,Guwahati,Chinese,393.45,14.21,False,4.19,24.7,False
8870,2026-06-12,Nagpur,North Indian,373.47,13.44,False,3.63,41.2,False
8871,2026-06-12,Hyderabad,North Indian,490.34,14.61,True,4.31,43.8,False
8872,2026-06-12,Ranchi,South Indian,243.97,13.06,True,4.23,29.3,False
8873,2026-06-12,Chennai,North Indian,470.2,15.8,True,4.36,34.9,False
8874,2026-06-12,Chandigarh,Chinese,491.03,15.15,True,4.2,17.7,False
8875,2026-06-12,Ahmedabad,Chinese,313.48,12.89,True,3.6,37.4,False
8876,2026-06-12,Delhi,North Indian,468.39,14.91,True,4.26,37.9,False
8877,2026-06-12,Hyderabad,South Indian,336.61,15.46,True,,26.2,False
8878,2026-06-12,Chandigarh,Desserts & Bakery,162.87,14.93,True,3.88,28.9,False
8879,2026-06-12,Ranchi,South Indian,208.65,15.42,True,4.28,35.8,False
8880,2026-06-12,Ahmedabad,North Indian,342.35,15.83,True,4.0,35.1,False
8881,2026-06-12,Mumbai,South Indian,279.04,14.38,False,3.87,40.7,False
8882,2026-06-12,Bengaluru,North Indian,418.15,13.09,False,4.1,35.4,False
8883,2026-06-12,Bengaluru,South Indian,277.1,11.07,False,3.99,39.9,False
8884,2026-06-12,Ahmedabad,Desserts & Bakery,223.0,16.18,True,4.13,34.2,False
8885,2026-06-12,Chennai,North Indian,248.47,11.22,True,4.37,39.8,False
8886,2026-06-12,Kochi,South Indian,247.97,14.78,True,4.84,39.8,False
8887,2026-06-12,Surat,South Indian,266.56,13.56,True,4.37,24.7,False
8888,2026-06-12,Ahmedabad,South Indian,251.58,9.96,False,3.82,36.8,False
8889,2026-06-12,Nagpur,Chinese,418.97,13.79,False,4.5,36.7,False
8890,2026-06-12,Delhi,North Indian,399.11,16.3,False,3.73,28.0,False
8891,2026-06-12,Hyderabad,South Indian,381.33,13.14,False,4.29,37.0,False
8892,2026-06-12,Mumbai,Italian,544.95,19.41,True,4.27,50.7,False
8893,2026-06-12,Pune,North Indian,534.44,14.11,True,3.9,23.0,False
8894,2026-06-12,Hyderabad,North Indian,277.13,10.64,True,4.07,38.6,False
8895,2026-06-12,Delhi,North Indian,344.84,14.59,False,3.99,33.6,False
8896,2026-06-12,Chandigarh,Chinese,396.47,13.18,False,4.68,20.2,False
8897,2026-06-12,Mumbai,Chinese,318.97,12.24,True,3.76,45.5,False
8898,2026-06-13,Bengaluru,Chinese,420.34,15.42,False,4.75,30.5,True
8899,2026-06-13,Bengaluru,South Indian,274.61,13.6,True,4.1,40.5,True
8900,2026-06-13,Mumbai,South Indian,272.27,13.82,False,4.45,20.5,True
8901,2026-06-13,Nagpur,South Indian,258.65,13.66,True,4.04,32.9,True
8902,2026-06-13,Kochi,Chinese,247.62,16.43,False,4.45,26.8,True
8903,2026-06-13,Surat,South Indian,287.35,11.87,False,3.76,38.3,True
8904,2026-06-13,Ranchi,North Indian,392.97,14.29,False,4.05,45.3,True
8905,2026-06-13,Mumbai,South Indian,315.9,17.32,False,4.32,33.9,True
8906,2026-06-13,Hyderabad,Chinese,468.83,15.48,True,4.35,38.1,True
8907,2026-06-13,Mumbai,North Indian,274.42,15.69,False,4.17,24.6,True
8908,2026-06-13,Surat,North Indian,510.23,15.06,True,4.39,26.1,True
8909,2026-06-13,Pune,Italian,346.48,13.84,True,,26.8,True
8910,2026-06-13,Mumbai,South Indian,218.58,14.68,True,4.27,43.3,True
8911,2026-06-13,Ahmedabad,North Indian,488.85,16.03,True,4.16,23.6,True
8912,2026-06-13,Delhi,South Indian,442.45,12.34,False,4.0,29.1,True
8913,2026-06-13,Nagpur,South Indian,260.33,10.95,False,4.19,31.1,True
8914,2026-06-13,Chennai,Desserts & Bakery,202.1,14.42,False,3.98,34.3,True
8915,2026-06-13,Pune,South Indian,293.14,14.16,False,4.09,32.5,True
8916,2026-06-13,Chennai,North Indian,664.91,15.2,True,4.4,32.4,True
8917,2026-06-13,Nagpur,South Indian,177.76,16.58,True,3.94,40.0,True
8918,2026-06-13,Chandigarh,North Indian,624.98,15.42,True,3.79,35.5,True
8919,2026-06-13,Guwahati,South Indian,162.29,15.11,True,4.19,37.7,True
8920,2026-06-13,Nagpur,North Indian,531.02,17.89,True,4.36,27.5,True
8921,2026-06-13,Chennai,South Indian,237.54,13.3,False,4.2,44.5,True
8922,2026-06-13,Surat,South Indian,89.19,13.72,False,3.97,16.6,True
8923,2026-06-13,Nagpur,Chinese,119.2,14.12,True,4.0,39.8,True
8924,2026-06-13,Ranchi,North Indian,450.96,15.67,False,3.82,32.3,True
8925,2026-06-13,Surat,Italian,604.77,14.28,False,3.73,38.8,True
8926,2026-06-13,Mumbai,Italian,557.87,14.49,True,4.19,30.3,True
8927,2026-06-13,Ranchi,Chinese,406.54,13.91,True,4.3,33.5,True
8928,2026-06-13,Pune,Chinese,468.3,16.24,False,4.04,29.8,True
8929,2026-06-13,Surat,Chinese,272.71,13.09,False,4.22,32.4,True
8930,2026-06-13,Nagpur,Chinese,305.4,13.01,True,,29.7,True
8931,2026-06-13,Guwahati,Italian,486.38,14.52,True,,30.5,True
8932,2026-06-13,Kochi,Desserts & Bakery,142.02,16.46,False,4.45,25.4,True
8933,2026-06-13,Delhi,Chinese,363.97,19.27,True,,37.8,True
8934,2026-06-13,Pune,North Indian,312.16,11.79,True,3.7,28.0,True
8935,2026-06-13,Pune,Chinese,365.72,10.81,False,,30.7,True
8936,2026-06-13,Hyderabad,North Indian,471.92,15.76,True,4.56,27.3,True
8937,2026-06-13,Bhopal,South Indian,243.4,15.47,True,4.77,58.2,True
8938,2026-06-13,Bhopal,North Indian,274.46,17.8,True,4.73,31.6,True
8939,2026-06-13,Kochi,Chinese,429.08,13.92,False,3.97,45.0,True
8940,2026-06-13,Mumbai,South Indian,243.86,14.14,True,4.0,35.4,True
8941,2026-06-13,Nagpur,North Indian,445.09,13.44,False,,42.5,True
8942,2026-06-13,Delhi,North Indian,462.33,12.32,True,4.01,45.2,True
8943,2026-06-13,Pune,Italian,452.68,12.37,True,3.87,23.7,True
8944,2026-06-13,Nagpur,South Indian,209.12,15.52,False,3.58,28.5,True
8945,2026-06-13,Delhi,North Indian,468.44,13.86,True,4.02,24.2,True
8946,2026-06-13,Hyderabad,Chinese,397.28,13.8,True,3.73,39.9,True
8947,2026-06-13,Guwahati,North Indian,251.4,13.31,True,4.06,30.5,True
8948,2026-06-13,Hyderabad,North Indian,464.36,13.8,True,4.06,41.8,True
8949,2026-06-13,Chennai,Chinese,434.05,13.69,True,4.75,33.5,True
8950,2026-06-13,Pune,Chinese,327.76,14.21,False,4.06,31.4,True
8951,2026-06-13,Nagpur,North Indian,325.05,15.18,True,4.96,33.2,True
8952,2026-06-13,Bhopal,Desserts & Bakery,222.32,19.5,True,,28.1,True
8953,2026-06-13,Mumbai,South Indian,229.9,16.32,True,4.4,28.4,True
8954,2026-06-13,Pune,Desserts & Bakery,146.62,15.94,True,2.96,30.0,True
8955,2026-06-13,Delhi,South Indian,164.35,15.63,True,4.31,35.8,True
8956,2026-06-13,Chennai,South Indian,278.88,14.07,False,4.72,32.8,True
8957,2026-06-13,Guwahati,Chinese,286.69,14.91,True,3.43,45.2,True
8958,2026-06-13,Bengaluru,Chinese,444.74,18.28,True,4.5,42.8,True
8959,2026-06-13,Mumbai,North Indian,376.03,15.89,False,3.95,26.3,True
8960,2026-06-13,Hyderabad,South Indian,175.58,13.75,False,,39.4,True
8961,2026-06-13,Mumbai,Chinese,290.49,16.77,True,4.25,21.5,True
8962,2026-06-13,Chennai,Chinese,304.64,17.03,True,3.62,41.0,True
8963,2026-06-13,Delhi,North Indian,150.53,14.36,False,4.44,32.5,True
8964,2026-06-13,Bengaluru,Italian,675.92,13.38,True,4.3,31.5,True
8965,2026-06-13,Chennai,South Indian,241.16,16.49,True,4.72,28.5,True
8966,2026-06-13,Bhopal,Desserts & Bakery,164.86,13.64,True,3.29,31.2,True
8967,2026-06-13,Surat,Desserts & Bakery,181.18,13.79,True,4.16,30.1,True
8968,2026-06-13,Chandigarh,North Indian,313.2,13.67,True,4.1,31.4,True
8969,2026-06-13,Chennai,Chinese,289.16,9.44,True,4.22,35.7,True
8970,2026-06-13,Delhi,Italian,433.14,15.27,True,4.27,47.1,True
8971,2026-06-13,Hyderabad,North Indian,570.74,16.25,True,3.61,36.3,True
8972,2026-06-13,Nagpur,South Indian,188.04,13.25,True,4.56,36.5,True
8973,2026-06-13,Bhopal,North Indian,480.7,10.43,True,4.55,37.1,True
8974,2026-06-13,Ranchi,Italian,421.39,15.59,True,3.47,34.9,True
8975,2026-06-13,Pune,North Indian,369.61,13.15,True,4.18,38.0,True
8976,2026-06-13,Pune,North Indian,365.8,13.8,True,4.6,36.2,True
8977,2026-06-13,Nagpur,Chinese,506.3,13.24,True,3.76,37.2,True
8978,2026-06-13,Bengaluru,North Indian,437.0,17.74,True,4.26,42.2,True
8979,2026-06-13,Mumbai,South Indian,315.54,14.85,False,3.97,27.4,True
8980,2026-06-13,Pune,North Indian,449.08,16.04,True,3.71,28.6,True
8981,2026-06-13,Bengaluru,North Indian,480.45,12.72,False,4.18,32.1,True
8982,2026-06-13,Delhi,Italian,543.97,12.56,True,4.22,35.9,True
8983,2026-06-13,Bengaluru,Chinese,444.79,18.1,True,4.34,25.1,True
8984,2026-06-13,Hyderabad,North Indian,233.33,15.51,True,3.65,39.6,True
8985,2026-06-13,Mumbai,South Indian,178.26,15.12,True,4.25,54.1,True
8986,2026-06-13,Bengaluru,South Indian,159.45,15.65,True,4.26,29.6,True
8987,2026-06-13,Delhi,Italian,404.88,14.58,True,3.62,23.8,True
8988,2026-06-13,Ahmedabad,South Indian,234.8,15.13,True,4.52,29.7,True
8989,2026-06-13,Bengaluru,Chinese,380.32,15.62,True,4.66,27.8,True
8990,2026-06-13,Ranchi,North Indian,483.19,16.16,True,3.82,30.3,True
8991,2026-06-13,Hyderabad,Chinese,339.45,12.84,True,3.73,36.3,True
8992,2026-06-13,Chennai,South Indian,247.34,12.78,False,4.12,24.7,True
8993,2026-06-13,Ranchi,Desserts & Bakery,131.5,10.73,True,3.54,31.0,True
8994,2026-06-13,Bengaluru,South Indian,162.05,14.55,True,4.45,40.9,True
8995,2026-06-13,Kochi,South Indian,302.54,13.27,True,4.07,42.8,True
8996,2026-06-13,Delhi,Desserts & Bakery,157.95,15.29,True,4.03,31.5,True
8997,2026-06-13,Bengaluru,North Indian,425.34,18.91,True,4.1,36.4,True
8998,2026-06-13,Chennai,Chinese,494.32,17.17,True,3.8,29.6,True
8999,2026-06-13,Bengaluru,North Indian,450.12,11.39,True,4.66,19.3,True
9000,2026-06-13,Chennai,North Indian,360.75,15.39,False,4.95,31.0,True
9001,2026-06-13,Kochi,North Indian,484.92,15.67,True,4.07,33.8,True
9002,2026-06-13,Mumbai,South Indian,256.27,15.45,True,3.92,27.8,True
9003,2026-06-13,Surat,South Indian,251.33,15.03,True,4.59,37.8,True
9004,2026-06-13,Delhi,Italian,465.88,11.66,False,4.19,44.7,True
9005,2026-06-13,Kochi,Chinese,328.57,16.36,True,4.22,39.8,True
9006,2026-06-13,Guwahati,Desserts & Bakery,216.85,15.61,True,4.44,41.2,True
9007,2026-06-13,Mumbai,South Indian,282.08,15.07,False,4.26,27.4,True
9008,2026-06-13,Chennai,Chinese,318.52,16.44,True,4.32,49.7,True
9009,2026-06-13,Pune,South Indian,187.45,13.59,False,3.59,36.1,True
9010,2026-06-13,Chennai,North Indian,425.16,12.11,False,4.02,37.2,True
9011,2026-06-13,Mumbai,Chinese,438.79,14.6,True,4.11,35.4,True
9012,2026-06-13,Hyderabad,Italian,786.09,15.72,True,,41.7,True
9013,2026-06-13,Nagpur,South Indian,150.48,17.58,False,4.84,33.9,True
9014,2026-06-13,Bengaluru,North Indian,393.03,12.53,False,4.09,32.6,True
9015,2026-06-13,Delhi,Chinese,364.26,13.6,True,4.14,29.7,True
9016,2026-06-13,Hyderabad,Chinese,396.84,12.93,True,,28.2,True
9017,2026-06-13,Bengaluru,Chinese,285.34,17.14,False,4.52,22.5,True
9018,2026-06-13,Delhi,North Indian,419.83,11.99,True,4.23,34.8,True
9019,2026-06-13,Chandigarh,Chinese,449.86,13.42,True,4.5,19.6,True
9020,2026-06-13,Bengaluru,North Indian,459.94,14.63,True,3.97,31.2,True
9021,2026-06-13,Pune,Chinese,292.05,18.42,False,4.1,29.3,True
9022,2026-06-13,Pune,North Indian,279.92,16.3,False,,28.1,True
9023,2026-06-13,Chandigarh,Desserts & Bakery,185.89,15.0,False,4.14,33.5,True
9024,2026-06-13,Bhopal,Italian,413.17,13.29,False,3.82,36.8,True
9025,2026-06-13,Bengaluru,Chinese,271.33,19.34,True,,22.3,True
9026,2026-06-13,Chennai,South Indian,212.65,15.21,True,3.92,33.3,True
9027,2026-06-13,Hyderabad,Chinese,325.27,12.51,True,4.15,40.3,True
9028,2026-06-13,Mumbai,Chinese,385.65,16.39,True,4.09,24.1,True
9029,2026-06-13,Guwahati,Chinese,284.93,17.61,False,4.65,43.6,True
9030,2026-06-13,Guwahati,Italian,497.63,19.88,True,4.01,32.4,True
9031,2026-06-13,Ahmedabad,North Indian,398.55,11.97,False,4.61,35.7,True
9032,2026-06-13,Mumbai,South Indian,275.75,12.73,True,3.91,35.9,True
9033,2026-06-13,Delhi,North Indian,489.67,14.01,True,4.24,31.7,True
9034,2026-06-13,Delhi,Chinese,356.34,11.12,True,5.0,28.3,True
9035,2026-06-13,Pune,North Indian,534.58,12.04,False,3.18,30.3,True
9036,2026-06-13,Mumbai,Italian,417.5,15.52,True,4.8,34.9,True
9037,2026-06-13,Delhi,Chinese,248.39,13.36,False,4.01,27.9,True
9038,2026-06-13,Hyderabad,North Indian,327.73,15.15,False,3.68,28.4,True
9039,2026-06-13,Ranchi,Italian,402.17,12.21,False,3.88,40.1,True
9040,2026-06-13,Hyderabad,Chinese,425.15,13.28,False,3.94,40.4,True
9041,2026-06-13,Bhopal,South Indian,259.91,13.04,False,4.24,44.8,True
9042,2026-06-13,Kochi,Italian,651.27,17.91,True,3.71,40.9,True
9043,2026-06-13,Mumbai,North Indian,390.6,13.78,False,3.88,43.0,True
9044,2026-06-13,Guwahati,Italian,560.25,15.89,True,4.38,33.5,True
9045,2026-06-13,Chennai,South Indian,316.72,15.49,False,4.24,37.1,True
9046,2026-06-13,Mumbai,North Indian,612.32,14.77,True,4.27,28.1,True
9047,2026-06-13,Delhi,South Indian,268.1,12.75,False,4.56,48.6,True
9048,2026-06-13,Bhopal,North Indian,459.9,13.93,True,3.62,38.5,True
9049,2026-06-13,Kochi,South Indian,296.25,12.28,True,3.99,24.0,True
9050,2026-06-13,Bhopal,North Indian,421.04,15.32,True,4.28,33.2,True
9051,2026-06-13,Hyderabad,Chinese,426.23,19.08,True,3.65,30.6,True
9052,2026-06-13,Nagpur,Italian,507.67,13.51,True,4.18,35.1,True
9053,2026-06-13,Bengaluru,Chinese,427.09,14.0,True,3.69,28.3,True
9054,2026-06-14,Nagpur,North Indian,381.08,18.71,True,3.98,35.4,True
9055,2026-06-14,Chennai,Chinese,237.48,18.02,True,3.92,30.1,True
9056,2026-06-14,Nagpur,South Indian,349.65,16.09,True,4.1,24.6,True
9057,2026-06-14,Bengaluru,Italian,438.28,14.32,False,4.45,24.2,True
9058,2026-06-14,Delhi,South Indian,259.15,16.43,False,4.43,27.0,True
9059,2026-06-14,Delhi,South Indian,266.73,16.6,True,4.05,43.6,True
9060,2026-06-14,Guwahati,North Indian,425.51,12.15,True,4.14,35.4,True
9061,2026-06-14,Bengaluru,North Indian,486.62,14.2,False,4.52,18.4,True
9062,2026-06-14,Chennai,Chinese,453.55,16.9,False,4.87,38.8,True
9063,2026-06-14,Mumbai,North Indian,481.11,13.97,True,4.17,47.8,True
9064,2026-06-14,Pune,Chinese,354.18,14.53,True,4.6,51.2,True
9065,2026-06-14,,North Indian,425.68,11.91,False,4.22,46.0,True
9066,2026-06-14,Surat,Chinese,350.16,15.18,False,3.68,27.8,True
9067,2026-06-14,Bhopal,North Indian,337.43,14.37,False,3.89,21.4,True
9068,2026-06-14,Hyderabad,Chinese,393.16,14.12,False,,32.2,True
9069,2026-06-14,Chennai,Italian,470.42,17.06,False,3.86,28.1,True
9070,2026-06-14,Bengaluru,North Indian,416.3,13.27,True,4.46,31.5,True
9071,2026-06-14,Hyderabad,South Indian,225.55,16.44,True,3.83,22.0,True
9072,2026-06-14,Hyderabad,South Indian,211.61,10.35,True,4.31,35.2,True
9073,2026-06-14,Pune,Chinese,200.54,11.58,False,3.8,27.7,True
9074,2026-06-14,Chennai,North Indian,429.13,12.01,True,4.81,37.8,True
9075,2026-06-14,Bhopal,North Indian,412.55,14.05,False,4.47,22.0,True
9076,2026-06-14,Chennai,North Indian,433.24,14.36,True,4.05,41.2,True
9077,2026-06-14,Pune,Chinese,411.82,15.36,True,,31.4,True
9078,2026-06-14,Hyderabad,Desserts & Bakery,182.12,12.09,True,4.24,23.2,True
9079,2026-06-14,Chennai,Desserts & Bakery,238.28,13.1,True,4.93,32.5,True
9080,2026-06-14,Pune,North Indian,304.15,14.51,False,3.96,33.0,True
9081,2026-06-14,Guwahati,North Indian,593.02,15.61,True,,33.2,True
9082,2026-06-14,Chandigarh,South Indian,218.25,12.94,False,4.64,39.3,True
9083,2026-06-14,Ahmedabad,Chinese,326.5,12.81,True,4.31,27.0,True
9084,2026-06-14,Guwahati,South Indian,231.03,12.81,False,4.15,33.2,True
9085,2026-06-14,Ranchi,South Indian,248.6,11.67,True,4.16,37.0,True
9086,2026-06-14,Delhi,North Indian,508.49,13.35,False,4.16,33.0,True
9087,2026-06-14,Ahmedabad,Chinese,421.08,15.76,True,3.56,32.3,True
9088,2026-06-14,Nagpur,South Indian,234.95,10.94,False,3.99,27.3,True
9089,2026-06-14,Pune,North Indian,320.86,14.93,True,4.43,38.2,True
9090,2026-06-14,Ranchi,North Indian,408.22,14.56,True,4.62,36.0,True
9091,2026-06-14,Mumbai,North Indian,509.41,16.69,False,4.59,24.0,True
9092,2026-06-14,Pune,North Indian,352.82,17.66,True,4.92,21.5,True
9093,2026-06-14,Guwahati,South Indian,248.14,14.26,False,,40.5,True
9094,2026-06-14,Pune,South Indian,356.78,16.15,True,4.45,38.4,True
9095,2026-06-14,Ranchi,Italian,639.91,16.64,True,4.04,32.3,True
9096,2026-06-14,Hyderabad,South Indian,265.94,12.83,True,4.33,31.5,True
9097,2026-06-14,Delhi,Italian,650.34,15.77,False,4.35,26.8,True
9098,2026-06-14,Guwahati,North Indian,525.74,15.54,True,4.35,29.1,True
9099,2026-06-14,Delhi,Desserts & Bakery,184.71,10.46,True,4.7,31.5,True
9100,2026-06-14,Ahmedabad,North Indian,366.2,13.23,True,4.41,28.0,True
9101,2026-06-14,Ahmedabad,Desserts & Bakery,164.88,13.88,True,3.98,28.2,True
9102,2026-06-14,Kochi,Chinese,356.08,10.9,True,4.57,38.3,True
9103,2026-06-14,Bengaluru,North Indian,521.69,16.54,False,,40.4,True
9104,2026-06-14,Delhi,South Indian,351.87,12.2,True,3.66,23.0,True
9105,2026-06-14,Ranchi,Italian,663.84,12.87,True,4.48,40.6,True
9106,2026-06-14,Bhopal,Chinese,353.58,14.53,False,4.82,35.9,True
9107,2026-06-14,Ranchi,South Indian,300.97,12.18,False,,35.2,True
9108,2026-06-14,Pune,South Indian,111.99,18.29,True,4.6,25.4,True
9109,2026-06-14,Kochi,North Indian,435.3,14.67,True,4.16,38.7,True
9110,2026-06-14,Pune,North Indian,448.97,10.37,False,4.18,44.8,True
9111,2026-06-14,Delhi,Chinese,360.23,16.83,True,4.23,31.2,True
9112,2026-06-14,Chennai,South Indian,266.21,15.11,True,4.29,23.7,True
9113,2026-06-14,Surat,Chinese,450.37,11.18,True,3.23,38.1,True
9114,2026-06-14,Chennai,Chinese,331.18,14.96,False,3.76,48.7,True
9115,2026-06-14,Delhi,Desserts & Bakery,97.95,12.83,False,,30.5,True
9116,2026-06-14,Delhi,Chinese,187.74,13.93,True,3.97,41.0,True
9117,2026-06-14,Ahmedabad,North Indian,527.55,16.73,True,,24.5,True
9118,2026-06-14,Chandigarh,South Indian,322.7,12.52,True,4.03,27.0,True
9119,2026-06-14,Ahmedabad,Italian,454.96,15.06,True,3.75,30.4,True
9120,2026-06-14,Pune,South Indian,400.55,16.78,False,4.52,43.5,True
9121,2026-06-14,Mumbai,Chinese,355.54,15.63,True,4.49,23.9,True
9122,2026-06-14,Chennai,Desserts & Bakery,268.25,10.74,True,4.71,38.7,True
9123,2026-06-14,Kochi,North Indian,405.8,12.28,True,3.85,26.7,True
9124,2026-06-14,Bengaluru,Desserts & Bakery,193.73,15.2,False,4.51,40.3,True
9125,2026-06-14,Ranchi,North Indian,285.47,12.82,False,3.76,38.0,True
9126,2026-06-14,Surat,Italian,694.31,13.63,False,4.59,34.6,True
9127,2026-06-14,Delhi,North Indian,383.58,14.34,False,3.83,34.4,True
9128,2026-06-14,Mumbai,South Indian,314.88,14.22,True,3.75,32.2,True
9129,2026-06-14,Ranchi,North Indian,457.71,14.56,True,3.83,36.7,True
9130,2026-06-14,Bengaluru,North Indian,409.84,12.26,True,,15.6,True
9131,2026-06-14,Delhi,North Indian,476.39,14.47,True,3.73,30.9,True
9132,2026-06-14,Hyderabad,Chinese,433.11,13.43,True,4.43,42.3,True
9133,2026-06-14,Nagpur,Chinese,414.75,13.23,True,3.84,27.5,True
9134,2026-06-14,Kochi,North Indian,487.48,14.84,True,4.09,28.5,True
9135,2026-06-14,Chandigarh,South Indian,351.54,14.66,False,3.96,25.1,True
9136,2026-06-14,Ranchi,North Indian,579.79,13.07,True,4.39,29.6,True
9137,2026-06-14,Chennai,Italian,291.06,14.71,True,3.9,39.5,True
9138,2026-06-14,Ahmedabad,Chinese,442.49,10.99,False,3.76,28.8,True
9139,2026-06-14,Bhopal,South Indian,335.58,13.6,False,4.19,35.9,True
9140,2026-06-14,Bhopal,Chinese,451.08,12.81,True,4.44,41.6,True
9141,2026-06-14,Guwahati,North Indian,332.2,18.94,True,3.95,12.0,True
9142,2026-06-14,Chennai,North Indian,410.93,12.77,True,3.59,34.5,True
9143,2026-06-14,Mumbai,North Indian,435.46,14.78,False,4.3,29.1,True
9144,2026-06-14,Ahmedabad,South Indian,291.13,13.56,True,3.41,32.5,True
9145,2026-06-14,Bhopal,North Indian,328.67,16.61,False,4.32,39.0,True
9146,2026-06-14,Bhopal,Italian,501.33,13.29,True,3.72,21.6,True
9147,2026-06-14,Hyderabad,Chinese,256.56,17.57,False,4.52,44.6,True
9148,2026-06-14,Bengaluru,North Indian,395.5,17.89,True,3.81,44.2,True
9149,2026-06-14,Pune,Chinese,314.95,15.43,True,3.83,27.7,True
9150,2026-06-14,Bengaluru,Desserts & Bakery,257.74,11.12,False,4.65,36.3,True
9151,2026-06-14,Bhopal,Chinese,443.18,13.16,False,4.39,21.7,True
9152,2026-06-14,Surat,South Indian,289.25,14.37,True,5.0,40.4,True
9153,2026-06-14,Delhi,Chinese,483.89,13.15,True,3.69,33.9,True
9154,2026-06-14,Chandigarh,North Indian,446.12,13.51,False,3.53,34.8,True
9155,2026-06-14,Bengaluru,Chinese,400.38,11.71,True,4.0,38.8,True
9156,2026-06-14,Chandigarh,Chinese,491.04,16.79,False,3.89,32.2,True
9157,2026-06-14,Surat,Chinese,282.84,17.24,True,3.9,43.6,True
9158,2026-06-14,Ahmedabad,North Indian,468.55,14.28,True,3.7,29.2,True
9159,2026-06-14,Ahmedabad,Chinese,437.01,14.33,True,3.71,29.3,True
9160,2026-06-14,Guwahati,Chinese,275.89,14.86,True,4.2,29.7,True
9161,2026-06-14,Surat,North Indian,337.0,16.33,False,,24.3,True
9162,2026-06-14,Delhi,North Indian,384.5,16.06,False,3.87,33.2,True
9163,2026-06-14,Ahmedabad,Italian,642.45,13.19,False,3.78,37.2,True
9164,2026-06-14,Delhi,South Indian,138.12,14.83,False,3.58,41.0,True
9165,2026-06-14,Chennai,Desserts & Bakery,229.7,16.34,False,4.52,37.0,True
9166,2026-06-14,Bhopal,South Indian,312.28,16.39,False,3.83,31.6,True
9167,2026-06-14,Surat,Chinese,373.48,16.6,True,4.48,36.1,True
9168,2026-06-14,Mumbai,Desserts & Bakery,236.08,12.21,True,3.85,34.7,True
9169,2026-06-14,Bhopal,Chinese,499.81,12.47,True,4.71,17.4,True
9170,2026-06-14,Surat,Chinese,407.67,15.49,False,4.37,35.8,True
9171,2026-06-14,Bengaluru,North Indian,430.91,12.7,True,4.51,47.1,True
9172,2026-06-14,Chandigarh,South Indian,240.15,16.11,True,3.83,27.5,True
9173,2026-06-14,Pune,Chinese,485.15,12.56,True,3.97,28.5,True
9174,2026-06-14,Nagpur,Chinese,314.1,15.96,True,4.03,25.5,True
9175,2026-06-14,Ahmedabad,South Indian,265.82,13.8,False,3.99,27.3,True
9176,2026-06-14,Bengaluru,North Indian,440.35,15.33,True,4.79,33.7,True
9177,2026-06-14,Guwahati,Italian,397.66,11.77,True,3.88,25.0,True
9178,2026-06-14,Hyderabad,North Indian,261.83,14.62,True,3.69,17.4,True
9179,2026-06-14,Bhopal,North Indian,486.99,17.49,False,4.05,42.0,True
9180,2026-06-14,Pune,South Indian,257.15,15.09,True,4.31,32.7,True
9181,2026-06-14,Pune,North Indian,297.58,15.23,True,3.9,21.1,True
9182,2026-06-14,Chennai,Desserts & Bakery,251.07,14.7,False,4.0,41.9,True
9183,2026-06-14,Chennai,South Indian,280.32,17.34,False,4.49,31.5,True
9184,2026-06-14,Delhi,South Indian,307.82,12.03,True,3.78,29.2,True
9185,2026-06-14,Ahmedabad,Italian,445.5,13.73,True,4.58,29.1,True
9186,2026-06-14,Mumbai,Chinese,342.08,14.45,True,4.1,32.2,True
9187,2026-06-14,Ahmedabad,South Indian,176.48,15.63,True,3.89,37.6,True
9188,2026-06-14,Bhopal,North Indian,506.76,19.12,False,4.19,38.9,True
9189,2026-06-14,Pune,South Indian,192.6,16.28,False,4.24,21.8,True
9190,2026-06-14,Hyderabad,South Indian,331.22,13.12,True,,33.6,True
9191,2026-06-15,Mumbai,South Indian,339.62,17.29,False,4.33,31.1,False
9192,2026-06-15,Mumbai,South Indian,286.95,13.27,False,3.76,50.2,False
9193,2026-06-15,Delhi,Chinese,474.91,15.82,True,4.15,39.5,False
9194,2026-06-15,Chennai,Desserts & Bakery,148.87,14.85,False,4.44,45.7,False
9195,2026-06-15,Ahmedabad,Desserts & Bakery,184.36,14.49,False,3.93,35.7,False
9196,2026-06-15,Delhi,North Indian,370.69,16.67,True,3.78,32.2,False
9197,2026-06-15,Ranchi,Desserts & Bakery,192.29,15.03,True,4.42,38.1,False
9198,2026-06-15,Chennai,North Indian,425.19,14.88,True,4.28,37.3,False
9199,2026-06-15,Delhi,Chinese,385.14,14.31,True,3.92,23.9,False
9200,2026-06-15,Pune,Chinese,402.73,14.07,True,4.22,27.3,False
9201,2026-06-15,Chennai,North Indian,348.17,10.61,True,3.68,38.9,False
9202,2026-06-15,Hyderabad,Chinese,312.59,16.21,True,4.24,41.9,False
9203,2026-06-15,Surat,North Indian,381.42,12.34,True,3.71,30.2,False
9204,2026-06-15,Bengaluru,Italian,494.83,14.55,False,4.41,36.2,False
9205,2026-06-15,Chandigarh,Italian,481.52,14.91,True,3.68,38.9,False
9206,2026-06-15,Ahmedabad,North Indian,475.32,15.6,False,,29.8,False
9207,2026-06-15,Ahmedabad,South Indian,269.19,16.1,False,4.56,29.1,False
9208,2026-06-15,Pune,Italian,443.65,11.48,False,4.01,45.4,False
9209,2026-06-15,Kochi,Chinese,266.63,16.0,True,3.8,29.4,False
9210,2026-06-15,Mumbai,Chinese,392.48,14.01,True,4.51,39.0,False
9211,2026-06-15,Guwahati,North Indian,503.42,13.39,False,3.82,29.8,False
9212,2026-06-15,Nagpur,Chinese,288.08,13.63,True,3.8,28.0,False
9213,2026-06-15,Bengaluru,Chinese,302.98,15.97,False,4.06,27.9,False
9214,2026-06-15,Pune,Desserts & Bakery,285.39,17.95,True,3.74,41.9,False
9215,2026-06-15,Ranchi,South Indian,236.57,14.68,False,3.92,45.3,False
9216,2026-06-15,Delhi,Italian,626.33,11.96,False,4.19,34.4,False
9217,2026-06-15,Mumbai,Italian,629.1,16.02,False,4.07,35.9,False
9218,2026-06-15,Bhopal,North Indian,484.22,10.81,False,3.84,26.3,False
9219,2026-06-15,Chennai,North Indian,465.42,15.67,True,4.27,32.3,False
9220,2026-06-15,Delhi,South Indian,257.99,13.44,True,3.57,36.9,False
9221,2026-06-15,Ranchi,Desserts & Bakery,269.65,13.0,False,4.41,29.0,False
9222,2026-06-15,Mumbai,North Indian,515.55,16.86,True,4.05,40.1,False
9223,2026-06-15,Bengaluru,Chinese,394.36,14.18,False,4.41,26.6,False
9224,2026-06-15,Chennai,Chinese,482.08,13.18,True,,27.8,False
9225,2026-06-15,Surat,Chinese,423.83,15.43,False,4.08,38.1,False
9226,2026-06-15,Mumbai,North Indian,448.28,11.35,True,4.61,44.1,False
9227,2026-06-15,Hyderabad,Italian,463.68,14.04,True,3.93,40.7,False
9228,2026-06-15,Bhopal,South Indian,293.22,15.96,False,4.6,18.2,False
9229,2026-06-15,Pune,North Indian,448.51,14.02,True,4.24,14.5,False
9230,2026-06-15,Hyderabad,Desserts & Bakery,231.37,16.54,True,3.68,33.3,False
9231,2026-06-15,Chandigarh,Chinese,401.11,15.21,True,4.3,22.8,False
9232,2026-06-15,Delhi,North Indian,450.18,12.83,True,3.34,29.2,False
9233,2026-06-15,Delhi,Italian,390.86,14.85,False,3.96,34.4,False
9234,2026-06-15,Surat,Italian,917.93,13.5,True,4.42,28.7,False
9235,2026-06-15,Ahmedabad,Chinese,262.61,12.92,False,3.83,51.1,False
9236,2026-06-15,Hyderabad,Desserts & Bakery,126.53,16.78,False,4.02,24.6,False
9237,2026-06-15,Chennai,Chinese,330.34,15.13,False,4.42,40.4,False
9238,2026-06-15,Bhopal,North Indian,225.96,11.43,False,,33.2,False
9239,2026-06-15,Pune,South Indian,308.93,13.11,False,,26.9,False
9240,2026-06-15,Bengaluru,North Indian,475.56,15.1,True,3.83,38.7,False
9241,2026-06-15,Bhopal,South Indian,200.2,14.97,True,4.1,34.9,False
9242,2026-06-15,Ahmedabad,South Indian,218.97,17.8,False,4.43,37.1,False
9243,2026-06-15,Surat,Italian,419.18,14.76,True,4.35,19.6,False
9244,2026-06-15,Ahmedabad,Italian,579.57,18.8,False,3.7,42.4,False
9245,2026-06-15,Chandigarh,South Indian,276.19,14.63,False,4.42,18.9,False
9246,2026-06-15,Bengaluru,North Indian,398.03,13.11,False,3.51,32.9,False
9247,2026-06-15,Chennai,Desserts & Bakery,196.36,19.52,True,4.08,28.5,False
9248,2026-06-15,Chennai,South Indian,310.58,17.9,True,4.16,34.5,False
9249,2026-06-15,Mumbai,North Indian,456.72,16.37,False,,34.2,False
9250,2026-06-15,Ahmedabad,Chinese,320.56,18.24,True,,38.6,False
9251,2026-06-15,Kochi,South Indian,345.67,16.31,True,3.87,34.7,False
9252,2026-06-15,Delhi,Chinese,270.65,18.01,True,,35.8,False
9253,2026-06-15,Bhopal,Chinese,330.52,12.62,True,4.07,29.7,False
9254,2026-06-15,Delhi,South Indian,306.06,13.9,True,4.29,32.1,False
9255,2026-06-15,Nagpur,Chinese,235.19,16.01,True,4.95,27.4,False
9256,2026-06-15,Pune,South Indian,158.67,15.32,False,3.43,30.6,False
9257,2026-06-15,Hyderabad,Chinese,460.14,14.63,False,4.35,44.6,False
9258,2026-06-15,Guwahati,North Indian,289.1,15.43,True,4.12,33.3,False
9259,2026-06-15,Hyderabad,North Indian,459.27,17.36,True,3.74,28.7,False
9260,2026-06-15,Nagpur,South Indian,230.82,14.21,True,4.73,43.2,False
9261,2026-06-15,Nagpur,Chinese,279.87,14.83,True,,39.6,False
9262,2026-06-15,Guwahati,Desserts & Bakery,231.93,14.65,False,3.94,36.3,False
9263,2026-06-15,Chennai,South Indian,326.23,15.07,True,4.12,23.3,False
9264,2026-06-15,Nagpur,North Indian,373.8,12.32,True,3.58,28.3,False
9265,2026-06-15,Mumbai,South Indian,302.89,15.44,True,,44.0,False
9266,2026-06-15,Chandigarh,Italian,538.54,11.9,False,4.56,29.0,False
9267,2026-06-15,Nagpur,North Indian,559.93,12.84,False,4.14,28.8,False
9268,2026-06-15,Mumbai,Desserts & Bakery,227.24,16.24,False,,41.2,False
9269,2026-06-15,Pune,Chinese,499.87,15.93,False,4.39,40.1,False
9270,2026-06-15,Mumbai,Chinese,288.46,15.14,True,4.1,32.7,False
9271,2026-06-15,Chennai,North Indian,333.49,13.62,False,4.33,33.8,False
9272,2026-06-15,Hyderabad,North Indian,598.84,13.18,False,4.07,34.9,False
9273,2026-06-15,Mumbai,South Indian,301.24,11.63,False,4.12,39.5,False
9274,2026-06-15,Hyderabad,Italian,402.36,13.0,False,4.46,26.0,False
9275,2026-06-15,Pune,North Indian,582.51,17.58,False,4.02,26.0,False
9276,2026-06-15,Bhopal,North Indian,475.3,12.53,False,3.7,33.3,False
9277,2026-06-15,Bengaluru,South Indian,284.22,17.33,True,3.97,35.3,False
9278,2026-06-15,Ranchi,North Indian,535.18,14.24,True,4.35,40.2,False
9279,2026-06-15,Chennai,Desserts & Bakery,200.67,12.19,True,4.13,21.3,False
9280,2026-06-15,Hyderabad,Chinese,272.28,14.92,True,4.49,24.0,False
9281,2026-06-15,Pune,Desserts & Bakery,193.17,10.06,False,4.0,40.0,False
9282,2026-06-15,Ranchi,South Indian,342.29,15.95,False,3.92,42.0,False
9283,2026-06-15,Bhopal,North Indian,520.33,14.18,False,3.09,45.8,False
9284,2026-06-15,Ahmedabad,Desserts & Bakery,158.38,16.91,False,4.02,32.2,False
9285,2026-06-15,Nagpur,Chinese,446.67,15.58,False,4.17,29.0,False
9286,2026-06-15,Nagpur,Italian,568.11,13.43,True,,21.4,False
9287,2026-06-15,Ranchi,Chinese,438.44,11.67,True,4.04,28.8,False
9288,2026-06-15,Bengaluru,North Indian,385.12,12.14,True,4.7,32.0,False
9289,2026-06-15,Chennai,Chinese,369.59,14.97,True,4.51,27.2,False
9290,2026-06-15,Bhopal,North Indian,504.19,16.19,True,3.58,29.2,False
9291,2026-06-15,Delhi,North Indian,459.97,14.05,True,4.22,33.3,False
9292,2026-06-15,Bengaluru,Italian,613.65,16.38,True,4.2,36.6,False
9293,2026-06-15,Bengaluru,South Indian,234.87,11.94,True,4.51,33.1,False
9294,2026-06-15,Hyderabad,Chinese,295.67,12.15,False,4.23,48.8,False
9295,2026-06-15,Bengaluru,North Indian,274.22,10.5,False,4.25,31.5,False
9296,2026-06-15,Guwahati,Chinese,462.45,12.42,False,4.27,29.5,False
9297,2026-06-15,Bengaluru,Desserts & Bakery,209.89,16.74,False,3.9,35.3,False
9298,2026-06-15,Mumbai,North Indian,407.28,14.26,True,4.41,27.1,False
9299,2026-06-15,Chennai,South Indian,250.35,12.11,False,4.55,33.7,False
9300,2026-06-15,Bhopal,Chinese,362.78,11.83,True,4.26,28.1,False
9301,2026-06-15,Bengaluru,North Indian,335.28,10.72,True,4.35,33.9,False
9302,2026-06-16,Chennai,North Indian,398.37,13.85,True,4.18,28.0,False
9303,2026-06-16,Ranchi,Chinese,320.32,16.1,False,3.79,41.3,False
9304,2026-06-16,Ranchi,South Indian,201.13,11.82,True,4.75,42.2,False
9305,2026-06-16,Guwahati,Italian,623.32,11.41,True,,32.0,False
9306,2026-06-16,Mumbai,Desserts & Bakery,259.92,16.01,True,4.23,36.3,False
9307,2026-06-16,Pune,South Indian,309.49,13.62,True,3.89,36.4,False
9308,2026-06-16,Hyderabad,Chinese,186.96,14.91,False,4.32,53.5,False
9309,2026-06-16,Pune,South Indian,265.97,12.76,True,,28.5,False
9310,2026-06-16,Chandigarh,South Indian,284.59,12.49,True,4.18,45.7,False
9311,2026-06-16,Kochi,South Indian,280.46,12.05,True,4.08,31.4,False
9312,2026-06-16,Chennai,Chinese,444.96,11.85,True,3.58,15.5,False
9313,2026-06-16,Surat,Italian,549.93,13.61,True,4.52,38.5,False
9314,2026-06-16,Chennai,South Indian,270.87,13.24,True,4.3,40.7,False
9315,2026-06-16,Mumbai,North Indian,492.07,15.46,True,,37.4,False
9316,2026-06-16,Hyderabad,South Indian,354.39,14.25,False,4.39,34.4,False
9317,2026-06-16,Ranchi,North Indian,516.04,13.51,True,4.44,20.9,False
9318,2026-06-16,Hyderabad,North Indian,416.72,13.16,True,4.21,28.3,False
9319,2026-06-16,Hyderabad,Chinese,420.2,16.23,False,4.54,35.1,False
9320,2026-06-16,Mumbai,Italian,514.13,15.74,False,3.64,26.3,False
9321,2026-06-16,Pune,Desserts & Bakery,113.29,14.3,False,4.83,24.5,False
9322,2026-06-16,Delhi,North Indian,329.76,16.44,False,4.37,39.2,False
9323,2026-06-16,Delhi,South Indian,316.18,17.63,True,4.81,35.3,False
9324,2026-06-16,Mumbai,North Indian,541.11,12.24,False,3.4,29.0,False
9325,2026-06-16,Chennai,Chinese,164.71,13.0,True,4.14,46.3,False
9326,2026-06-16,Chennai,South Indian,213.64,15.01,False,3.57,47.8,False
9327,2026-06-16,Hyderabad,North Indian,456.06,13.8,False,4.13,29.6,False
9328,2026-06-16,Nagpur,Italian,555.26,19.39,True,3.9,29.0,False
9329,2026-06-16,Chennai,North Indian,448.03,11.95,True,4.28,30.3,False
9330,2026-06-16,Kochi,Italian,420.69,15.24,False,3.86,34.4,False
9331,2026-06-16,Surat,North Indian,442.34,13.11,False,4.32,42.9,False
9332,2026-06-16,Kochi,Desserts & Bakery,153.31,18.72,True,4.82,24.9,False
9333,2026-06-16,Surat,South Indian,303.98,12.97,False,3.84,37.2,False
9334,2026-06-16,Chennai,Chinese,281.72,11.1,True,4.76,38.3,False
9335,2026-06-16,Chennai,South Indian,231.77,16.11,True,4.29,34.8,False
9336,2026-06-16,Hyderabad,South Indian,232.01,12.5,False,4.39,46.3,False
9337,2026-06-16,Hyderabad,Desserts & Bakery,204.6,14.22,True,4.42,36.6,False
9338,2026-06-16,Kochi,South Indian,235.66,16.04,True,4.06,28.2,False
9339,2026-06-16,Kochi,North Indian,383.71,16.79,False,,46.8,False
9340,2026-06-16,Ranchi,Chinese,284.89,12.58,True,4.28,32.3,False
9341,2026-06-16,Bengaluru,North Indian,508.48,13.11,False,3.95,29.0,False
9342,2026-06-16,Mumbai,Chinese,313.21,14.4,False,4.69,29.5,False
9343,2026-06-16,Mumbai,South Indian,270.51,17.34,False,4.13,32.5,False
9344,2026-06-16,Delhi,Chinese,470.08,11.06,True,3.13,21.4,False
9345,2026-06-16,Delhi,North Indian,380.72,15.66,True,4.45,37.6,False
9346,2026-06-16,Pune,North Indian,352.83,13.65,False,,38.7,False
9347,2026-06-16,Ahmedabad,North Indian,420.62,13.41,True,3.94,26.4,False
9348,2026-06-16,Mumbai,North Indian,467.38,14.06,False,,25.9,False
9349,2026-06-16,Chandigarh,South Indian,281.13,16.57,False,4.26,32.5,False
9350,2026-06-16,Mumbai,South Indian,325.87,15.08,False,4.2,30.7,False
9351,2026-06-16,Mumbai,Desserts & Bakery,204.13,14.14,False,4.3,34.0,False
9352,2026-06-16,Delhi,North Indian,584.1,12.63,False,4.28,37.2,False
9353,2026-06-16,Chandigarh,Italian,659.94,13.89,False,4.17,35.1,False
9354,2026-06-16,Ahmedabad,North Indian,414.72,13.14,True,3.56,37.0,False
9355,2026-06-16,Ahmedabad,North Indian,420.39,15.5,True,4.59,24.8,False
9356,2026-06-16,Mumbai,Chinese,394.34,13.28,False,4.06,38.0,False
9357,2026-06-16,Mumbai,North Indian,447.83,15.63,True,4.76,43.6,False
9358,2026-06-16,Guwahati,North Indian,260.47,11.37,False,4.04,35.0,False
9359,2026-06-16,Guwahati,North Indian,410.61,16.77,True,,20.4,False
9360,2026-06-16,Guwahati,North Indian,590.15,11.56,True,4.2,20.3,False
9361,2026-06-16,Hyderabad,North Indian,509.33,12.57,True,4.18,42.4,False
9362,2026-06-16,Ahmedabad,North Indian,614.03,12.66,True,4.2,30.9,False
9363,2026-06-16,Hyderabad,North Indian,409.08,13.81,False,3.91,35.0,False
9364,2026-06-16,Bengaluru,North Indian,409.17,17.07,True,3.87,35.0,False
9365,2026-06-16,Hyderabad,North Indian,386.92,16.52,True,4.19,33.5,False
9366,2026-06-16,Mumbai,South Indian,190.84,14.88,True,3.83,37.6,False
9367,2026-06-16,Bengaluru,North Indian,423.49,14.75,True,4.12,26.6,False
9368,2026-06-16,Chennai,North Indian,412.32,14.88,False,4.19,31.0,False
9369,2026-06-16,Hyderabad,Italian,360.97,14.03,False,4.33,34.6,False
9370,2026-06-16,Delhi,North Indian,270.05,12.94,False,4.17,32.2,False
9371,2026-06-16,Chandigarh,South Indian,211.49,13.92,True,4.25,29.0,False
9372,2026-06-16,Delhi,North Indian,142.47,15.13,True,3.88,42.5,False
9373,2026-06-16,Delhi,South Indian,262.71,14.36,True,4.27,37.6,False
9374,2026-06-16,Bhopal,North Indian,479.6,16.51,True,4.33,33.9,False
9375,2026-06-16,Bengaluru,Chinese,275.61,13.46,False,3.76,31.9,False
9376,2026-06-16,Chennai,North Indian,369.47,15.27,False,4.06,39.5,False
9377,2026-06-16,Surat,North Indian,420.41,14.96,True,3.66,29.9,False
9378,2026-06-16,Pune,South Indian,293.41,13.82,False,4.22,26.1,False
9379,2026-06-16,Ranchi,Italian,524.51,17.56,True,4.03,21.7,False
9380,2026-06-16,Delhi,Chinese,363.77,12.93,True,3.79,39.5,False
9381,2026-06-16,Guwahati,Desserts & Bakery,276.81,15.48,True,4.16,34.7,False
9382,2026-06-16,Pune,Italian,417.47,12.41,False,,25.0,False
9383,2026-06-16,Mumbai,North Indian,620.77,16.66,True,,35.7,False
9384,2026-06-16,Chennai,Chinese,224.38,16.39,True,4.11,44.9,False
9385,2026-06-16,Mumbai,Desserts & Bakery,167.28,10.9,False,,32.8,False
9386,2026-06-16,Hyderabad,Italian,430.51,17.74,False,4.16,32.7,False
9387,2026-06-16,Kochi,Chinese,603.95,14.56,True,4.26,31.1,False
9388,2026-06-16,Chennai,Italian,687.29,18.68,False,3.95,20.6,False
9389,2026-06-16,Guwahati,North Indian,463.26,14.04,True,4.27,29.5,False
9390,2026-06-16,Delhi,North Indian,334.97,16.32,False,4.07,33.5,False
9391,2026-06-16,Ahmedabad,North Indian,434.91,15.34,False,4.27,38.0,False
9392,2026-06-16,Surat,South Indian,249.08,12.01,True,4.41,24.3,False
9393,2026-06-16,Chandigarh,North Indian,377.26,12.87,True,4.12,30.7,False
9394,2026-06-16,Bengaluru,Desserts & Bakery,332.87,14.57,False,4.14,31.9,False
9395,2026-06-16,Guwahati,South Indian,199.25,12.06,True,4.18,28.9,False
9396,2026-06-16,Chennai,South Indian,292.25,16.38,False,4.54,25.2,False
9397,2026-06-16,Ahmedabad,Desserts & Bakery,235.65,14.83,False,3.84,41.3,False
9398,2026-06-16,Bengaluru,Chinese,257.93,17.71,True,3.99,29.1,False
9399,2026-06-16,Guwahati,North Indian,389.9,14.72,True,,12.0,False
9400,2026-06-16,Guwahati,North Indian,402.92,10.62,False,4.59,34.4,False
9401,2026-06-16,Surat,Chinese,276.61,10.09,False,4.29,25.2,False
9402,2026-06-16,Pune,South Indian,237.38,12.7,False,3.88,29.5,False
9403,2026-06-16,Nagpur,North Indian,351.49,14.41,False,4.08,31.4,False
9404,2026-06-16,Chennai,North Indian,433.67,12.87,True,4.15,32.9,False
9405,2026-06-16,Ranchi,South Indian,258.28,12.98,True,4.11,16.1,False
9406,2026-06-16,Ranchi,South Indian,393.7,17.98,False,4.46,37.1,False
9407,2026-06-16,Bengaluru,South Indian,214.38,14.68,True,3.97,37.0,False
9408,2026-06-16,,North Indian,514.14,14.5,False,3.67,33.6,False
9409,2026-06-16,Surat,Desserts & Bakery,212.17,15.13,False,3.93,42.2,False
9410,2026-06-16,Mumbai,South Indian,224.29,10.19,True,4.41,45.8,False
9411,2026-06-16,Surat,North Indian,397.4,10.83,False,3.89,39.3,False
9412,2026-06-17,Delhi,Italian,587.16,15.92,True,3.98,26.9,False
9413,2026-06-17,Chennai,Desserts & Bakery,237.98,13.89,False,4.34,44.9,False
9414,2026-06-17,Mumbai,Chinese,191.15,13.4,False,4.21,40.4,False
9415,2026-06-17,Chandigarh,Italian,501.78,13.29,False,4.75,30.0,False
9416,2026-06-17,Mumbai,North Indian,466.38,13.49,True,4.61,28.6,False
9417,2026-06-17,Delhi,Italian,448.5,13.0,True,4.18,34.1,False
9418,2026-06-17,Ranchi,Italian,625.97,13.38,False,4.17,38.3,False
9419,2026-06-17,Mumbai,Desserts & Bakery,207.93,10.89,False,3.97,31.2,False
9420,2026-06-17,Chennai,South Indian,289.5,12.87,False,4.4,37.8,False
9421,2026-06-17,Hyderabad,Chinese,387.55,13.32,True,4.68,21.9,False
9422,2026-06-17,Chandigarh,Italian,573.55,14.73,True,4.48,34.6,False
9423,2026-06-17,Delhi,North Indian,384.49,15.72,True,3.55,30.0,False
9424,2026-06-17,Kochi,Italian,335.95,15.9,True,3.6,37.8,False
9425,2026-06-17,Chennai,South Indian,267.93,17.23,False,4.87,29.0,False
9426,2026-06-17,Bhopal,North Indian,467.87,13.07,False,4.61,27.7,False
9427,2026-06-17,Delhi,Italian,725.28,16.28,True,4.27,46.8,False
9428,2026-06-17,Chandigarh,South Indian,275.7,16.02,False,3.33,15.2,False
9429,2026-06-17,Guwahati,North Indian,381.09,10.7,True,4.09,33.0,False
9430,2026-06-17,Bhopal,North Indian,421.68,14.46,True,3.71,38.6,False
9431,2026-06-17,Pune,Desserts & Bakery,214.89,16.61,True,4.41,32.1,False
9432,2026-06-17,Ranchi,Italian,518.3,18.68,True,4.44,41.6,False
9433,2026-06-17,Pune,South Indian,242.75,15.09,False,3.71,19.9,False
9434,2026-06-17,Bengaluru,South Indian,311.39,13.67,False,4.12,38.3,False
9435,2026-06-17,Hyderabad,North Indian,491.11,16.33,False,4.24,41.7,False
9436,2026-06-17,Pune,Italian,418.19,8.45,True,3.36,29.6,False
9437,2026-06-17,Chandigarh,North Indian,413.03,11.42,False,4.36,33.6,False
9438,2026-06-17,Ahmedabad,Chinese,469.31,15.7,False,4.06,37.3,False
9439,2026-06-17,Mumbai,North Indian,409.29,11.54,False,,31.4,False
9440,2026-06-17,Surat,South Indian,257.56,13.02,True,4.56,27.5,False
9441,2026-06-17,Chennai,Desserts & Bakery,216.37,17.7,True,3.53,36.1,False
9442,2026-06-17,Kochi,Italian,616.53,15.96,False,4.3,23.6,False
9443,2026-06-17,Ranchi,South Indian,260.24,14.32,True,4.46,36.3,False
9444,2026-06-17,Bhopal,Desserts & Bakery,234.81,11.92,True,4.17,32.7,False
9445,2026-06-17,Ranchi,Chinese,386.51,15.32,True,4.11,19.8,False
9446,2026-06-17,Chennai,Chinese,298.86,12.86,True,4.39,28.8,False
9447,2026-06-17,Bengaluru,North Indian,455.05,11.91,False,3.37,31.6,False
9448,2026-06-17,Ahmedabad,North Indian,446.06,14.06,True,4.69,39.4,False
9449,2026-06-17,Mumbai,Italian,514.28,12.57,False,3.71,54.8,False
9450,2026-06-17,Kochi,Chinese,254.26,13.11,True,4.51,39.1,False
9451,2026-06-17,Chennai,Chinese,304.58,17.25,True,,34.3,False
9452,2026-06-17,Pune,South Indian,429.49,16.04,True,4.85,28.6,False
9453,2026-06-17,Nagpur,North Indian,471.46,17.08,True,4.51,28.3,False
9454,2026-06-17,Surat,North Indian,217.91,18.15,True,4.32,31.6,False
9455,2026-06-17,Chennai,Italian,315.01,10.75,True,,43.6,False
9456,2026-06-17,Bengaluru,Desserts & Bakery,292.06,13.75,True,4.01,27.3,False
9457,2026-06-17,Chandigarh,Chinese,376.93,13.22,False,4.24,28.9,False
9458,2026-06-17,Delhi,Italian,552.89,16.26,False,3.99,28.1,False
9459,2026-06-17,Chennai,Chinese,271.51,13.51,False,4.42,34.2,False
9460,2026-06-17,Chandigarh,South Indian,204.21,13.61,True,4.07,45.4,False
9461,2026-06-17,Hyderabad,Chinese,347.26,15.44,True,4.21,32.1,False
9462,2026-06-17,Bhopal,North Indian,440.08,14.54,False,3.42,26.9,False
9463,2026-06-17,Bengaluru,Italian,426.81,13.72,False,4.25,29.2,False
9464,2026-06-17,Bhopal,South Indian,245.89,18.1,True,4.07,22.6,False
9465,2026-06-17,Chandigarh,Chinese,358.18,17.62,False,4.01,28.5,False
9466,2026-06-17,Delhi,South Indian,182.55,16.26,False,3.86,29.4,False
9467,2026-06-17,Ahmedabad,Chinese,343.42,17.09,True,3.85,38.6,False
9468,2026-06-17,Bhopal,South Indian,249.61,17.06,True,3.61,27.7,False
9469,2026-06-17,Pune,North Indian,367.44,19.56,True,4.3,31.0,False
9470,2026-06-17,Chennai,Chinese,434.1,12.63,True,4.45,24.2,False
9471,2026-06-17,Nagpur,South Indian,244.91,12.19,True,4.56,31.4,False
9472,2026-06-17,Bhopal,South Indian,287.23,15.42,False,4.66,30.1,False
9473,2026-06-17,Guwahati,Chinese,494.07,15.94,True,4.58,18.5,False
9474,2026-06-17,Surat,North Indian,437.04,16.41,True,,30.8,False
9475,2026-06-17,Kochi,Chinese,330.63,16.56,True,4.08,42.2,False
9476,2026-06-17,Pune,South Indian,251.32,14.9,True,4.66,35.1,False
9477,2026-06-17,Surat,North Indian,406.79,14.19,True,3.97,38.4,False
9478,2026-06-17,Nagpur,North Indian,363.84,16.58,False,3.9,41.3,False
9479,2026-06-17,Guwahati,Chinese,420.31,10.98,True,4.24,39.2,False
9480,2026-06-17,Hyderabad,Desserts & Bakery,228.64,13.97,False,3.98,29.2,False
9481,2026-06-17,Ranchi,North Indian,560.69,11.82,False,4.77,53.1,False
9482,2026-06-17,Mumbai,Italian,508.91,14.78,True,4.16,32.4,False
9483,2026-06-17,Bengaluru,Desserts & Bakery,214.6,14.95,True,4.49,35.4,False
9484,2026-06-17,Kochi,Italian,467.01,13.67,False,3.48,31.7,False
9485,2026-06-17,Surat,Italian,518.13,11.35,True,3.86,40.5,False
9486,2026-06-17,Chennai,North Indian,303.91,12.97,False,4.52,40.9,False
9487,2026-06-17,Hyderabad,Chinese,312.77,14.07,True,3.67,26.6,False
9488,2026-06-17,Nagpur,North Indian,405.76,16.94,True,4.31,33.3,False
9489,2026-06-17,Bengaluru,Chinese,439.47,18.91,True,3.59,43.1,False
9490,2026-06-17,Bengaluru,Chinese,345.12,14.28,False,3.83,29.5,False
9491,2026-06-17,Pune,North Indian,504.06,12.99,False,3.71,33.8,False
9492,2026-06-17,Pune,Italian,285.58,13.72,True,3.88,26.1,False
9493,2026-06-17,Hyderabad,South Indian,248.91,10.64,False,4.37,36.4,False
9494,2026-06-17,Delhi,North Indian,359.86,17.82,True,4.07,34.8,False
9495,2026-06-17,Chennai,North Indian,402.05,12.61,False,4.68,37.4,False
9496,2026-06-17,Guwahati,Chinese,313.71,14.77,True,3.83,35.8,False
9497,2026-06-17,Hyderabad,South Indian,302.42,19.27,True,4.43,39.7,False
9498,2026-06-17,Bengaluru,North Indian,386.11,13.92,True,4.12,44.5,False
9499,2026-06-18,Nagpur,North Indian,597.58,15.03,True,3.99,20.1,False
9500,2026-06-18,Delhi,Chinese,433.74,19.46,False,4.4,36.6,False
9501,2026-06-18,Kochi,South Indian,177.49,14.82,True,3.77,37.5,False
9502,2026-06-18,Mumbai,Chinese,319.88,13.63,False,4.25,19.4,False
9503,2026-06-18,Delhi,South Indian,251.75,12.09,False,3.75,37.8,False
9504,2026-06-18,Hyderabad,Chinese,330.64,17.44,True,,36.0,False
9505,2026-06-18,Bhopal,North Indian,413.54,15.32,False,4.03,35.1,False
9506,2026-06-18,Pune,South Indian,207.2,16.25,True,4.18,30.3,False
9507,2026-06-18,Chennai,Desserts & Bakery,149.17,15.03,True,4.03,41.6,False
9508,2026-06-18,Mumbai,Italian,657.01,15.48,True,3.68,28.9,False
9509,2026-06-18,Mumbai,South Indian,225.98,12.07,True,4.07,36.9,False
9510,2026-06-18,Surat,Desserts & Bakery,206.81,15.8,True,,35.0,False
9511,2026-06-18,Hyderabad,North Indian,336.23,17.53,True,3.39,22.1,False
9512,2026-06-18,Bengaluru,Chinese,351.47,15.07,True,3.97,42.9,False
9513,2026-06-18,Chennai,North Indian,498.8,16.93,True,,34.9,False
9514,2026-06-18,Chandigarh,North Indian,322.42,13.4,False,4.15,32.6,False
9515,2026-06-18,Hyderabad,Chinese,192.35,12.69,False,4.55,30.0,False
9516,2026-06-18,Chandigarh,North Indian,340.67,14.24,False,4.28,34.2,False
9517,2026-06-18,Bhopal,Chinese,330.78,15.55,False,4.84,20.4,False
9518,2026-06-18,Ahmedabad,North Indian,502.85,15.14,True,4.57,34.2,False
9519,2026-06-18,Delhi,North Indian,484.21,11.62,False,4.14,45.5,False
9520,2026-06-18,Ranchi,North Indian,429.24,16.22,False,3.85,38.3,False
9521,2026-06-18,Ahmedabad,Italian,531.07,12.18,True,4.16,31.2,False
9522,2026-06-18,Bengaluru,Chinese,382.45,15.35,False,,31.2,False
9523,2026-06-18,Ahmedabad,North Indian,405.73,12.64,False,3.58,35.5,False
9524,2026-06-18,Nagpur,Chinese,260.92,14.09,False,4.5,24.5,False
9525,2026-06-18,Bengaluru,Chinese,393.7,9.94,True,4.36,22.1,False
9526,2026-06-18,Ahmedabad,Chinese,314.69,13.59,True,3.91,40.2,False
9527,2026-06-18,Delhi,North Indian,282.64,14.73,True,4.3,26.4,False
9528,2026-06-18,Hyderabad,Chinese,353.14,15.86,False,4.01,47.3,False
9529,2026-06-18,Bhopal,North Indian,503.85,15.38,True,3.92,41.8,False
9530,2026-06-18,Hyderabad,North Indian,362.6,10.97,True,4.58,29.4,False
9531,2026-06-18,Ahmedabad,Italian,475.07,15.61,False,4.14,24.2,False
9532,2026-06-18,Delhi,South Indian,265.63,12.83,True,4.21,38.6,False
9533,2026-06-18,Surat,South Indian,157.86,12.88,False,4.05,35.5,False
9534,2026-06-18,Delhi,Italian,495.09,14.89,True,4.57,26.0,False
9535,2026-06-18,Pune,South Indian,153.1,15.79,False,3.99,42.0,False
9536,2026-06-18,Bengaluru,South Indian,246.69,14.61,False,4.07,44.8,False
9537,2026-06-18,Mumbai,Italian,592.01,12.65,False,4.01,25.4,False
9538,2026-06-18,Delhi,Italian,436.88,13.38,True,4.52,34.9,False
9539,2026-06-18,Hyderabad,South Indian,224.77,13.61,False,4.14,40.1,False
9540,2026-06-18,Pune,South Indian,237.7,15.96,True,4.53,33.6,False
9541,2026-06-18,Kochi,Chinese,291.01,13.99,False,4.32,53.0,False
9542,2026-06-18,Guwahati,Chinese,270.34,16.06,True,4.63,31.6,False
9543,2026-06-18,Chennai,South Indian,296.4,16.07,False,4.45,53.4,False
9544,2026-06-18,Chandigarh,Chinese,334.3,12.55,True,4.0,30.5,False
9545,2026-06-18,Hyderabad,Italian,553.92,12.65,True,4.0,37.4,False
9546,2026-06-18,Delhi,North Indian,437.41,13.78,True,4.32,36.3,False
9547,2026-06-18,Bengaluru,North Indian,470.91,18.13,True,3.96,30.0,False
9548,2026-06-18,Mumbai,North Indian,438.87,14.79,False,3.83,44.5,False
9549,2026-06-18,Nagpur,Chinese,298.67,8.69,True,3.77,40.0,False
9550,2026-06-18,Bhopal,South Indian,324.7,12.46,True,4.69,28.6,False
9551,2026-06-18,Bengaluru,North Indian,366.89,15.32,False,,30.6,False
9552,2026-06-18,Ahmedabad,South Indian,265.46,15.29,True,4.27,26.4,False
9553,2026-06-18,Ranchi,North Indian,520.8,13.11,False,,24.4,False
9554,2026-06-18,Chennai,Italian,480.98,17.89,True,4.86,33.7,False
9555,2026-06-18,Bhopal,Chinese,358.53,15.35,False,3.95,36.9,False
9556,2026-06-18,Ahmedabad,North Indian,475.57,10.4,False,4.12,37.7,False
9557,2026-06-18,Delhi,North Indian,443.25,9.85,False,4.59,34.9,False
9558,2026-06-18,Delhi,Desserts & Bakery,273.2,10.96,True,3.75,33.1,False
9559,2026-06-18,Kochi,North Indian,375.46,15.56,False,4.01,39.6,False
9560,2026-06-18,Bengaluru,South Indian,305.83,15.46,True,3.93,38.1,False
9561,2026-06-18,Bengaluru,North Indian,506.1,14.25,False,,32.1,False
9562,2026-06-18,Pune,South Indian,135.29,12.98,False,3.77,27.1,False
9563,2026-06-18,Bengaluru,Chinese,405.75,15.57,True,4.59,34.0,False
9564,2026-06-18,Guwahati,Chinese,234.01,15.5,True,4.02,35.8,False
9565,2026-06-18,Ahmedabad,Chinese,349.14,16.57,False,4.22,32.4,False
9566,2026-06-18,Ahmedabad,North Indian,453.15,16.18,False,4.38,35.3,False
9567,2026-06-18,Bhopal,South Indian,302.25,14.62,True,4.33,31.7,False
9568,2026-06-18,Bhopal,Chinese,555.4,17.0,False,4.42,40.3,False
9569,2026-06-18,Bengaluru,Italian,433.44,13.13,False,3.68,24.8,False
9570,2026-06-18,Ranchi,North Indian,489.99,14.4,False,4.17,41.8,False
9571,2026-06-18,Pune,Desserts & Bakery,208.82,15.67,True,,43.9,False
9572,2026-06-18,Chandigarh,North Indian,336.67,13.93,True,3.7,35.1,False
9573,2026-06-18,Delhi,North Indian,398.86,15.04,False,4.41,28.3,False
9574,2026-06-18,Bengaluru,Italian,781.05,15.34,False,4.01,33.4,False
9575,2026-06-18,Chennai,North Indian,344.46,14.08,False,4.03,39.6,False
9576,2026-06-18,Surat,Chinese,399.65,19.69,True,3.61,36.3,False
9577,2026-06-18,Delhi,Chinese,424.29,16.24,False,3.96,38.3,False
9578,2026-06-18,Hyderabad,Chinese,360.57,15.36,False,4.1,27.9,False
9579,2026-06-18,Chandigarh,North Indian,363.58,12.97,True,4.11,35.4,False
9580,2026-06-18,Ahmedabad,North Indian,387.07,15.82,False,4.25,48.2,False
9581,2026-06-18,Bengaluru,South Indian,277.76,14.16,False,3.75,22.5,False
9582,2026-06-18,Nagpur,North Indian,472.54,17.49,False,4.0,29.7,False
9583,2026-06-18,Surat,North Indian,327.19,16.12,False,4.38,16.0,False
9584,2026-06-18,Delhi,Chinese,384.79,17.89,True,4.25,45.3,False
9585,2026-06-18,Surat,Italian,691.1,14.95,False,4.76,35.0,False
9586,2026-06-18,Pune,North Indian,508.64,16.02,True,4.51,39.5,False
9587,2026-06-18,Nagpur,Chinese,246.97,15.49,False,4.29,34.1,False
9588,2026-06-18,Chandigarh,South Indian,158.68,11.83,False,3.75,19.0,False
9589,2026-06-18,Hyderabad,Chinese,357.35,18.69,False,4.09,37.1,False
9590,2026-06-18,Ahmedabad,North Indian,537.75,14.41,False,3.71,39.4,False
9591,2026-06-18,Kochi,South Indian,206.74,15.19,False,4.04,31.7,False
9592,2026-06-18,Ranchi,North Indian,231.1,15.41,True,4.05,29.4,False
9593,2026-06-18,Bhopal,Chinese,431.78,15.28,True,4.27,34.0,False
9594,2026-06-18,Guwahati,Chinese,536.85,11.95,False,3.79,29.1,False
9595,2026-06-18,Bengaluru,North Indian,274.62,15.6,False,3.75,37.7,False
9596,2026-06-18,Kochi,North Indian,399.48,14.14,True,3.99,34.1,False
9597,2026-06-18,Chandigarh,North Indian,438.22,17.67,False,4.44,32.9,False
9598,2026-06-18,Guwahati,Chinese,259.31,13.43,False,4.47,32.2,False
9599,2026-06-18,Pune,Italian,572.52,14.03,True,4.21,35.6,False
9600,2026-06-18,Ahmedabad,Chinese,483.18,13.93,False,3.49,30.3,False
9601,2026-06-18,Ranchi,North Indian,427.72,13.0,False,4.11,33.8,False
9602,2026-06-18,Mumbai,Italian,329.41,15.27,True,4.29,30.9,False
9603,2026-06-18,Hyderabad,North Indian,383.04,16.72,False,3.93,32.0,False
9604,2026-06-18,Bengaluru,Chinese,343.23,11.74,False,4.25,21.4,False
9605,2026-06-18,Bhopal,South Indian,253.09,13.17,True,,27.3,False
9606,2026-06-18,Ahmedabad,South Indian,270.61,16.43,False,4.43,33.0,False
9607,2026-06-18,,South Indian,256.27,16.44,True,,38.2,False
9608,2026-06-18,Delhi,South Indian,282.45,17.27,True,,31.0,False
9609,2026-06-18,Chennai,South Indian,335.46,19.11,False,4.42,34.8,False
9610,2026-06-18,Ranchi,Italian,438.3,15.34,False,4.43,40.5,False
9611,2026-06-18,Bengaluru,Chinese,344.98,15.07,True,,21.7,False
9612,2026-06-18,Mumbai,Chinese,355.89,18.76,True,4.12,30.9,False
9613,2026-06-18,Kochi,Chinese,358.95,15.21,True,3.68,30.6,False
9614,2026-06-18,Hyderabad,North Indian,411.75,16.18,False,3.93,32.1,False
9615,2026-06-18,Kochi,Chinese,320.33,12.01,True,4.04,39.4,False
9616,2026-06-18,Pune,Italian,492.74,13.18,True,4.14,24.2,False
9617,2026-06-18,Chandigarh,North Indian,443.85,14.25,True,,22.0,False
9618,2026-06-18,Surat,Desserts & Bakery,234.96,12.13,False,3.91,22.7,False
9619,2026-06-18,Hyderabad,North Indian,353.22,17.05,False,4.29,32.5,False
9620,2026-06-18,Kochi,North Indian,373.01,13.8,False,4.44,35.8,False
9621,2026-06-18,Hyderabad,North Indian,454.15,15.21,True,4.04,29.5,False
9622,2026-06-19,Guwahati,South Indian,238.93,15.7,True,4.0,24.7,False
9623,2026-06-19,Chandigarh,North Indian,426.31,15.12,False,4.86,25.0,False
9624,2026-06-19,Mumbai,Italian,652.49,16.97,False,,25.9,False
9625,2026-06-19,Kochi,South Indian,302.64,16.03,True,,29.5,False
9626,2026-06-19,Bengaluru,North Indian,420.72,15.48,True,4.4,27.8,False
9627,2026-06-19,Bengaluru,Italian,587.22,16.67,False,5.0,37.1,False
9628,2026-06-19,Delhi,Chinese,290.61,17.77,True,,35.9,False
9629,2026-06-19,Delhi,South Indian,218.22,15.14,True,4.24,29.5,False
9630,2026-06-19,Delhi,Italian,324.93,11.76,True,4.99,30.7,False
9631,2026-06-19,Hyderabad,Italian,497.49,14.31,False,4.03,32.7,False
9632,2026-06-19,Chennai,North Indian,416.2,14.62,False,4.02,37.5,False
9633,2026-06-19,Ranchi,South Indian,190.3,12.97,True,4.42,30.5,False
9634,2026-06-19,Ahmedabad,North Indian,403.55,13.25,True,4.4,33.5,False
9635,2026-06-19,Ranchi,North Indian,401.64,19.05,True,,30.4,False
9636,2026-06-19,Bengaluru,Italian,523.97,14.8,True,3.64,35.5,False
9637,2026-06-19,Hyderabad,Chinese,162.99,14.4,False,3.52,36.2,False
9638,2026-06-19,Bengaluru,Chinese,523.9,12.51,True,3.9,50.0,False
9639,2026-06-19,Pune,South Indian,309.14,14.6,True,4.43,26.8,False
9640,2026-06-19,Pune,Italian,602.89,16.61,False,,33.4,False
9641,2026-06-19,Hyderabad,Italian,606.58,15.32,False,4.7,23.4,False
9642,2026-06-19,Kochi,Italian,487.84,14.62,True,3.92,26.3,False
9643,2026-06-19,Chennai,North Indian,374.91,10.63,False,3.59,39.8,False
9644,2026-06-19,Ranchi,South Indian,266.43,18.38,False,3.89,40.9,False
9645,2026-06-19,Chandigarh,North Indian,527.43,12.72,True,3.71,33.0,False
9646,2026-06-19,Hyderabad,South Indian,282.94,14.42,False,4.41,29.1,False
9647,2026-06-19,Bhopal,North Indian,562.72,12.61,True,4.45,24.4,False
9648,2026-06-19,Mumbai,South Indian,330.96,12.99,False,4.42,35.7,False
9649,2026-06-19,Mumbai,Chinese,290.35,10.3,True,,17.2,False
9650,2026-06-19,Hyderabad,North Indian,531.83,14.02,True,4.57,33.3,False
9651,2026-06-19,Bengaluru,South Indian,250.82,13.5,False,4.06,30.3,False
9652,2026-06-19,Surat,Desserts & Bakery,221.0,14.37,False,4.2,36.2,False
9653,2026-06-19,Chennai,Chinese,561.23,15.41,True,,33.2,False
9654,2026-06-19,Pune,Italian,345.85,18.67,False,4.17,38.3,False
9655,2026-06-19,Kochi,North Indian,334.36,16.85,True,4.02,25.8,False
9656,2026-06-19,Kochi,North Indian,339.11,15.9,True,4.56,42.7,False
9657,2026-06-19,Guwahati,Italian,453.32,16.85,True,4.66,33.6,False
9658,2026-06-19,Nagpur,North Indian,256.29,12.8,False,,47.0,False
9659,2026-06-19,Kochi,Desserts & Bakery,252.01,17.39,True,4.27,28.3,False
9660,2026-06-19,Ahmedabad,North Indian,333.37,14.46,True,4.32,30.2,False
9661,2026-06-19,Guwahati,North Indian,371.2,15.99,False,3.99,45.3,False
9662,2026-06-19,Pune,South Indian,264.2,13.53,True,4.34,36.9,False
9663,2026-06-19,Pune,North Indian,458.84,13.51,True,,36.5,False
9664,2026-06-19,Kochi,Italian,408.71,12.82,True,3.93,29.7,False
9665,2026-06-19,Mumbai,North Indian,420.44,13.08,False,,36.4,False
9666,2026-06-19,Nagpur,Chinese,297.92,14.71,True,4.02,30.0,False
9667,2026-06-19,Guwahati,Chinese,205.78,14.57,True,4.03,42.9,False
9668,2026-06-19,Kochi,Chinese,392.66,13.22,False,4.67,34.9,False
9669,2026-06-19,Hyderabad,South Indian,180.43,14.28,True,4.08,42.8,False
9670,2026-06-19,Guwahati,Desserts & Bakery,276.42,13.22,False,4.28,48.6,False
9671,2026-06-19,Bhopal,South Indian,330.52,11.25,False,4.01,40.5,False
9672,2026-06-19,Ahmedabad,Italian,556.79,14.31,True,4.92,26.2,False
9673,2026-06-19,Chandigarh,South Indian,302.47,13.69,True,4.76,33.8,False
9674,2026-06-19,Bengaluru,Italian,422.01,14.76,True,4.57,43.0,False
9675,2026-06-19,Pune,Desserts & Bakery,163.13,18.26,True,3.89,23.3,False
9676,2026-06-19,Delhi,North Indian,475.81,12.26,True,,36.3,False
9677,2026-06-19,Hyderabad,Chinese,295.74,15.26,True,4.1,34.6,False
9678,2026-06-19,Nagpur,North Indian,474.48,16.53,False,3.61,27.6,False
9679,2026-06-19,Delhi,South Indian,187.61,12.51,True,,24.7,False
9680,2026-06-19,Hyderabad,North Indian,294.81,13.71,True,3.81,42.1,False
9681,2026-06-19,Mumbai,North Indian,302.43,15.37,True,4.24,25.1,False
9682,2026-06-19,Pune,North Indian,274.1,13.31,False,4.42,33.6,False
9683,2026-06-19,Chandigarh,North Indian,595.59,15.11,True,3.97,37.3,False
9684,2026-06-19,Chennai,North Indian,266.71,15.38,False,3.68,33.2,False
9685,2026-06-19,Hyderabad,North Indian,545.23,16.37,False,3.93,28.3,False
9686,2026-06-19,Hyderabad,South Indian,110.16,14.61,False,4.15,29.3,False
9687,2026-06-19,Mumbai,Chinese,521.65,17.47,True,4.07,20.0,False
9688,2026-06-19,Ranchi,North Indian,671.73,14.79,True,3.98,31.6,False
9689,2026-06-19,Bhopal,Chinese,387.03,10.53,False,3.9,45.8,False
9690,2026-06-19,Bhopal,Desserts & Bakery,221.67,11.64,True,3.82,32.5,False
9691,2026-06-19,Chennai,North Indian,446.3,13.46,True,4.42,22.7,False
9692,2026-06-19,Mumbai,South Indian,126.39,11.96,True,,29.2,False
9693,2026-06-19,Hyderabad,Italian,510.11,14.46,False,4.59,33.5,False
9694,2026-06-19,Ahmedabad,North Indian,318.1,13.01,False,4.02,26.7,False
9695,2026-06-19,Mumbai,South Indian,315.58,15.63,False,4.47,40.6,False
9696,2026-06-19,Bengaluru,North Indian,345.18,14.56,True,,45.2,False
9697,2026-06-19,Chennai,South Indian,266.56,16.49,True,4.37,34.7,False
9698,2026-06-19,Ahmedabad,Italian,382.52,19.34,True,4.45,33.9,False
9699,2026-06-19,Hyderabad,North Indian,454.28,13.18,True,4.51,35.8,False
9700,2026-06-19,Bhopal,Chinese,248.28,14.62,True,4.14,37.5,False
9701,2026-06-19,Chennai,South Indian,121.85,12.5,True,4.15,28.0,False
9702,2026-06-19,Pune,North Indian,360.42,11.23,False,3.78,30.3,False
9703,2026-06-19,Hyderabad,Desserts & Bakery,168.25,17.46,False,4.4,30.3,False
9704,2026-06-19,Bengaluru,Italian,454.75,12.74,False,4.11,19.7,False
9705,2026-06-19,Kochi,North Indian,470.66,15.9,True,3.51,40.8,False
9706,2026-06-19,Ahmedabad,Desserts & Bakery,101.52,14.38,True,4.2,24.0,False
9707,2026-06-19,Delhi,South Indian,294.43,15.03,True,3.86,47.4,False
9708,2026-06-19,Ranchi,South Indian,260.08,14.86,True,4.32,31.9,False
9709,2026-06-19,Surat,North Indian,539.06,8.18,False,3.96,31.3,False
9710,2026-06-19,Nagpur,Desserts & Bakery,184.91,13.5,False,4.12,35.0,False
9711,2026-06-19,Hyderabad,Chinese,242.62,15.95,False,4.28,45.1,False
9712,2026-06-19,Hyderabad,Desserts & Bakery,263.29,10.78,False,,32.4,False
9713,2026-06-19,Ranchi,South Indian,219.82,15.94,True,4.83,38.2,False
9714,2026-06-19,Ranchi,South Indian,235.24,13.7,True,4.44,37.4,False
9715,2026-06-19,Nagpur,Chinese,430.39,10.62,False,3.55,21.7,False
9716,2026-06-19,Hyderabad,Chinese,304.66,13.03,True,4.66,33.7,False
9717,2026-06-19,Nagpur,North Indian,558.87,13.29,False,3.98,32.3,False
9718,2026-06-19,Bengaluru,North Indian,395.42,15.03,False,,33.7,False
9719,2026-06-19,Hyderabad,North Indian,245.57,15.34,False,4.32,21.6,False
9720,2026-06-19,Surat,North Indian,502.9,11.55,True,,37.6,False
9721,2026-06-19,Ranchi,North Indian,487.6,14.96,False,4.79,27.5,False
9722,2026-06-19,Guwahati,North Indian,518.79,13.1,True,3.88,28.9,False
9723,2026-06-19,Bengaluru,Desserts & Bakery,295.21,15.9,True,,38.3,False
9724,2026-06-19,Bengaluru,North Indian,375.17,17.12,True,4.54,41.0,False
9725,2026-06-19,Nagpur,North Indian,620.87,12.9,True,4.68,33.0,False
9726,2026-06-19,Chennai,Chinese,374.82,15.84,False,4.82,35.5,False
9727,2026-06-19,Delhi,Chinese,373.12,15.29,True,4.78,31.7,False
9728,2026-06-19,Ranchi,North Indian,569.56,9.11,False,4.21,24.5,False
9729,2026-06-19,Ahmedabad,North Indian,338.3,14.41,True,4.52,30.4,False
9730,2026-06-19,Chandigarh,Chinese,341.39,13.0,False,4.15,41.0,False
9731,2026-06-19,Bengaluru,Chinese,385.49,12.65,True,4.15,34.2,False
9732,2026-06-19,Kochi,Chinese,410.28,19.46,True,4.41,37.7,False
9733,2026-06-20,Guwahati,North Indian,264.75,15.46,False,4.19,29.4,True
9734,2026-06-20,Ahmedabad,South Indian,247.02,12.65,True,3.7,31.6,True
9735,2026-06-20,Delhi,North Indian,331.55,13.68,True,3.81,33.2,True
9736,2026-06-20,Nagpur,Chinese,392.42,15.37,True,3.97,42.7,True
9737,2026-06-20,Delhi,Chinese,301.25,12.77,True,4.25,50.8,True
9738,2026-06-20,Surat,North Indian,519.46,10.61,True,4.71,42.9,True
9739,2026-06-20,Bhopal,Italian,567.98,12.95,True,4.24,36.0,True
9740,2026-06-20,Bengaluru,North Indian,360.89,14.55,True,3.59,32.2,True
9741,2026-06-20,Surat,South Indian,277.83,11.88,False,3.84,36.5,True
9742,2026-06-20,Mumbai,South Indian,182.45,13.89,True,3.84,27.7,True
9743,2026-06-20,Guwahati,North Indian,462.59,14.05,True,3.76,37.0,True
9744,2026-06-20,Ahmedabad,North Indian,435.13,14.23,False,4.5,32.2,True
9745,2026-06-20,Delhi,South Indian,288.27,13.01,False,4.91,29.4,True
9746,2026-06-20,Chandigarh,Chinese,311.02,17.0,True,3.6,30.0,True
9747,2026-06-20,Pune,North Indian,524.58,18.1,False,4.42,31.5,True
9748,2026-06-20,Guwahati,North Indian,380.52,18.88,False,,22.6,True
9749,2026-06-20,Ahmedabad,Italian,419.33,13.93,False,3.57,23.0,True
9750,2026-06-20,Ahmedabad,North Indian,455.11,14.63,True,4.0,34.1,True
9751,2026-06-20,Delhi,Chinese,351.92,14.3,True,,43.3,True
9752,2026-06-20,Nagpur,North Indian,202.01,12.4,False,4.21,38.6,True
9753,2026-06-20,Ranchi,Chinese,421.36,14.59,False,3.6,36.3,True
9754,2026-06-20,Kochi,South Indian,331.53,11.72,True,3.87,38.8,True
9755,2026-06-20,Ahmedabad,Chinese,174.85,16.4,True,4.21,28.7,True
9756,2026-06-20,Nagpur,Chinese,400.91,16.27,False,4.14,17.1,True
9757,2026-06-20,Kochi,North Indian,452.63,16.65,False,4.01,32.2,True
9758,2026-06-20,Pune,Italian,628.03,12.95,True,4.15,40.5,True
9759,2026-06-20,Surat,South Indian,244.81,17.06,False,4.4,42.6,True
9760,2026-06-20,Mumbai,North Indian,477.63,14.94,False,4.83,38.0,True
9761,2026-06-20,Bhopal,North Indian,520.9,17.2,True,4.19,41.2,True
9762,2026-06-20,Mumbai,North Indian,369.3,12.93,False,3.49,32.7,True
9763,2026-06-20,Mumbai,Chinese,340.18,13.1,True,4.05,38.3,True
9764,2026-06-20,Mumbai,North Indian,456.25,13.22,True,4.48,40.1,True
9765,2026-06-20,Kochi,Italian,515.2,16.85,False,4.39,38.9,True
9766,2026-06-20,Delhi,South Indian,303.08,10.81,True,3.98,26.9,True
9767,2026-06-20,Mumbai,Chinese,357.03,15.28,True,4.56,37.0,True
9768,2026-06-20,Kochi,South Indian,172.68,14.36,True,3.98,31.5,True
9769,2026-06-20,Mumbai,North Indian,349.95,17.0,True,4.19,22.8,True
9770,2026-06-20,Delhi,North Indian,607.09,17.61,False,4.54,41.4,True
9771,2026-06-20,Delhi,South Indian,270.01,16.06,True,4.43,39.7,True
9772,2026-06-20,Nagpur,North Indian,384.73,15.67,True,4.36,27.8,True
9773,2026-06-20,Ranchi,North Indian,524.1,14.58,False,4.41,37.9,True
9774,2026-06-20,Nagpur,North Indian,485.33,10.21,True,3.93,30.8,True
9775,2026-06-20,Delhi,Italian,453.33,13.74,False,4.13,34.0,True
9776,2026-06-20,Kochi,North Indian,628.85,15.41,True,4.34,41.1,True
9777,2026-06-20,Surat,North Indian,601.04,11.52,False,4.02,33.6,True
9778,2026-06-20,Delhi,South Indian,274.26,13.93,False,4.71,27.1,True
9779,2026-06-20,Nagpur,North Indian,501.64,11.0,True,4.03,37.9,True
9780,2026-06-20,Mumbai,North Indian,416.08,16.41,False,4.59,43.5,True
9781,2026-06-20,Ahmedabad,Chinese,412.18,13.35,False,4.09,40.4,True
9782,2026-06-20,Bengaluru,North Indian,414.99,15.78,False,4.42,34.8,True
9783,2026-06-20,Hyderabad,Chinese,362.07,14.64,True,4.38,39.0,True
9784,2026-06-20,Chennai,North Indian,329.5,17.48,False,3.81,39.8,True
9785,2026-06-20,Guwahati,North Indian,419.32,12.94,False,5.0,28.6,True
9786,2026-06-20,Ahmedabad,North Indian,338.27,14.5,True,4.24,39.6,True
9787,2026-06-20,Ranchi,Italian,572.47,12.95,True,4.43,41.3,True
9788,2026-06-20,Surat,South Indian,209.77,13.13,True,3.53,30.5,True
9789,2026-06-20,Pune,North Indian,308.02,13.48,False,3.88,34.9,True
9790,2026-06-20,Nagpur,South Indian,186.93,13.72,True,4.64,47.4,True
9791,2026-06-20,Ranchi,Chinese,343.21,12.78,False,3.78,14.9,True
9792,2026-06-20,Pune,Desserts & Bakery,245.47,16.14,False,3.77,31.9,True
9793,2026-06-20,Ahmedabad,Desserts & Bakery,234.6,16.33,False,3.74,30.0,True
9794,2026-06-20,Surat,Chinese,466.52,13.03,False,4.12,37.9,True
9795,2026-06-20,Chennai,North Indian,378.27,14.4,True,4.16,31.1,True
9796,2026-06-20,Guwahati,North Indian,423.79,15.22,True,3.99,26.6,True
9797,2026-06-20,Bengaluru,South Indian,374.5,18.19,False,4.67,44.1,True
9798,2026-06-20,Ranchi,Italian,561.48,17.35,True,3.56,40.1,True
9799,2026-06-20,Hyderabad,North Indian,413.94,15.86,False,3.68,39.1,True
9800,2026-06-20,Hyderabad,North Indian,392.33,19.31,True,4.35,34.4,True
9801,2026-06-20,Chandigarh,South Indian,357.09,15.1,False,4.14,30.1,True
9802,2026-06-20,Nagpur,North Indian,544.38,10.7,False,4.2,30.5,True
9803,2026-06-20,Delhi,North Indian,217.07,15.94,False,,38.1,True
9804,2026-06-20,Chennai,South Indian,260.19,16.45,True,4.54,32.8,True
9805,2026-06-20,Mumbai,North Indian,334.28,13.73,True,4.17,27.7,True
9806,2026-06-20,Bhopal,Chinese,502.3,12.46,True,3.4,21.8,True
9807,2026-06-20,Pune,North Indian,332.27,18.19,False,3.83,39.3,True
9808,2026-06-20,Hyderabad,North Indian,654.97,17.23,True,3.84,26.1,True
9809,2026-06-20,Hyderabad,Chinese,453.74,14.16,True,3.71,34.0,True
9810,2026-06-20,Bengaluru,North Indian,359.24,13.55,True,4.21,19.6,True
9811,2026-06-20,Mumbai,North Indian,570.44,10.32,False,,27.7,True
9812,2026-06-20,Chandigarh,North Indian,555.42,14.64,True,3.54,30.9,True
9813,2026-06-20,Chennai,North Indian,343.7,17.24,True,4.11,38.8,True
9814,2026-06-20,Bengaluru,Desserts & Bakery,162.45,12.33,False,3.7,39.0,True
9815,2026-06-20,Delhi,South Indian,317.76,16.16,False,4.07,38.4,True
9816,2026-06-20,,Chinese,323.88,17.2,True,4.0,45.9,True
9817,2026-06-20,Chennai,Desserts & Bakery,229.86,12.92,True,4.21,37.0,True
9818,2026-06-20,Ranchi,Chinese,308.29,14.18,True,4.2,27.2,True
9819,2026-06-20,Guwahati,South Indian,328.55,15.82,False,4.27,36.4,True
9820,2026-06-20,Bengaluru,Desserts & Bakery,237.85,13.06,True,,47.7,True
9821,2026-06-20,Nagpur,North Indian,307.49,9.43,False,4.19,38.8,True
9822,2026-06-20,Bengaluru,South Indian,268.9,11.43,True,3.71,25.1,True
9823,2026-06-20,Ahmedabad,North Indian,546.56,16.65,False,3.8,38.5,True
9824,2026-06-20,Kochi,Chinese,441.2,16.34,True,3.92,36.2,True
9825,2026-06-20,Ahmedabad,Italian,711.9,14.73,False,3.94,27.4,True
9826,2026-06-20,Ahmedabad,South Indian,344.04,13.47,True,,55.1,True
9827,2026-06-20,Ahmedabad,North Indian,539.34,12.17,True,4.06,47.9,True
9828,2026-06-20,Bengaluru,Desserts & Bakery,261.36,17.43,True,3.89,34.5,True
9829,2026-06-20,Surat,Chinese,380.34,13.85,True,4.11,25.6,True
9830,2026-06-20,Mumbai,Italian,491.55,15.27,False,3.69,40.3,True
9831,2026-06-20,Ahmedabad,Chinese,340.92,18.15,True,4.32,43.2,True
9832,2026-06-20,Chandigarh,North Indian,310.76,14.22,True,3.73,24.1,True
9833,2026-06-20,Ranchi,Chinese,382.77,12.92,True,,40.3,True
9834,2026-06-20,Chennai,North Indian,534.21,14.07,True,4.05,29.1,True
9835,2026-06-20,Hyderabad,North Indian,473.67,14.45,True,3.89,22.3,True
9836,2026-06-20,Surat,Chinese,253.49,14.98,False,4.27,32.2,True
9837,2026-06-20,Mumbai,North Indian,279.78,17.28,False,4.43,32.8,True
9838,2026-06-20,Pune,Chinese,192.07,16.89,False,3.9,31.5,True
9839,2026-06-20,Surat,Desserts & Bakery,187.09,15.52,False,3.28,46.5,True
9840,2026-06-20,Chennai,Chinese,457.5,16.74,True,4.32,42.2,True
9841,2026-06-20,Surat,Chinese,317.32,16.19,True,4.5,30.9,True
9842,2026-06-20,Chennai,Chinese,350.19,13.07,False,3.66,35.0,True
9843,2026-06-20,Hyderabad,Desserts & Bakery,238.68,13.04,False,3.91,35.4,True
9844,2026-06-20,Hyderabad,Italian,546.02,14.22,False,4.54,35.5,True
9845,2026-06-20,Bengaluru,Chinese,385.85,16.02,True,3.64,25.7,True
9846,2026-06-20,Surat,Italian,409.8,11.74,True,3.16,40.3,True
9847,2026-06-20,Pune,Chinese,357.36,14.93,False,3.83,39.8,True
9848,2026-06-20,Bengaluru,Desserts & Bakery,120.79,15.0,True,3.79,36.3,True
9849,2026-06-20,Kochi,North Indian,515.23,15.08,False,4.19,38.3,True
9850,2026-06-20,Ranchi,Desserts & Bakery,181.33,16.37,False,3.92,34.1,True
9851,2026-06-20,Hyderabad,North Indian,346.6,14.4,True,3.85,28.8,True
9852,2026-06-20,Bengaluru,North Indian,397.59,14.2,True,4.62,18.9,True
9853,2026-06-20,Mumbai,South Indian,196.41,14.93,False,3.74,42.0,True
9854,2026-06-20,Guwahati,Chinese,500.67,19.26,True,3.93,39.4,True
9855,2026-06-20,Chandigarh,South Indian,245.01,21.77,True,4.51,42.2,True
9856,2026-06-20,Delhi,North Indian,440.24,16.79,True,4.53,30.2,True
9857,2026-06-20,Surat,Italian,579.32,13.95,False,4.18,44.5,True
9858,2026-06-20,Chandigarh,South Indian,327.67,16.42,True,4.46,36.6,True
9859,2026-06-20,Pune,Desserts & Bakery,236.44,15.6,False,3.69,29.2,True
9860,2026-06-20,Chandigarh,North Indian,433.86,15.95,True,3.95,37.9,True
9861,2026-06-20,Chandigarh,Desserts & Bakery,221.34,18.67,True,4.84,40.5,True
9862,2026-06-20,Delhi,North Indian,486.8,12.42,True,4.08,27.5,True
9863,2026-06-20,Surat,North Indian,321.07,15.53,False,4.23,31.7,True
9864,2026-06-20,Bengaluru,North Indian,392.98,12.88,True,4.73,29.9,True
9865,2026-06-20,Nagpur,South Indian,288.46,14.45,False,4.4,23.1,True
9866,2026-06-20,Nagpur,Italian,341.64,16.59,False,4.48,46.2,True
9867,2026-06-20,Pune,Chinese,421.85,14.02,False,3.45,34.5,True
9868,2026-06-20,Pune,North Indian,252.64,14.69,True,4.58,29.5,True
9869,2026-06-20,Mumbai,Italian,340.28,17.53,True,3.36,34.4,True
9870,2026-06-20,Surat,Chinese,380.09,16.5,False,,31.5,True
9871,2026-06-20,Mumbai,North Indian,452.33,16.46,False,3.98,43.6,True
9872,2026-06-20,Bengaluru,Italian,519.93,14.2,False,4.28,32.6,True
9873,2026-06-20,Bengaluru,North Indian,269.9,14.0,False,4.35,31.1,True
9874,2026-06-20,Bhopal,North Indian,563.7,12.34,False,4.48,26.4,True
9875,2026-06-20,Hyderabad,North Indian,399.71,12.26,True,4.32,32.2,True
9876,2026-06-20,Hyderabad,Desserts & Bakery,103.99,13.09,True,,28.7,True
9877,2026-06-20,Ranchi,South Indian,221.5,15.27,True,4.61,27.6,True
9878,2026-06-20,Surat,Italian,454.15,15.47,True,3.95,43.7,True
9879,2026-06-20,Delhi,Italian,544.18,16.11,False,4.08,40.0,True
9880,2026-06-20,Ahmedabad,South Indian,318.8,10.37,False,,25.8,True
9881,2026-06-20,Bengaluru,North Indian,486.95,15.95,False,3.9,22.6,True
9882,2026-06-20,Bengaluru,Italian,577.62,13.57,False,4.31,22.0,True
9883,2026-06-20,Bhopal,Chinese,258.95,16.07,False,,38.7,True
9884,2026-06-20,Surat,Chinese,415.99,10.27,True,4.18,31.6,True
9885,2026-06-20,Surat,North Indian,620.39,13.65,True,4.41,34.7,True
9886,2026-06-20,Hyderabad,South Indian,232.06,9.88,True,4.52,28.0,True
9887,2026-06-20,Ranchi,South Indian,304.14,14.6,False,4.57,52.9,True
9888,2026-06-20,Chennai,South Indian,285.54,11.28,False,4.66,22.8,True
9889,2026-06-20,Chennai,Desserts & Bakery,204.98,15.02,True,3.98,47.2,True
9890,2026-06-20,Ahmedabad,North Indian,434.62,13.76,True,4.37,30.5,True
9891,2026-06-20,Delhi,North Indian,493.27,14.38,True,,30.4,True
9892,2026-06-20,Bengaluru,North Indian,471.74,19.51,False,3.72,24.4,True
9893,2026-06-20,Guwahati,Italian,506.76,12.36,False,4.45,31.3,True
9894,2026-06-20,Pune,Chinese,219.87,17.2,True,,30.9,True
9895,2026-06-20,Surat,South Indian,241.08,13.88,True,3.79,33.5,True
9896,2026-06-20,Ahmedabad,North Indian,424.28,14.18,True,4.16,36.3,True
9897,2026-06-20,Kochi,Chinese,251.18,11.86,True,4.11,40.8,True
9898,2026-06-20,Delhi,Chinese,444.89,14.15,False,4.54,36.9,True
9899,2026-06-21,Bengaluru,North Indian,342.44,11.37,True,4.21,40.4,True
9900,2026-06-21,Pune,South Indian,303.1,13.44,False,4.38,51.4,True
9901,2026-06-21,Delhi,North Indian,447.44,14.68,True,3.99,40.2,True
9902,2026-06-21,Mumbai,North Indian,435.72,18.23,False,,34.8,True
9903,2026-06-21,Ahmedabad,North Indian,432.26,11.43,True,3.85,36.0,True
9904,2026-06-21,Bhopal,Chinese,533.49,13.95,False,4.0,36.9,True
9905,2026-06-21,Kochi,North Indian,477.52,18.61,True,,31.1,True
9906,2026-06-21,Pune,South Indian,326.68,15.23,True,3.87,35.5,True
9907,2026-06-21,Guwahati,Chinese,279.92,13.11,True,4.15,45.2,True
9908,2026-06-21,Nagpur,South Indian,162.41,12.63,False,4.61,29.1,True
9909,2026-06-21,Kochi,Chinese,512.78,10.04,False,4.04,36.4,True
9910,2026-06-21,Bhopal,South Indian,210.0,13.5,True,4.43,35.6,True
9911,2026-06-21,Kochi,Chinese,251.71,16.98,False,4.11,30.0,True
9912,2026-06-21,Chennai,South Indian,271.81,16.11,True,4.03,30.5,True
9913,2026-06-21,Bhopal,North Indian,300.43,16.34,False,4.13,30.6,True
9914,2026-06-21,Pune,Chinese,432.31,13.15,True,4.21,32.9,True
9915,2026-06-21,Nagpur,North Indian,572.76,10.65,True,4.02,35.3,True
9916,2026-06-21,Bhopal,Italian,564.2,16.87,True,,35.6,True
9917,2026-06-21,Hyderabad,South Indian,229.03,13.65,False,4.05,29.3,True
9918,2026-06-21,Chandigarh,North Indian,471.11,16.27,False,4.96,38.0,True
9919,2026-06-21,Pune,South Indian,394.08,14.7,True,4.47,34.9,True
9920,2026-06-21,Surat,Italian,435.74,11.25,False,4.29,28.3,True
9921,2026-06-21,Bhopal,Chinese,315.69,15.53,True,4.97,19.0,True
9922,2026-06-21,Kochi,North Indian,351.51,16.41,True,4.04,32.9,True
9923,2026-06-21,Pune,Chinese,335.99,16.54,True,4.71,35.4,True
9924,2026-06-21,Nagpur,South Indian,253.0,14.09,False,4.11,32.4,True
9925,2026-06-21,Chennai,Chinese,386.04,14.73,False,4.11,37.5,True
9926,2026-06-21,Pune,Chinese,385.3,15.43,True,3.71,24.2,True
9927,2026-06-21,Surat,South Indian,269.24,15.52,True,4.12,28.3,True
9928,2026-06-21,Surat,Italian,325.16,14.83,True,4.96,27.3,True
9929,2026-06-21,Bhopal,North Indian,608.49,13.66,True,4.0,32.3,True
9930,2026-06-21,Surat,Chinese,238.68,14.28,False,4.46,38.6,True
9931,2026-06-21,Nagpur,Chinese,468.26,17.62,False,4.04,42.5,True
9932,2026-06-21,Chennai,Italian,404.07,15.31,False,4.61,42.5,True
9933,2026-06-21,Ahmedabad,North Indian,288.84,13.45,True,3.74,25.6,True
9934,2026-06-21,Chennai,South Indian,287.55,8.49,False,,40.4,True
9935,2026-06-21,Delhi,Chinese,399.94,13.95,True,4.43,37.8,True
9936,2026-06-21,Bhopal,Italian,643.9,17.25,True,4.31,33.0,True
9937,2026-06-21,Ahmedabad,Chinese,264.26,14.01,False,4.34,29.5,True
9938,2026-06-21,Chennai,Chinese,296.22,17.52,True,4.44,23.2,True
9939,2026-06-21,Ahmedabad,South Indian,363.58,17.05,False,4.43,27.4,True
9940,2026-06-21,Kochi,North Indian,415.38,14.71,True,3.78,29.3,True
9941,2026-06-21,Chennai,South Indian,310.48,14.43,True,4.35,28.2,True
9942,2026-06-21,Ranchi,North Indian,435.68,7.72,True,4.8,32.3,True
9943,2026-06-21,Bhopal,Chinese,464.18,14.4,False,,54.6,True
9944,2026-06-21,Surat,Chinese,265.43,12.92,False,4.51,28.1,True
9945,2026-06-21,Hyderabad,Chinese,520.09,13.74,False,4.04,19.8,True
9946,2026-06-21,Bhopal,Italian,496.81,15.87,False,,30.6,True
9947,2026-06-21,Ranchi,Italian,632.41,16.24,True,4.37,24.8,True
9948,2026-06-21,Kochi,South Indian,394.29,15.38,False,4.09,31.3,True
9949,2026-06-21,Surat,North Indian,479.33,12.53,True,3.78,35.1,True
9950,2026-06-21,Bengaluru,Italian,425.86,16.18,False,4.44,38.9,True
9951,2026-06-21,Kochi,Desserts & Bakery,174.26,18.25,True,4.43,37.5,True
9952,2026-06-21,Ahmedabad,North Indian,283.63,14.92,False,4.44,34.0,True
9953,2026-06-21,Ranchi,South Indian,227.38,15.64,False,4.57,32.3,True
9954,2026-06-21,Kochi,North Indian,356.35,13.37,True,4.21,27.5,True
9955,2026-06-21,Delhi,Desserts & Bakery,185.1,11.13,True,4.01,33.1,True
9956,2026-06-21,Mumbai,North Indian,358.21,15.13,True,4.46,30.8,True
9957,2026-06-21,Delhi,South Indian,192.7,14.03,False,3.85,27.9,True
9958,2026-06-21,Nagpur,Chinese,307.09,19.4,False,4.21,36.8,True
9959,2026-06-21,Surat,Desserts & Bakery,199.46,16.67,True,4.4,34.6,True
9960,2026-06-21,Pune,North Indian,449.04,15.38,False,,25.8,True
9961,2026-06-21,Pune,North Indian,493.27,18.5,True,3.75,38.1,True
9962,2026-06-21,Nagpur,North Indian,324.72,16.98,False,4.04,41.1,True
9963,2026-06-21,Hyderabad,North Indian,197.72,20.22,False,4.67,26.5,True
9964,2026-06-21,Chennai,South Indian,237.4,12.97,True,4.12,41.5,True
9965,2026-06-21,Ahmedabad,North Indian,502.04,12.15,True,4.69,29.2,True
9966,2026-06-21,Ahmedabad,South Indian,225.19,14.22,False,3.55,19.1,True
9967,2026-06-21,Delhi,South Indian,258.76,13.69,True,4.54,28.6,True
9968,2026-06-21,Delhi,Italian,417.14,13.87,False,3.82,18.0,True
9969,2026-06-21,Kochi,South Indian,178.9,14.37,True,4.2,35.3,True
9970,2026-06-21,Pune,North Indian,315.83,9.92,True,4.19,34.4,True
9971,2026-06-21,Pune,Italian,617.42,14.03,True,4.38,23.5,True
9972,2026-06-21,Delhi,Italian,544.42,15.58,True,,39.4,True
9973,2026-06-21,Ahmedabad,Italian,376.79,14.2,False,3.85,37.9,True
9974,2026-06-21,Nagpur,North Indian,325.78,16.65,True,,38.1,True
9975,2026-06-21,Bhopal,Italian,496.97,9.68,True,4.14,43.5,True
9976,2026-06-21,Mumbai,North Indian,422.63,12.33,False,5.0,43.0,True
9977,2026-06-21,Hyderabad,North Indian,549.97,15.56,False,4.51,21.9,True
9978,2026-06-21,Chennai,South Indian,267.42,15.57,True,3.87,26.2,True
9979,2026-06-21,Bhopal,Desserts & Bakery,277.89,17.74,True,4.08,31.4,True
9980,2026-06-21,Mumbai,South Indian,336.71,15.16,False,4.04,34.8,True
9981,2026-06-21,Nagpur,South Indian,156.87,12.49,False,4.28,38.5,True
9982,2026-06-21,Hyderabad,North Indian,423.05,10.78,True,4.55,31.7,True
9983,2026-06-21,Bengaluru,South Indian,247.6,14.78,True,4.28,30.2,True
9984,2026-06-21,Hyderabad,North Indian,287.45,11.36,False,4.23,39.8,True
9985,2026-06-21,Bhopal,North Indian,418.04,14.22,False,4.39,25.6,True
9986,2026-06-21,Chandigarh,North Indian,488.2,13.82,True,,33.7,True
9987,2026-06-21,Delhi,North Indian,364.55,17.36,False,4.32,31.9,True
9988,2026-06-21,Ranchi,North Indian,377.26,16.06,True,4.63,34.9,True
9989,2026-06-21,Hyderabad,South Indian,250.91,15.17,True,3.86,35.7,True
9990,2026-06-21,Mumbai,South Indian,318.33,15.1,False,4.12,38.7,True
9991,2026-06-21,Mumbai,Chinese,297.03,9.59,True,3.62,29.0,True
9992,2026-06-21,Mumbai,North Indian,245.87,15.08,False,3.92,27.4,True
9993,2026-06-21,Pune,South Indian,250.63,11.42,False,3.85,29.8,True
9994,2026-06-21,Delhi,Desserts & Bakery,247.1,15.04,False,,30.3,True
9995,2026-06-21,Chennai,North Indian,404.28,15.04,True,3.58,43.5,True
9996,2026-06-21,Pune,North Indian,450.42,13.26,True,4.7,44.6,True
9997,2026-06-21,Surat,North Indian,432.67,15.36,False,4.3,26.3,True
9998,2026-06-21,Hyderabad,North Indian,413.72,12.73,True,4.07,25.8,True
9999,2026-06-21,Kochi,Desserts & Bakery,272.92,12.16,False,4.79,44.6,True
10000,2026-06-21,Surat,North Indian,375.52,19.37,False,4.21,43.5,True
10001,2026-06-21,Chennai,North Indian,352.66,13.99,True,,43.7,True
10002,2026-06-21,Chennai,South Indian,191.35,14.34,True,4.78,41.2,True
10003,2026-06-21,Chandigarh,Desserts & Bakery,229.97,19.57,False,4.03,35.9,True
10004,2026-06-21,Kochi,Chinese,227.01,15.94,True,4.39,31.4,True
10005,2026-06-21,Chennai,South Indian,324.88,16.14,False,3.62,18.3,True
10006,2026-06-21,Delhi,Italian,385.93,12.17,True,3.99,29.7,True
10007,2026-06-21,Bengaluru,Chinese,335.82,15.41,True,4.29,43.7,True
10008,2026-06-21,Pune,Italian,462.61,16.12,True,4.55,35.5,True
10009,2026-06-21,Bengaluru,Chinese,186.97,12.49,True,3.83,28.5,True
10010,2026-06-21,Chandigarh,North Indian,409.76,11.43,False,3.94,40.0,True
10011,2026-06-21,Ahmedabad,North Indian,380.88,15.05,False,4.17,25.6,True
10012,2026-06-21,Bengaluru,Chinese,439.59,13.17,True,3.92,27.0,True
10013,2026-06-21,Pune,Chinese,232.86,13.99,False,,28.5,True
10014,2026-06-21,Delhi,North Indian,362.43,12.32,False,4.34,30.6,True
10015,2026-06-21,Delhi,Chinese,414.28,13.15,False,3.87,32.9,True
10016,2026-06-21,Pune,Chinese,377.66,16.87,False,4.29,21.5,True
10017,2026-06-21,Chennai,North Indian,346.08,15.37,True,4.0,42.9,True
10018,2026-06-21,Kochi,South Indian,213.15,14.35,True,3.88,44.0,True
10019,2026-06-21,Bhopal,Chinese,400.15,10.49,False,4.21,35.1,True
10020,2026-06-21,Bengaluru,South Indian,152.0,9.38,True,4.25,41.9,True
10021,2026-06-21,Hyderabad,North Indian,609.18,14.61,False,3.82,32.6,True
10022,2026-06-21,Ahmedabad,Chinese,437.65,12.69,True,4.39,17.2,True
10023,2026-06-21,Delhi,Desserts & Bakery,173.52,12.13,True,3.91,29.3,True
10024,2026-06-21,Pune,Chinese,321.87,15.06,False,3.71,44.1,True
10025,2026-06-21,Delhi,Desserts & Bakery,332.12,14.46,True,4.36,17.2,True
10026,2026-06-21,Delhi,North Indian,459.48,14.48,True,4.79,16.9,True
10027,2026-06-21,Bengaluru,South Indian,295.89,14.24,False,3.91,38.9,True
10028,2026-06-21,Chennai,South Indian,370.98,16.64,False,4.28,41.7,True
10029,2026-06-21,Pune,North Indian,413.41,18.36,True,3.72,49.1,True
10030,2026-06-21,Guwahati,North Indian,582.9,15.3,True,3.79,24.9,True
10031,2026-06-21,Chandigarh,South Indian,329.61,13.85,True,4.11,21.1,True
10032,2026-06-21,Pune,Desserts & Bakery,179.27,14.26,True,4.16,34.4,True
10033,2026-06-21,Hyderabad,Italian,610.16,11.35,True,,31.8,True
10034,2026-06-21,Chandigarh,South Indian,198.03,13.78,False,4.8,32.2,True
10035,2026-06-21,Surat,North Indian,357.25,13.62,False,,35.5,True
10036,2026-06-21,Hyderabad,North Indian,394.25,12.53,True,4.04,33.6,True
10037,2026-06-21,Bhopal,Desserts & Bakery,258.03,10.85,False,4.3,29.6,True
10038,2026-06-21,Pune,Chinese,397.33,18.32,False,4.03,34.8,True
10039,2026-06-22,Ranchi,Italian,624.21,17.57,True,4.39,40.7,False
10040,2026-06-22,Mumbai,South Indian,207.93,15.33,True,3.61,26.8,False
10041,2026-06-22,Mumbai,Italian,621.09,12.99,True,5.0,28.5,False
10042,2026-06-22,Pune,North Indian,260.41,12.93,False,4.32,34.7,False
10043,2026-06-22,Chandigarh,South Indian,265.1,17.78,True,4.37,27.1,False
10044,2026-06-22,Ahmedabad,South Indian,244.86,14.51,True,3.9,27.5,False
10045,2026-06-22,Hyderabad,Italian,296.11,13.48,True,3.84,33.0,False
10046,2026-06-22,Hyderabad,North Indian,471.67,13.73,True,4.25,37.4,False
10047,2026-06-22,Surat,Italian,592.44,14.19,True,3.78,26.2,False
10048,2026-06-22,Chennai,Chinese,259.02,16.81,True,4.56,21.9,False
10049,2026-06-22,Bhopal,South Indian,311.66,15.02,False,4.2,42.9,False
10050,2026-06-22,Kochi,North Indian,305.62,15.91,True,4.83,30.2,False
10051,2026-06-22,Hyderabad,Chinese,251.19,15.19,False,4.41,29.6,False
10052,2026-06-22,Kochi,North Indian,216.46,15.75,False,3.81,26.3,False
10053,2026-06-22,Pune,North Indian,339.73,10.05,False,4.55,37.5,False
10054,2026-06-22,Bhopal,North Indian,521.08,16.71,True,4.04,23.4,False
10055,2026-06-22,Pune,North Indian,446.31,16.64,True,4.03,48.4,False
10056,2026-06-22,Kochi,North Indian,359.76,15.04,False,4.05,31.5,False
10057,2026-06-22,Ahmedabad,North Indian,543.27,14.84,True,4.79,46.1,False
10058,2026-06-22,Surat,Chinese,329.21,14.08,False,4.79,34.5,False
10059,2026-06-22,Surat,Chinese,136.02,15.28,False,3.54,38.3,False
10060,2026-06-22,Delhi,Italian,302.61,12.06,True,4.2,45.7,False
10061,2026-06-22,Bengaluru,North Indian,402.08,17.12,False,4.02,37.4,False
10062,2026-06-22,Chennai,North Indian,428.74,11.97,False,4.65,39.8,False
10063,2026-06-22,Chandigarh,Chinese,356.85,11.79,True,3.72,33.2,False
10064,2026-06-22,Chennai,Desserts & Bakery,171.58,14.95,True,3.84,36.9,False
10065,2026-06-22,Guwahati,South Indian,165.14,16.14,False,4.1,35.1,False
10066,2026-06-22,Pune,North Indian,417.64,14.05,False,3.8,28.7,False
10067,2026-06-22,Hyderabad,South Indian,315.34,14.29,True,4.77,30.7,False
10068,2026-06-22,Hyderabad,North Indian,417.6,15.71,False,4.01,30.9,False
10069,2026-06-22,Surat,Chinese,256.38,17.93,False,3.98,36.3,False
10070,2026-06-22,Bengaluru,South Indian,355.19,14.96,True,4.48,40.4,False
10071,2026-06-22,Kochi,Chinese,450.19,13.86,True,4.04,24.2,False
10072,2026-06-22,Delhi,North Indian,433.78,15.1,True,4.4,33.0,False
10073,2026-06-22,Guwahati,North Indian,398.04,15.54,True,4.26,43.3,False
10074,2026-06-22,Delhi,South Indian,341.37,14.81,True,4.18,31.8,False
10075,2026-06-22,Nagpur,Italian,453.38,10.71,True,4.36,19.3,False
10076,2026-06-22,Mumbai,South Indian,384.34,14.52,True,3.94,28.6,False
10077,2026-06-22,Ranchi,North Indian,275.18,10.22,True,4.06,40.3,False
10078,2026-06-22,Kochi,North Indian,187.9,13.4,True,3.7,38.6,False
10079,2026-06-22,Pune,Chinese,344.23,15.9,True,4.25,35.7,False
10080,2026-06-22,Chennai,Chinese,382.97,13.34,False,3.9,44.1,False
10081,2026-06-22,Chandigarh,North Indian,460.91,15.11,False,4.4,28.6,False
10082,2026-06-22,Guwahati,Italian,410.98,13.83,False,4.31,32.6,False
10083,2026-06-22,Bhopal,Italian,559.07,12.33,True,4.03,44.3,False
10084,2026-06-22,Surat,South Indian,175.62,12.2,True,3.63,40.7,False
10085,2026-06-22,Kochi,Italian,656.25,15.54,True,4.08,47.0,False
10086,2026-06-22,Hyderabad,Chinese,417.57,18.31,False,,30.9,False
10087,2026-06-22,Hyderabad,South Indian,140.93,20.52,True,3.92,37.9,False
10088,2026-06-22,Ranchi,Chinese,290.76,12.16,False,4.07,32.1,False
10089,2026-06-22,Kochi,Chinese,314.14,14.26,False,4.26,41.5,False
10090,2026-06-22,Surat,Chinese,427.3,15.33,True,4.39,34.9,False
10091,2026-06-22,Bengaluru,South Indian,303.87,14.73,True,3.95,33.6,False
10092,2026-06-22,Hyderabad,Desserts & Bakery,200.03,13.72,True,4.35,23.7,False
10093,2026-06-22,Hyderabad,South Indian,303.91,16.38,True,4.08,24.4,False
10094,2026-06-22,Nagpur,North Indian,384.38,16.21,True,3.88,31.3,False
10095,2026-06-22,Mumbai,South Indian,291.35,12.84,False,,42.1,False
10096,2026-06-22,Kochi,North Indian,369.54,15.95,True,4.29,34.6,False
10097,2026-06-22,Delhi,North Indian,397.07,13.52,True,4.5,38.0,False
10098,2026-06-22,Delhi,Chinese,453.55,17.14,True,4.5,34.0,False
10099,2026-06-22,Delhi,Chinese,474.84,13.38,False,3.69,43.2,False
10100,2026-06-22,Hyderabad,South Indian,416.66,15.56,False,4.37,31.9,False
10101,2026-06-22,Kochi,Chinese,264.88,16.44,False,4.33,18.2,False
10102,2026-06-22,Pune,North Indian,420.73,13.83,True,3.54,27.2,False
10103,2026-06-22,Kochi,North Indian,422.96,11.09,True,3.88,40.0,False
10104,2026-06-22,Chennai,North Indian,368.45,11.65,False,4.14,29.7,False
10105,2026-06-22,Pune,South Indian,274.63,14.11,False,4.44,21.8,False
10106,2026-06-22,Pune,Chinese,294.09,13.01,True,,28.8,False
10107,2026-06-22,Kochi,Desserts & Bakery,177.11,13.23,False,4.23,29.4,False
10108,2026-06-22,Chennai,South Indian,245.47,16.02,True,4.16,39.0,False
10109,2026-06-22,Hyderabad,Chinese,411.02,14.42,True,4.22,38.3,False
10110,2026-06-22,Chennai,North Indian,259.1,15.48,True,4.44,44.6,False
10111,2026-06-22,Pune,South Indian,295.65,14.61,True,4.67,40.7,False
10112,2026-06-22,Ranchi,Italian,401.71,14.71,False,,35.9,False
10113,2026-06-22,Bengaluru,North Indian,386.3,11.86,False,4.05,21.0,False
10114,2026-06-22,Pune,South Indian,282.05,17.32,True,3.82,25.7,False
10115,2026-06-22,Mumbai,North Indian,407.29,11.55,True,3.99,40.3,False
10116,2026-06-22,Pune,North Indian,442.13,12.45,False,4.05,39.0,False
10117,2026-06-22,Chandigarh,Italian,694.18,10.88,True,4.42,29.0,False
10118,2026-06-22,Surat,Chinese,409.99,15.31,True,5.0,28.5,False
10119,2026-06-22,Chandigarh,Chinese,316.42,16.51,True,4.21,35.1,False
10120,2026-06-22,Hyderabad,Chinese,267.8,15.44,False,4.07,34.1,False
10121,2026-06-22,Chandigarh,North Indian,408.3,14.53,False,3.78,32.6,False
10122,2026-06-22,Ranchi,North Indian,350.62,13.43,True,3.96,43.7,False
10123,2026-06-22,Mumbai,North Indian,553.91,15.3,False,,35.6,False
10124,2026-06-22,Chennai,Chinese,265.64,15.32,False,4.09,25.2,False
10125,2026-06-22,Chandigarh,North Indian,407.52,16.76,True,4.13,28.4,False
10126,2026-06-22,Bhopal,North Indian,314.17,14.89,False,4.42,28.7,False
10127,2026-06-22,Delhi,North Indian,383.21,13.99,False,4.24,44.6,False
10128,2026-06-22,Pune,Chinese,450.98,16.26,True,4.38,42.2,False
10129,2026-06-22,Mumbai,South Indian,266.26,14.69,False,4.48,27.6,False
10130,2026-06-22,Nagpur,Chinese,405.27,14.88,True,4.31,26.5,False
10131,2026-06-22,Pune,Chinese,488.43,13.94,True,3.6,30.6,False
10132,2026-06-22,Guwahati,North Indian,560.83,13.1,True,4.78,35.3,False
10133,2026-06-22,Bengaluru,South Indian,165.0,12.97,True,3.69,32.1,False
10134,2026-06-22,Nagpur,South Indian,154.4,14.91,False,4.28,30.2,False
10135,2026-06-22,Delhi,North Indian,333.79,17.45,False,4.52,39.6,False
10136,2026-06-22,Hyderabad,Italian,397.94,13.7,True,4.12,34.4,False
10137,2026-06-22,Mumbai,North Indian,314.89,17.05,False,,27.2,False
10138,2026-06-22,Kochi,Desserts & Bakery,160.45,12.12,False,4.15,41.6,False
10139,2026-06-22,Kochi,North Indian,408.11,15.68,True,3.99,36.1,False
10140,2026-06-23,Pune,Italian,720.17,15.16,False,4.1,41.9,False
10141,2026-06-23,Chennai,North Indian,407.99,17.01,True,4.04,31.7,False
10142,2026-06-23,Surat,North Indian,486.11,13.85,False,4.24,20.0,False
10143,2026-06-23,Mumbai,North Indian,308.46,15.62,True,4.66,18.4,False
10144,2026-06-23,Ranchi,North Indian,389.63,15.54,True,4.28,38.0,False
10145,2026-06-23,Surat,North Indian,421.64,13.77,False,4.21,35.1,False
10146,2026-06-23,Guwahati,South Indian,211.2,16.14,False,4.09,32.2,False
10147,2026-06-23,Ahmedabad,Chinese,304.91,12.29,True,4.37,46.7,False
10148,2026-06-23,Bhopal,South Indian,267.98,15.04,False,3.61,44.7,False
10149,2026-06-23,Surat,North Indian,373.95,14.1,False,4.53,43.6,False
10150,2026-06-23,Bhopal,North Indian,322.48,15.84,False,,14.3,False
10151,2026-06-23,Hyderabad,Italian,552.34,15.5,True,4.46,35.3,False
10152,2026-06-23,Chandigarh,North Indian,261.67,16.04,False,3.88,45.3,False
10153,2026-06-23,Bhopal,Chinese,223.63,14.05,False,4.16,45.2,False
10154,2026-06-23,Hyderabad,South Indian,266.15,14.16,True,3.85,35.9,False
10155,2026-06-23,Mumbai,North Indian,456.65,13.88,False,4.27,29.9,False
10156,2026-06-23,Bengaluru,South Indian,205.62,12.99,True,3.97,32.6,False
10157,2026-06-23,Pune,Chinese,408.44,14.49,False,4.29,43.6,False
10158,2026-06-23,Hyderabad,North Indian,451.54,10.39,True,3.96,32.3,False
10159,2026-06-23,Pune,North Indian,350.64,15.65,True,3.78,33.3,False
10160,2026-06-23,Bengaluru,Desserts & Bakery,224.38,8.33,True,3.97,39.1,False
10161,2026-06-23,Delhi,North Indian,411.91,14.84,False,4.11,25.8,False
10162,2026-06-23,Chandigarh,Desserts & Bakery,195.48,12.15,False,4.21,40.9,False
10163,2026-06-23,Chennai,Italian,313.52,11.58,True,4.54,20.8,False
10164,2026-06-23,Delhi,Italian,417.59,18.15,False,4.06,42.6,False
10165,2026-06-23,Guwahati,Chinese,381.12,14.74,False,4.1,48.2,False
10166,2026-06-23,Bhopal,North Indian,384.77,11.35,False,4.18,33.6,False
10167,2026-06-23,Mumbai,Chinese,224.66,11.7,True,4.45,30.7,False
10168,2026-06-23,Chandigarh,North Indian,436.32,15.64,True,3.75,29.2,False
10169,2026-06-23,Kochi,North Indian,363.81,16.43,False,3.87,43.6,False
10170,2026-06-23,Pune,North Indian,191.18,17.25,True,4.87,34.1,False
10171,2026-06-23,Bhopal,North Indian,271.25,13.6,True,,21.2,False
10172,2026-06-23,Bhopal,South Indian,298.46,10.68,True,4.41,31.6,False
10173,2026-06-23,Delhi,North Indian,379.82,17.22,True,4.09,35.1,False
10174,2026-06-23,Ahmedabad,North Indian,340.77,15.69,False,4.29,43.8,False
10175,2026-06-23,Nagpur,North Indian,301.79,13.54,False,4.35,34.5,False
10176,2026-06-23,Nagpur,North Indian,429.33,16.68,True,4.02,37.7,False
10177,2026-06-23,Ahmedabad,North Indian,428.03,13.97,False,4.23,36.6,False
10178,2026-06-23,Hyderabad,North Indian,130.61,13.3,True,4.32,28.4,False
10179,2026-06-23,Nagpur,North Indian,538.26,16.67,True,4.07,28.3,False
10180,2026-06-23,Guwahati,South Indian,283.77,16.52,True,3.58,46.6,False
10181,2026-06-23,Hyderabad,South Indian,350.48,13.18,True,4.29,42.8,False
10182,2026-06-23,Pune,North Indian,430.39,15.6,False,3.98,44.1,False
10183,2026-06-23,Bengaluru,Chinese,174.75,15.85,True,4.25,31.7,False
10184,2026-06-23,Pune,Chinese,404.86,12.76,False,4.21,32.6,False
10185,2026-06-23,Delhi,Chinese,383.73,13.45,False,4.56,44.6,False
10186,2026-06-23,Ahmedabad,North Indian,271.16,14.77,True,3.98,36.2,False
10187,2026-06-23,Delhi,South Indian,198.77,12.03,False,4.43,26.1,False
10188,2026-06-23,Nagpur,Chinese,473.74,16.19,True,4.34,32.6,False
10189,2026-06-23,Hyderabad,Chinese,421.43,14.94,False,3.73,26.8,False
10190,2026-06-23,Guwahati,North Indian,529.93,15.76,True,,31.1,False
10191,2026-06-23,Ranchi,North Indian,493.25,13.29,False,3.84,36.3,False
10192,2026-06-23,Ahmedabad,North Indian,364.22,13.96,False,3.61,40.9,False
10193,2026-06-23,Ranchi,Desserts & Bakery,257.53,13.84,True,,27.5,False
10194,2026-06-23,Chennai,South Indian,269.64,14.06,True,4.03,29.0,False
10195,2026-06-23,Mumbai,Chinese,398.03,14.54,True,4.16,30.2,False
10196,2026-06-23,Surat,South Indian,260.43,12.9,True,4.23,44.0,False
10197,2026-06-23,Pune,North Indian,375.44,17.3,True,3.51,34.1,False
10198,2026-06-23,Delhi,Italian,176.88,17.77,True,4.52,43.4,False
10199,2026-06-23,Bengaluru,North Indian,494.8,14.72,True,4.46,24.9,False
10200,2026-06-23,Pune,Chinese,483.84,11.03,True,4.31,25.2,False
10201,2026-06-23,Delhi,North Indian,453.11,11.08,True,3.61,38.8,False
10202,2026-06-23,Mumbai,Italian,512.14,14.43,False,4.51,42.0,False
10203,2026-06-23,Surat,Chinese,492.62,16.69,False,3.86,44.3,False
10204,2026-06-23,Nagpur,North Indian,332.76,13.7,False,4.18,36.2,False
10205,2026-06-23,Pune,South Indian,209.03,15.32,False,4.33,40.0,False
10206,2026-06-23,Bhopal,Chinese,277.01,15.84,False,4.46,34.0,False
10207,2026-06-23,Chennai,Chinese,342.76,11.46,False,4.48,26.0,False
10208,2026-06-23,Surat,South Indian,248.91,13.4,True,4.45,38.6,False
10209,2026-06-23,Bengaluru,Chinese,326.82,13.5,True,4.55,19.8,False
10210,2026-06-23,Hyderabad,South Indian,320.74,13.29,True,3.93,37.1,False
10211,2026-06-23,Chennai,Desserts & Bakery,206.44,17.72,True,4.41,30.5,False
10212,2026-06-23,Nagpur,North Indian,426.48,15.58,True,3.56,25.8,False
10213,2026-06-23,Mumbai,South Indian,215.42,12.16,True,4.28,36.1,False
10214,2026-06-23,Bengaluru,North Indian,370.15,14.95,False,4.31,33.7,False
10215,2026-06-23,Bengaluru,Desserts & Bakery,166.46,11.34,True,4.79,41.9,False
10216,2026-06-23,Chennai,Chinese,279.93,10.45,True,4.11,34.1,False
10217,2026-06-23,Chennai,Chinese,296.97,11.63,False,4.02,35.3,False
10218,2026-06-23,Ahmedabad,Chinese,229.75,15.63,False,4.6,34.7,False
10219,2026-06-23,Ranchi,Italian,390.94,14.16,False,3.93,28.1,False
10220,2026-06-23,Kochi,Chinese,373.38,11.7,True,4.06,27.7,False
10221,2026-06-23,Ahmedabad,North Indian,352.66,12.37,False,3.66,35.5,False
10222,2026-06-23,Ahmedabad,North Indian,226.95,9.59,True,3.84,40.0,False
10223,2026-06-23,Surat,North Indian,264.42,15.38,False,4.07,31.9,False
10224,2026-06-23,Bengaluru,South Indian,332.01,12.81,False,,25.1,False
10225,2026-06-23,Hyderabad,Chinese,328.65,13.12,True,4.36,39.5,False
10226,2026-06-23,Ahmedabad,Italian,600.03,16.45,True,3.99,26.4,False
10227,2026-06-23,Delhi,North Indian,455.33,19.17,True,4.28,38.2,False
10228,2026-06-23,Pune,North Indian,566.94,12.67,True,4.05,41.1,False
10229,2026-06-23,Pune,North Indian,288.24,14.35,False,4.24,47.7,False
10230,2026-06-23,Nagpur,South Indian,306.02,15.62,True,4.14,38.1,False
10231,2026-06-23,Delhi,North Indian,360.7,16.62,False,3.81,40.9,False
10232,2026-06-23,Bengaluru,Chinese,385.98,15.2,True,4.32,33.3,False
10233,2026-06-23,Ahmedabad,Desserts & Bakery,201.62,13.79,True,4.49,23.7,False
10234,2026-06-23,Mumbai,South Indian,211.6,16.64,False,4.36,32.0,False
10235,2026-06-23,Surat,North Indian,389.37,12.74,True,3.5,38.2,False
10236,2026-06-23,Hyderabad,South Indian,202.0,16.37,False,4.06,44.7,False
10237,2026-06-23,Hyderabad,Chinese,291.65,13.48,True,4.39,28.1,False
10238,2026-06-23,Chennai,Desserts & Bakery,234.61,12.36,False,,38.2,False
10239,2026-06-23,Pune,South Indian,365.69,14.63,False,4.25,48.2,False
10240,2026-06-23,Bengaluru,Desserts & Bakery,186.94,9.87,False,4.16,37.4,False
10241,2026-06-23,Guwahati,North Indian,399.87,13.36,True,4.8,31.7,False
10242,2026-06-23,Ahmedabad,North Indian,266.74,15.9,True,3.65,36.1,False
10243,2026-06-23,Mumbai,South Indian,289.87,12.36,True,4.33,43.2,False
10244,2026-06-23,Bhopal,North Indian,451.41,11.3,True,,34.8,False
10245,2026-06-23,Ahmedabad,North Indian,386.62,12.29,True,4.25,30.7,False
10246,2026-06-23,Mumbai,North Indian,225.2,14.69,True,3.65,26.0,False
10247,2026-06-23,Delhi,South Indian,246.76,12.93,True,3.69,37.8,False
10248,2026-06-23,Delhi,North Indian,510.32,12.33,False,3.63,29.0,False
10249,2026-06-23,Guwahati,Chinese,262.32,13.69,False,4.05,38.1,False
10250,2026-06-23,Chandigarh,North Indian,376.29,14.67,True,,40.3,False
10251,2026-06-23,Surat,North Indian,562.25,17.19,False,4.0,43.9,False
10252,2026-06-23,Mumbai,North Indian,573.59,14.27,True,3.68,35.8,False
10253,2026-06-23,Delhi,North Indian,404.06,12.72,False,3.87,30.2,False
10254,2026-06-23,Pune,North Indian,302.79,13.82,False,4.34,38.1,False
10255,2026-06-23,Hyderabad,North Indian,455.12,15.48,True,4.45,21.4,False
10256,2026-06-24,Bengaluru,Chinese,297.75,15.08,True,,34.0,False
10257,2026-06-24,Bengaluru,South Indian,236.23,13.59,True,3.88,18.9,False
10258,2026-06-24,Mumbai,South Indian,165.84,14.93,False,3.97,33.4,False
10259,2026-06-24,Guwahati,Chinese,465.69,15.09,True,4.61,24.7,False
10260,2026-06-24,Delhi,Italian,449.63,10.58,False,4.65,34.2,False
10261,2026-06-24,Bengaluru,Italian,463.01,15.63,True,,36.0,False
10262,2026-06-24,Guwahati,Italian,604.59,14.73,False,,45.5,False
10263,2026-06-24,Bengaluru,North Indian,374.83,15.58,True,4.52,35.5,False
10264,2026-06-24,Bengaluru,Chinese,391.17,16.59,False,4.43,30.2,False
10265,2026-06-24,Mumbai,Italian,351.34,15.21,False,4.17,42.5,False
10266,2026-06-24,Guwahati,Italian,411.81,13.75,True,,44.1,False
10267,2026-06-24,Mumbai,North Indian,380.99,13.0,False,4.4,21.0,False
10268,2026-06-24,Chennai,Chinese,346.41,15.21,True,3.71,29.3,False
10269,2026-06-24,Ahmedabad,North Indian,303.31,12.39,False,3.91,46.2,False
10270,2026-06-24,Delhi,Chinese,236.56,11.5,True,4.45,47.2,False
10271,2026-06-24,Hyderabad,Chinese,400.63,15.3,True,4.2,33.6,False
10272,2026-06-24,Bengaluru,South Indian,333.78,16.21,False,4.16,33.4,False
10273,2026-06-24,Bengaluru,Chinese,274.49,17.12,True,3.86,38.3,False
10274,2026-06-24,Bhopal,Italian,307.98,16.21,True,4.04,33.4,False
10275,2026-06-24,Pune,Chinese,482.69,15.57,True,4.32,19.5,False
10276,2026-06-24,Ahmedabad,North Indian,596.79,15.12,True,4.19,36.9,False
10277,2026-06-24,Pune,South Indian,255.47,14.32,True,4.28,30.2,False
10278,2026-06-24,Chandigarh,Chinese,422.82,14.47,True,4.55,34.4,False
10279,2026-06-24,Hyderabad,South Indian,275.33,14.38,False,3.67,29.5,False
10280,2026-06-24,Bhopal,North Indian,240.43,11.32,False,4.37,29.6,False
10281,2026-06-24,Chandigarh,South Indian,195.94,12.37,False,3.83,32.3,False
10282,2026-06-24,Guwahati,Desserts & Bakery,168.26,11.43,True,4.29,28.5,False
10283,2026-06-24,Ahmedabad,South Indian,249.36,17.49,False,4.21,29.9,False
10284,2026-06-24,Mumbai,South Indian,270.65,13.22,True,4.46,31.0,False
10285,2026-06-24,Ranchi,North Indian,497.59,11.45,False,,30.9,False
10286,2026-06-24,Mumbai,South Indian,384.23,11.98,False,,32.4,False
10287,2026-06-24,Delhi,Desserts & Bakery,173.73,13.84,True,3.71,28.7,False
10288,2026-06-24,Pune,Desserts & Bakery,190.21,11.89,True,4.26,32.8,False
10289,2026-06-24,Hyderabad,North Indian,414.78,14.6,False,3.97,31.5,False
10290,2026-06-24,Delhi,Chinese,330.38,14.4,False,3.93,24.1,False
10291,2026-06-24,Delhi,South Indian,240.52,14.93,True,3.83,40.9,False
10292,2026-06-24,Bhopal,Italian,681.41,15.93,True,4.17,45.7,False
10293,2026-06-24,Ahmedabad,Italian,706.19,12.9,False,3.7,26.5,False
10294,2026-06-24,Ahmedabad,North Indian,363.81,16.24,True,4.17,39.4,False
10295,2026-06-24,Ranchi,Chinese,296.97,15.7,True,4.48,35.2,False
10296,2026-06-24,Bengaluru,Italian,501.25,12.95,False,,31.9,False
10297,2026-06-24,Chennai,Italian,561.81,13.72,False,3.88,36.0,False
10298,2026-06-24,Hyderabad,Italian,444.57,15.25,True,3.56,33.9,False
10299,2026-06-24,Chennai,South Indian,204.38,14.61,True,4.49,37.9,False
10300,2026-06-24,Bhopal,South Indian,146.14,13.34,True,3.67,30.1,False
10301,2026-06-24,Hyderabad,Italian,549.77,13.04,True,3.7,38.1,False
10302,2026-06-24,Bhopal,North Indian,372.2,15.6,False,3.95,39.1,False
10303,2026-06-24,Nagpur,Italian,598.97,11.44,False,4.63,30.5,False
10304,2026-06-24,Mumbai,Chinese,381.29,16.85,False,3.76,30.4,False
10305,2026-06-24,Surat,Chinese,264.73,13.8,False,4.03,37.4,False
10306,2026-06-24,Chennai,Chinese,371.7,14.77,False,4.34,34.9,False
10307,2026-06-24,Mumbai,Italian,400.64,15.62,True,4.13,29.4,False
10308,2026-06-24,Mumbai,North Indian,368.13,15.45,False,,31.0,False
10309,2026-06-24,Pune,South Indian,363.93,16.44,False,4.11,20.7,False
10310,2026-06-24,Hyderabad,North Indian,469.55,17.44,True,4.66,28.2,False
10311,2026-06-24,,North Indian,384.72,13.76,True,4.04,37.0,False
10312,2026-06-24,Ahmedabad,South Indian,179.64,14.31,False,,23.2,False
10313,2026-06-24,Ranchi,Chinese,268.59,15.51,True,,26.8,False
10314,2026-06-24,Mumbai,Chinese,325.52,11.86,True,4.12,29.6,False
10315,2026-06-24,Surat,Desserts & Bakery,197.6,14.69,False,3.62,48.5,False
10316,2026-06-24,Chennai,North Indian,553.37,12.99,True,,33.6,False
10317,2026-06-24,Pune,Italian,471.2,13.33,True,,38.3,False
10318,2026-06-24,Kochi,Desserts & Bakery,250.82,11.69,True,4.28,27.3,False
10319,2026-06-24,Surat,North Indian,295.61,13.73,False,4.8,39.1,False
10320,2026-06-24,Pune,South Indian,356.15,13.73,False,3.66,37.0,False
10321,2026-06-24,Ranchi,Chinese,294.41,18.07,False,4.0,37.9,False
10322,2026-06-24,Bengaluru,South Indian,225.42,18.56,False,3.51,35.3,False
10323,2026-06-24,Bhopal,South Indian,310.89,13.59,False,4.79,39.1,False
10324,2026-06-24,Hyderabad,Chinese,387.53,10.55,True,4.11,42.7,False
10325,2026-06-24,Chennai,North Indian,403.15,15.31,False,4.08,30.4,False
10326,2026-06-24,Chandigarh,Chinese,196.86,14.31,True,4.61,39.0,False
10327,2026-06-24,Kochi,North Indian,375.4,13.08,True,4.61,38.0,False
10328,2026-06-24,Surat,Chinese,161.06,13.07,True,4.04,30.8,False
10329,2026-06-24,Chennai,Chinese,294.03,12.79,True,4.16,46.6,False
10330,2026-06-24,Nagpur,Italian,526.92,9.39,True,4.04,40.7,False
10331,2026-06-24,Bengaluru,North Indian,437.09,16.05,True,3.61,36.1,False
10332,2026-06-24,Pune,Chinese,332.81,14.76,True,3.89,34.4,False
10333,2026-06-24,Chennai,Chinese,278.68,13.23,False,4.02,32.2,False
10334,2026-06-24,Ranchi,Chinese,375.87,13.89,True,4.23,19.8,False
10335,2026-06-24,Chandigarh,North Indian,339.27,12.19,True,3.75,24.5,False
10336,2026-06-24,Nagpur,North Indian,535.38,11.8,True,4.37,38.9,False
10337,2026-06-24,Guwahati,Chinese,336.62,15.73,False,4.12,41.9,False
10338,2026-06-24,Pune,North Indian,339.14,12.97,True,4.23,40.4,False
10339,2026-06-24,Guwahati,Italian,380.16,15.5,True,4.3,36.0,False
10340,2026-06-24,Nagpur,North Indian,374.87,13.65,True,4.32,38.7,False
10341,2026-06-24,Guwahati,South Indian,201.7,13.81,True,4.16,36.3,False
10342,2026-06-24,,North Indian,386.59,15.35,True,4.76,44.0,False
10343,2026-06-24,Pune,Italian,471.18,16.59,True,4.67,22.7,False
10344,2026-06-24,Delhi,Chinese,294.95,16.73,True,,22.8,False
10345,2026-06-24,Mumbai,North Indian,375.77,13.76,False,3.72,28.8,False
10346,2026-06-24,Guwahati,South Indian,277.67,16.29,False,3.37,31.3,False
10347,2026-06-24,Chandigarh,North Indian,120.57,11.77,True,4.07,45.6,False
10348,2026-06-24,Mumbai,South Indian,174.45,16.73,False,,39.2,False
10349,2026-06-24,Mumbai,Desserts & Bakery,159.64,12.33,True,4.32,41.4,False
10350,2026-06-24,Hyderabad,South Indian,269.17,11.64,False,4.35,21.6,False
10351,2026-06-24,Delhi,Desserts & Bakery,178.46,12.71,True,4.47,36.8,False
10352,2026-06-24,Chennai,South Indian,293.55,17.68,False,3.98,37.8,False
10353,2026-06-24,Nagpur,South Indian,311.5,11.57,True,3.68,33.6,False
10354,2026-06-24,Mumbai,North Indian,428.63,14.39,True,,41.8,False
10355,2026-06-24,Bengaluru,Italian,456.94,13.49,False,4.36,37.9,False
10356,2026-06-24,Bengaluru,Chinese,417.27,13.72,True,3.64,24.7,False
10357,2026-06-24,Bengaluru,North Indian,344.51,18.35,False,,20.5,False
10358,2026-06-24,Surat,North Indian,425.48,13.35,True,4.07,45.4,False
10359,2026-06-24,Pune,North Indian,346.05,16.16,True,3.84,43.6,False
10360,2026-06-25,Hyderabad,Chinese,446.68,13.4,False,4.53,40.2,False
10361,2026-06-25,Bhopal,North Indian,430.52,12.2,True,4.43,40.2,False
10362,2026-06-25,Hyderabad,South Indian,286.25,20.05,True,,23.4,False
10363,2026-06-25,Bhopal,South Indian,262.2,14.95,True,4.93,26.2,False
10364,2026-06-25,Bengaluru,Italian,511.87,16.47,False,4.25,25.8,False
10365,2026-06-25,Ranchi,Chinese,292.36,12.92,True,,25.5,False
10366,2026-06-25,Guwahati,Italian,567.8,13.19,True,4.24,34.7,False
10367,2026-06-25,Kochi,Chinese,309.79,16.27,False,3.7,24.5,False
10368,2026-06-25,Chennai,Desserts & Bakery,152.69,13.56,True,3.85,34.1,False
10369,2026-06-25,Ahmedabad,North Indian,466.44,13.68,False,4.3,28.9,False
10370,2026-06-25,Bengaluru,Italian,620.7,13.06,True,,37.3,False
10371,2026-06-25,Surat,Chinese,202.26,13.75,True,4.56,37.1,False
10372,2026-06-25,Ahmedabad,North Indian,345.7,15.85,True,4.4,43.3,False
10373,2026-06-25,Nagpur,South Indian,226.8,18.59,False,4.12,31.6,False
10374,2026-06-25,Chandigarh,South Indian,293.48,13.43,True,3.69,27.1,False
10375,2026-06-25,Hyderabad,Chinese,388.92,16.18,False,4.2,42.4,False
10376,2026-06-25,Delhi,North Indian,429.73,15.0,True,4.3,39.3,False
10377,2026-06-25,Surat,South Indian,247.0,13.1,True,,39.9,False
10378,2026-06-25,Chennai,North Indian,255.19,14.95,True,4.37,36.6,False
10379,2026-06-25,Chennai,North Indian,429.91,13.68,True,4.37,21.1,False
10380,2026-06-25,Pune,Italian,400.43,15.13,False,4.8,22.5,False
10381,2026-06-25,Delhi,Italian,336.28,17.17,True,,36.3,False
10382,2026-06-25,Mumbai,North Indian,376.96,14.49,False,3.65,37.4,False
10383,2026-06-25,Pune,Chinese,360.64,17.16,False,,26.6,False
10384,2026-06-25,Chandigarh,Italian,350.48,16.23,True,4.57,32.6,False
10385,2026-06-25,Bengaluru,South Indian,361.04,13.82,True,4.07,30.8,False
10386,2026-06-25,Ranchi,North Indian,263.63,16.05,False,3.99,41.5,False
10387,2026-06-25,Ranchi,South Indian,244.17,13.64,True,3.98,45.7,False
10388,2026-06-25,Chandigarh,Italian,518.06,15.5,True,4.06,37.0,False
10389,2026-06-25,Hyderabad,North Indian,485.92,12.61,False,3.97,42.8,False
10390,2026-06-25,Ahmedabad,North Indian,346.68,17.17,True,4.0,28.3,False
10391,2026-06-25,Chandigarh,Chinese,387.12,14.8,False,4.52,32.1,False
10392,2026-06-25,Guwahati,Italian,586.55,15.86,False,4.29,39.0,False
10393,2026-06-25,Pune,North Indian,488.63,12.12,False,4.22,35.7,False
10394,2026-06-25,Ahmedabad,Chinese,258.64,12.85,False,4.5,23.2,False
10395,2026-06-25,Mumbai,Desserts & Bakery,208.85,12.08,True,4.38,36.2,False
10396,2026-06-25,Pune,North Indian,395.61,14.21,True,,31.6,False
10397,2026-06-25,Delhi,North Indian,599.5,14.42,True,5.0,29.0,False
10398,2026-06-25,Hyderabad,North Indian,252.2,17.1,True,3.64,44.0,False
10399,2026-06-25,Chandigarh,South Indian,263.99,12.0,True,4.42,43.6,False
10400,2026-06-25,Chandigarh,South Indian,284.69,15.67,True,3.79,33.6,False
10401,2026-06-25,Mumbai,South Indian,258.19,14.88,False,4.48,33.4,False
10402,2026-06-25,Pune,North Indian,557.41,18.48,False,3.51,38.7,False
10403,2026-06-25,Ranchi,South Indian,275.89,19.54,False,4.02,34.8,False
10404,2026-06-25,Kochi,Chinese,439.87,12.93,True,3.73,33.0,False
10405,2026-06-25,Delhi,Chinese,261.47,13.04,True,,40.1,False
10406,2026-06-25,Pune,Chinese,368.34,19.6,True,4.85,20.1,False
10407,2026-06-25,Surat,North Indian,449.57,14.92,False,4.12,46.4,False
10408,2026-06-25,Ranchi,North Indian,530.44,14.61,False,4.04,35.1,False
10409,2026-06-25,Chennai,North Indian,428.52,13.98,True,4.22,22.6,False
10410,2026-06-25,Hyderabad,Chinese,224.18,14.6,True,3.84,35.6,False
10411,2026-06-25,Bhopal,South Indian,294.64,13.11,False,,32.5,False
10412,2026-06-25,Delhi,Chinese,432.69,15.75,False,4.25,43.0,False
10413,2026-06-25,Chennai,North Indian,508.6,16.88,True,,31.8,False
10414,2026-06-25,Hyderabad,Desserts & Bakery,152.13,16.81,False,3.85,36.1,False
10415,2026-06-25,Mumbai,Chinese,383.38,20.82,True,3.85,49.5,False
10416,2026-06-25,Hyderabad,South Indian,199.43,13.47,False,4.34,35.6,False
10417,2026-06-25,Chandigarh,South Indian,281.47,18.32,True,4.46,33.0,False
10418,2026-06-25,Delhi,North Indian,366.23,17.69,True,4.18,32.4,False
10419,2026-06-25,Delhi,Chinese,281.23,16.0,False,4.07,31.6,False
10420,2026-06-25,Hyderabad,South Indian,148.8,13.43,False,3.86,33.1,False
10421,2026-06-25,Hyderabad,North Indian,375.52,15.29,True,4.43,49.3,False
10422,2026-06-25,Pune,North Indian,305.38,12.36,False,,30.7,False
10423,2026-06-25,Chandigarh,South Indian,248.15,15.15,False,4.28,36.0,False
10424,2026-06-25,Nagpur,Chinese,414.74,16.37,False,3.68,47.9,False
10425,2026-06-25,Pune,North Indian,305.23,12.03,False,4.2,31.0,False
10426,2026-06-25,Guwahati,North Indian,360.98,15.44,False,4.1,43.0,False
10427,2026-06-25,Delhi,Italian,523.66,15.06,True,3.82,28.1,False
10428,2026-06-25,Mumbai,South Indian,262.2,17.35,True,4.02,36.1,False
10429,2026-06-25,Pune,North Indian,498.95,13.73,True,4.34,27.2,False
10430,2026-06-25,Pune,North Indian,520.03,20.98,False,4.17,35.0,False
10431,2026-06-25,Mumbai,South Indian,243.05,18.11,True,4.38,41.2,False
10432,2026-06-25,Ahmedabad,South Indian,283.23,17.73,True,4.21,44.2,False
10433,2026-06-25,Chennai,Italian,501.02,19.56,True,4.6,35.9,False
10434,2026-06-25,Mumbai,South Indian,173.26,16.95,False,4.0,35.3,False
10435,2026-06-25,Kochi,Chinese,238.24,17.64,True,4.78,33.6,False
10436,2026-06-25,Bengaluru,Chinese,305.1,14.12,False,,34.5,False
10437,2026-06-25,Mumbai,North Indian,403.67,14.1,False,4.62,12.0,False
10438,2026-06-25,Delhi,Chinese,313.19,14.52,True,4.88,26.2,False
10439,2026-06-25,Chandigarh,Chinese,329.25,12.39,False,4.04,34.8,False
10440,2026-06-25,Ahmedabad,South Indian,146.13,12.77,True,,32.9,False
10441,2026-06-25,Chandigarh,Italian,594.08,14.79,True,3.87,33.4,False
10442,2026-06-25,Delhi,Desserts & Bakery,331.28,16.34,True,4.0,28.8,False
10443,2026-06-25,Nagpur,North Indian,380.89,13.27,True,4.6,39.8,False
10444,2026-06-25,Ranchi,Chinese,427.08,18.21,True,3.83,35.4,False
10445,2026-06-25,Pune,South Indian,239.17,15.86,False,4.05,31.9,False
10446,2026-06-25,Delhi,Italian,469.98,17.79,True,4.06,37.2,False
10447,2026-06-25,Bhopal,Desserts & Bakery,213.48,16.68,True,3.63,54.4,False
10448,2026-06-25,Delhi,North Indian,331.57,14.34,False,3.94,23.1,False
10449,2026-06-25,Kochi,Italian,470.05,15.03,True,4.86,37.2,False
10450,2026-06-25,Ranchi,North Indian,275.28,14.18,True,3.82,27.9,False
10451,2026-06-25,Bhopal,North Indian,304.96,11.16,True,3.76,41.8,False
10452,2026-06-25,Mumbai,South Indian,271.04,14.2,True,3.96,39.3,False
10453,2026-06-25,Ahmedabad,North Indian,391.6,13.37,True,3.72,38.0,False
10454,2026-06-25,Surat,North Indian,400.35,15.56,False,4.53,33.0,False
10455,2026-06-25,Chennai,Desserts & Bakery,240.17,12.93,True,4.45,25.1,False
10456,2026-06-25,Bengaluru,North Indian,348.03,16.05,True,3.89,28.8,False
10457,2026-06-25,Pune,North Indian,322.68,14.46,False,3.9,37.0,False
10458,2026-06-25,Bengaluru,South Indian,244.97,18.85,False,4.7,46.7,False
10459,2026-06-25,Kochi,South Indian,306.81,15.64,False,4.25,33.0,False
10460,2026-06-25,Bengaluru,Chinese,198.15,18.23,True,4.11,38.5,False
10461,2026-06-25,Surat,North Indian,574.16,15.18,False,4.49,36.1,False
10462,2026-06-25,Pune,South Indian,278.92,11.83,True,3.99,31.2,False
10463,2026-06-26,Surat,Chinese,473.51,10.82,False,4.28,34.3,False
10464,2026-06-26,Delhi,North Indian,668.72,13.23,True,4.01,41.1,False
10465,2026-06-26,Pune,North Indian,537.32,15.7,True,3.8,28.1,False
10466,2026-06-26,Bengaluru,Desserts & Bakery,217.07,12.3,False,3.54,29.8,False
10467,2026-06-26,Chandigarh,North Indian,445.42,17.13,True,4.04,46.4,False
10468,2026-06-26,Hyderabad,North Indian,273.6,13.67,False,3.88,37.7,False
10469,2026-06-26,Ahmedabad,South Indian,253.72,11.95,False,3.99,36.6,False
10470,2026-06-26,Hyderabad,Chinese,252.61,14.7,False,3.87,28.4,False
10471,2026-06-26,Chandigarh,Italian,649.59,18.56,False,4.51,32.9,False
10472,2026-06-26,Kochi,Chinese,435.81,15.86,True,3.89,39.1,False
10473,2026-06-26,Hyderabad,Desserts & Bakery,309.73,12.4,True,4.47,26.9,False
10474,2026-06-26,Surat,Chinese,477.27,14.4,False,4.08,34.7,False
10475,2026-06-26,Chandigarh,South Indian,250.66,13.97,True,4.15,26.0,False
10476,2026-06-26,Bengaluru,Italian,510.25,15.19,False,4.12,32.1,False
10477,2026-06-26,Chandigarh,Italian,467.31,15.15,True,3.77,34.1,False
10478,2026-06-26,Chennai,Italian,599.55,12.71,True,3.7,32.9,False
10479,2026-06-26,Delhi,South Indian,219.96,12.92,False,4.04,28.5,False
10480,2026-06-26,Delhi,Chinese,408.04,14.85,True,4.51,48.7,False
10481,2026-06-26,Pune,Italian,642.05,14.82,True,3.76,23.4,False
10482,2026-06-26,Delhi,North Indian,431.52,16.13,True,3.94,36.9,False
10483,2026-06-26,Nagpur,Chinese,346.89,15.3,False,3.53,28.0,False
10484,2026-06-26,Chandigarh,Chinese,293.39,14.11,False,3.95,31.2,False
10485,2026-06-26,Delhi,North Indian,348.92,15.16,False,4.7,26.2,False
10486,2026-06-26,Delhi,South Indian,367.94,15.69,False,3.75,26.1,False
10487,2026-06-26,Ahmedabad,North Indian,415.44,13.99,False,3.87,35.6,False
10488,2026-06-26,Bengaluru,North Indian,342.14,16.14,True,,38.8,False
10489,2026-06-26,Ahmedabad,South Indian,414.31,12.31,True,4.21,38.8,False
10490,2026-06-26,Nagpur,South Indian,303.68,14.65,True,,32.0,False
10491,2026-06-26,Kochi,North Indian,423.53,16.64,False,,32.3,False
10492,2026-06-26,Ranchi,South Indian,329.82,12.3,False,3.9,35.1,False
10493,2026-06-26,Nagpur,Italian,378.12,11.24,True,3.98,31.9,False
10494,2026-06-26,Bhopal,Italian,628.51,14.44,False,,24.4,False
10495,2026-06-26,Hyderabad,South Indian,435.88,14.15,False,4.12,43.6,False
10496,2026-06-26,Delhi,Chinese,311.34,12.88,False,4.49,21.8,False
10497,2026-06-26,Delhi,Italian,572.69,15.7,True,4.16,43.8,False
10498,2026-06-26,Bhopal,Italian,716.92,13.5,True,3.83,31.1,False
10499,2026-06-26,Delhi,Desserts & Bakery,236.44,15.29,False,3.82,25.6,False
10500,2026-06-26,Chennai,Italian,455.88,11.42,False,3.81,32.0,False
10501,2026-06-26,Nagpur,Desserts & Bakery,262.91,14.46,False,4.37,32.4,False
10502,2026-06-26,Pune,North Indian,519.14,14.46,True,4.45,22.4,False
10503,2026-06-26,Surat,Chinese,262.17,14.43,False,4.44,31.6,False
10504,2026-06-26,Hyderabad,Italian,398.5,16.0,True,,24.8,False
10505,2026-06-26,Pune,Italian,340.17,13.15,True,4.08,27.4,False
10506,2026-06-26,Pune,Italian,424.37,14.87,True,4.58,28.2,False
10507,2026-06-26,Surat,Desserts & Bakery,129.55,16.63,True,4.38,29.5,False
10508,2026-06-26,Ahmedabad,North Indian,511.56,9.76,True,3.37,30.0,False
10509,2026-06-26,Ahmedabad,South Indian,268.55,15.97,True,4.02,41.4,False
10510,2026-06-26,Pune,North Indian,337.47,11.87,True,4.27,38.7,False
10511,2026-06-26,Pune,South Indian,299.13,12.25,True,4.1,33.7,False
10512,2026-06-26,Chennai,North Indian,161.8,17.12,True,,41.2,False
10513,2026-06-26,Ahmedabad,Chinese,383.88,15.15,False,3.41,19.6,False
10514,2026-06-26,Ahmedabad,North Indian,434.7,17.34,True,4.3,49.7,False
10515,2026-06-26,Mumbai,North Indian,412.75,15.75,True,4.29,37.2,False
10516,2026-06-26,Nagpur,South Indian,223.15,15.28,True,4.11,28.6,False
10517,2026-06-26,Bengaluru,Italian,320.77,14.54,True,4.23,25.7,False
10518,2026-06-26,Ahmedabad,Italian,471.68,16.84,True,3.84,23.0,False
10519,2026-06-26,Ranchi,Italian,600.7,16.31,False,,31.5,False
10520,2026-06-26,Guwahati,Chinese,467.76,14.11,True,4.88,35.7,False
10521,2026-06-26,Surat,North Indian,302.03,13.17,True,4.44,34.1,False
10522,2026-06-26,Ahmedabad,Italian,411.8,15.29,True,4.0,27.0,False
10523,2026-06-26,Chennai,South Indian,249.97,12.09,False,3.78,25.4,False
10524,2026-06-26,Chennai,Italian,700.23,14.09,True,4.12,22.2,False
10525,2026-06-26,Surat,Chinese,510.4,13.14,False,3.56,31.3,False
10526,2026-06-26,Delhi,Chinese,253.64,16.19,True,4.16,35.4,False
10527,2026-06-26,Surat,North Indian,322.03,14.15,False,4.21,31.1,False
10528,2026-06-26,Bhopal,Italian,406.59,12.99,False,4.12,32.6,False
10529,2026-06-26,Ahmedabad,Chinese,500.86,14.43,False,3.92,33.5,False
10530,2026-06-26,Pune,North Indian,287.88,19.45,True,4.21,35.7,False
10531,2026-06-26,Chandigarh,North Indian,349.56,16.63,False,4.66,32.3,False
10532,2026-06-26,Chandigarh,Italian,461.31,12.16,False,4.67,27.4,False
10533,2026-06-26,Ahmedabad,Desserts & Bakery,197.11,13.93,False,4.8,42.0,False
10534,2026-06-26,Surat,North Indian,408.4,14.53,True,3.44,32.5,False
10535,2026-06-26,Delhi,North Indian,410.09,15.39,True,3.83,24.0,False
10536,2026-06-26,Mumbai,North Indian,486.69,13.55,True,3.7,36.9,False
10537,2026-06-26,Delhi,Chinese,394.85,14.04,True,3.81,25.1,False
10538,2026-06-26,Hyderabad,South Indian,367.16,12.91,False,,34.3,False
10539,2026-06-26,Hyderabad,Italian,712.0,11.54,False,4.33,33.7,False
10540,2026-06-26,Surat,North Indian,364.5,17.78,True,3.61,35.8,False
10541,2026-06-26,Ranchi,Italian,458.26,14.54,False,4.43,38.9,False
10542,2026-06-26,Pune,Chinese,372.42,13.6,True,4.35,36.6,False
10543,2026-06-26,Pune,North Indian,326.88,16.75,False,3.67,29.7,False
10544,2026-06-26,Bhopal,North Indian,504.09,16.51,True,4.06,37.1,False
10545,2026-06-26,Bhopal,North Indian,315.95,10.88,True,4.13,25.1,False
10546,2026-06-26,Pune,North Indian,622.19,12.07,False,4.3,29.3,False
10547,2026-06-26,Hyderabad,North Indian,600.19,13.03,True,4.1,29.2,False
10548,2026-06-26,Nagpur,South Indian,394.51,13.91,True,4.23,34.4,False
10549,2026-06-26,Pune,North Indian,450.59,14.47,False,3.99,29.7,False
10550,2026-06-26,Chennai,Chinese,328.3,17.2,True,3.93,35.5,False
10551,2026-06-26,Bengaluru,South Indian,287.91,14.66,False,4.44,39.4,False
10552,2026-06-26,Mumbai,North Indian,402.91,10.97,False,3.85,46.6,False
10553,2026-06-26,Delhi,North Indian,470.53,13.75,True,4.23,28.4,False
10554,2026-06-26,Guwahati,North Indian,362.27,12.39,False,4.33,40.3,False
10555,2026-06-26,Guwahati,South Indian,279.82,12.81,False,4.12,22.0,False
10556,2026-06-26,Chandigarh,South Indian,253.74,15.06,False,3.72,43.3,False
10557,2026-06-26,Mumbai,Chinese,415.94,11.05,False,4.47,30.5,False
10558,2026-06-26,Mumbai,South Indian,314.35,13.75,False,3.88,42.8,False
10559,2026-06-26,Bengaluru,Italian,441.44,16.77,False,4.01,28.1,False
10560,2026-06-26,Hyderabad,North Indian,399.72,13.2,True,4.34,30.4,False
10561,2026-06-26,Nagpur,Chinese,383.33,16.6,False,4.05,28.2,False
10562,2026-06-26,Hyderabad,North Indian,314.77,15.72,True,4.38,20.7,False
10563,2026-06-26,Delhi,Italian,433.27,12.58,True,4.32,39.7,False
10564,2026-06-26,Chennai,South Indian,193.12,13.09,False,4.24,42.7,False
10565,2026-06-26,Hyderabad,Chinese,308.33,15.17,False,4.33,35.9,False
10566,2026-06-26,Pune,North Indian,569.8,15.37,False,4.27,45.5,False
10567,2026-06-27,Guwahati,Chinese,503.82,16.91,True,4.15,31.9,True
10568,2026-06-27,Ahmedabad,North Indian,440.47,12.09,True,4.75,32.7,True
10569,2026-06-27,Hyderabad,North Indian,494.15,18.35,True,4.19,38.8,True
10570,2026-06-27,Nagpur,South Indian,321.19,18.71,True,5.0,42.0,True
10571,2026-06-27,Pune,Italian,495.97,14.67,True,,33.8,True
10572,2026-06-27,Bengaluru,Chinese,336.61,14.04,True,4.1,21.0,True
10573,2026-06-27,Chennai,South Indian,256.55,13.28,True,4.07,32.6,True
10574,2026-06-27,Guwahati,Chinese,402.74,12.11,False,3.72,29.4,True
10575,2026-06-27,Delhi,North Indian,413.12,13.71,True,,33.6,True
10576,2026-06-27,Bengaluru,North Indian,471.82,13.13,True,4.53,28.0,True
10577,2026-06-27,Chandigarh,South Indian,221.33,12.76,False,4.34,37.2,True
10578,2026-06-27,Ranchi,Chinese,516.46,12.7,False,4.27,27.3,True
10579,2026-06-27,Kochi,Chinese,364.86,12.93,True,3.89,37.9,True
10580,2026-06-27,Chennai,Chinese,276.08,16.97,True,4.14,36.9,True
10581,2026-06-27,Delhi,Chinese,225.05,15.26,True,4.74,27.5,True
10582,2026-06-27,Ranchi,North Indian,344.51,12.18,True,4.67,26.7,True
10583,2026-06-27,Bengaluru,Chinese,365.73,13.8,True,4.08,32.7,True
10584,2026-06-27,Delhi,North Indian,427.68,14.96,True,4.32,31.5,True
10585,2026-06-27,Ranchi,South Indian,244.51,13.64,False,4.16,45.7,True
10586,2026-06-27,Pune,South Indian,184.02,12.92,True,4.19,28.2,True
10587,2026-06-27,Mumbai,Italian,417.07,13.67,True,4.45,24.7,True
10588,2026-06-27,Ahmedabad,Italian,556.87,14.89,False,3.74,25.0,True
10589,2026-06-27,Surat,South Indian,245.12,14.22,True,4.76,34.8,True
10590,2026-06-27,Kochi,North Indian,427.42,13.94,True,4.68,40.9,True
10591,2026-06-27,Ahmedabad,North Indian,325.69,13.1,True,4.44,31.1,True
10592,2026-06-27,Nagpur,North Indian,385.91,14.52,True,4.08,22.2,True
10593,2026-06-27,Delhi,Desserts & Bakery,150.16,14.08,True,,34.7,True
10594,2026-06-27,Chennai,Chinese,366.99,16.46,False,3.9,31.4,True
10595,2026-06-27,Hyderabad,Italian,594.53,13.65,False,3.71,28.8,True
10596,2026-06-27,Chandigarh,Italian,501.19,15.45,True,3.55,29.6,True
10597,2026-06-27,Bhopal,Chinese,464.24,15.65,True,3.76,39.1,True
10598,2026-06-27,Chandigarh,South Indian,172.12,12.99,False,,26.8,True
10599,2026-06-27,Kochi,Chinese,283.45,16.23,True,3.98,39.1,True
10600,2026-06-27,Delhi,South Indian,210.56,15.15,False,4.35,37.6,True
10601,2026-06-27,Pune,Chinese,406.47,12.73,True,4.44,47.6,True
10602,2026-06-27,Bhopal,South Indian,252.91,13.39,False,4.47,28.6,True
10603,2026-06-27,Hyderabad,North Indian,451.74,11.68,False,,31.1,True
10604,2026-06-27,Bhopal,Italian,452.57,14.54,True,4.35,30.2,True
10605,2026-06-27,Pune,Chinese,391.01,15.66,True,3.81,35.8,True
10606,2026-06-27,Chandigarh,Chinese,567.67,12.64,False,3.69,43.7,True
10607,2026-06-27,Hyderabad,Desserts & Bakery,173.6,14.45,True,4.44,31.1,True
10608,2026-06-27,Kochi,South Indian,349.72,15.38,False,,33.7,True
10609,2026-06-27,Mumbai,Desserts & Bakery,95.72,16.33,False,,35.2,True
10610,2026-06-27,Nagpur,South Indian,179.75,13.76,False,,39.6,True
10611,2026-06-27,Hyderabad,North Indian,505.47,11.56,True,4.4,30.2,True
10612,2026-06-27,Delhi,North Indian,399.83,10.84,False,3.85,28.7,True
10613,2026-06-27,Mumbai,North Indian,531.23,12.25,True,3.57,30.1,True
10614,2026-06-27,Pune,South Indian,160.4,15.71,True,4.01,33.3,True
10615,2026-06-27,Ranchi,Italian,615.34,14.59,True,4.18,30.2,True
10616,2026-06-27,Chennai,South Indian,225.5,15.27,True,4.17,35.3,True
10617,2026-06-27,Bengaluru,Chinese,363.38,12.7,True,,35.2,True
10618,2026-06-27,Delhi,North Indian,308.14,15.16,False,,39.7,True
10619,2026-06-27,Ahmedabad,Chinese,315.99,13.87,False,,30.1,True
10620,2026-06-27,Pune,Desserts & Bakery,281.25,14.82,False,,32.9,True
10621,2026-06-27,Mumbai,Italian,679.94,14.26,True,4.56,30.2,True
10622,2026-06-27,Surat,South Indian,312.2,17.58,False,4.06,34.7,True
10623,2026-06-27,Pune,South Indian,318.18,14.1,True,4.21,40.9,True
10624,2026-06-27,Chandigarh,Desserts & Bakery,204.11,16.33,True,4.29,42.4,True
10625,2026-06-27,Ranchi,North Indian,346.31,13.35,True,4.64,40.9,True
10626,2026-06-27,Surat,North Indian,290.75,11.97,True,4.21,31.7,True
10627,2026-06-27,Chennai,Chinese,332.41,13.62,False,3.84,30.7,True
10628,2026-06-27,Pune,North Indian,271.11,12.77,False,3.7,38.2,True
10629,2026-06-27,Chennai,North Indian,382.64,14.61,False,4.72,15.8,True
10630,2026-06-27,Mumbai,North Indian,410.39,12.9,True,4.79,33.1,True
10631,2026-06-27,Ahmedabad,Chinese,473.36,12.07,True,4.38,27.3,True
10632,2026-06-27,Bhopal,South Indian,252.83,14.94,True,4.68,30.4,True
10633,2026-06-27,Bengaluru,South Indian,346.98,12.28,False,3.99,33.3,True
10634,2026-06-27,Hyderabad,South Indian,327.08,15.15,False,4.26,31.1,True
10635,2026-06-27,Chennai,Italian,558.87,16.78,False,3.41,33.6,True
10636,2026-06-27,Chennai,North Indian,386.76,13.72,True,,31.3,True
10637,2026-06-27,Surat,North Indian,474.61,19.41,True,4.7,43.7,True
10638,2026-06-27,Pune,North Indian,289.07,13.02,False,4.21,34.7,True
10639,2026-06-27,Surat,North Indian,381.06,16.86,True,4.0,35.2,True
10640,2026-06-27,Ahmedabad,Chinese,237.04,15.97,False,3.75,41.1,True
10641,2026-06-27,Kochi,North Indian,408.99,13.15,False,3.75,32.8,True
10642,2026-06-27,Chennai,Desserts & Bakery,263.54,15.9,False,4.56,30.1,True
10643,2026-06-27,Ranchi,South Indian,179.42,17.22,False,3.87,32.4,True
10644,2026-06-27,Ranchi,South Indian,243.7,13.03,True,3.89,39.0,True
10645,2026-06-27,Surat,Italian,587.04,14.46,False,,42.0,True
10646,2026-06-27,Bengaluru,Chinese,312.79,16.63,True,3.94,46.1,True
10647,2026-06-27,Hyderabad,Chinese,435.0,13.31,True,4.95,46.0,True
10648,2026-06-27,Delhi,North Indian,408.4,17.57,False,4.74,35.9,True
10649,2026-06-27,Hyderabad,North Indian,341.43,14.2,False,3.88,34.1,True
10650,2026-06-27,Ranchi,South Indian,245.58,18.02,False,4.0,21.0,True
10651,2026-06-27,Surat,North Indian,400.7,16.37,True,4.22,41.4,True
10652,2026-06-27,Bengaluru,North Indian,542.09,16.65,True,5.0,23.0,True
10653,2026-06-27,Ranchi,South Indian,264.58,14.37,False,4.47,37.6,True
10654,2026-06-27,Delhi,Chinese,453.88,14.08,False,3.73,21.6,True
10655,2026-06-27,Ranchi,Chinese,380.49,14.44,True,4.48,35.3,True
10656,2026-06-27,Nagpur,South Indian,178.36,16.74,False,4.03,36.7,True
10657,2026-06-27,Bengaluru,North Indian,486.34,13.61,False,3.96,41.8,True
10658,2026-06-27,Delhi,North Indian,405.7,15.45,True,3.49,35.3,True
10659,2026-06-27,Mumbai,North Indian,537.8,11.7,True,4.05,38.1,True
10660,2026-06-27,Nagpur,Italian,551.86,14.41,False,3.92,28.1,True
10661,2026-06-27,Ahmedabad,North Indian,415.12,14.17,True,5.0,31.9,True
10662,2026-06-27,Nagpur,Chinese,275.61,14.17,False,3.83,40.7,True
10663,2026-06-27,Ranchi,South Indian,294.59,11.22,True,4.03,44.2,True
10664,2026-06-27,Kochi,Italian,609.42,18.24,True,4.14,32.7,True
10665,2026-06-27,Chandigarh,Chinese,334.83,14.41,False,4.41,33.1,True
10666,2026-06-27,Delhi,North Indian,350.34,11.39,False,3.64,41.5,True
10667,2026-06-27,Chennai,North Indian,416.84,11.62,False,4.11,30.4,True
10668,2026-06-27,Hyderabad,Desserts & Bakery,200.83,12.69,False,4.1,29.7,True
10669,2026-06-27,Mumbai,Italian,597.63,14.87,False,4.14,25.7,True
10670,2026-06-27,Chennai,Chinese,341.61,14.35,True,4.3,35.7,True
10671,2026-06-27,Chandigarh,North Indian,476.64,12.39,False,4.01,45.3,True
10672,2026-06-27,Mumbai,Italian,515.75,14.8,True,4.86,44.0,True
10673,2026-06-27,Delhi,North Indian,360.68,11.0,True,4.14,30.5,True
10674,2026-06-27,Hyderabad,Chinese,517.86,12.04,True,3.86,25.1,True
10675,2026-06-27,Bengaluru,Chinese,294.5,15.13,True,,36.7,True
10676,2026-06-27,Delhi,North Indian,303.8,17.21,False,4.39,41.2,True
10677,2026-06-27,Nagpur,Chinese,340.49,13.2,True,3.86,22.2,True
10678,2026-06-27,Hyderabad,North Indian,377.15,14.11,False,3.61,34.7,True
10679,2026-06-27,Mumbai,Desserts & Bakery,222.28,16.24,True,4.43,20.6,True
10680,2026-06-27,Mumbai,Desserts & Bakery,260.28,16.59,False,,32.4,True
10681,2026-06-27,Pune,North Indian,430.36,11.85,False,4.43,37.1,True
10682,2026-06-27,Ranchi,Chinese,439.75,12.69,False,4.42,35.6,True
10683,2026-06-27,Bengaluru,South Indian,328.57,11.43,True,4.24,39.6,True
10684,2026-06-27,Bhopal,North Indian,512.78,16.36,False,4.35,34.9,True
10685,2026-06-27,Bhopal,Italian,637.81,13.85,False,3.93,26.8,True
10686,2026-06-27,Bengaluru,Italian,583.99,14.42,False,3.62,32.6,True
10687,2026-06-27,Kochi,Desserts & Bakery,170.12,12.09,False,4.57,34.3,True
10688,2026-06-27,Kochi,Chinese,404.84,12.98,False,4.46,25.8,True
10689,2026-06-27,Pune,North Indian,355.33,14.31,False,3.64,37.5,True
10690,2026-06-27,Bhopal,Italian,528.52,15.06,False,,29.8,True
10691,2026-06-27,Bengaluru,North Indian,333.03,11.53,True,4.01,30.8,True
10692,2026-06-27,Bhopal,North Indian,421.64,13.74,False,4.46,34.2,True
10693,2026-06-27,Hyderabad,Chinese,288.48,13.62,True,4.23,29.7,True
10694,2026-06-27,Ranchi,South Indian,332.23,12.64,True,4.31,39.6,True
10695,2026-06-27,Mumbai,South Indian,374.46,13.6,True,3.92,38.9,True
10696,2026-06-27,Ahmedabad,Chinese,389.78,12.33,True,3.55,30.9,True
10697,2026-06-27,Hyderabad,Chinese,414.08,14.0,False,3.17,26.5,True
10698,2026-06-27,Pune,Chinese,331.47,16.06,False,4.58,36.2,True
10699,2026-06-27,Ahmedabad,South Indian,286.22,12.94,False,4.23,21.2,True
10700,2026-06-27,Nagpur,Italian,695.49,11.82,True,4.19,32.5,True
10701,2026-06-27,Mumbai,South Indian,199.3,16.65,False,4.48,30.1,True
10702,2026-06-27,Hyderabad,South Indian,225.28,14.44,False,4.67,21.2,True
10703,2026-06-27,Surat,Desserts & Bakery,161.59,14.54,True,4.42,33.5,True
10704,2026-06-28,Chennai,South Indian,343.07,15.28,True,4.58,40.9,True
10705,2026-06-28,Pune,Chinese,245.25,13.78,False,4.13,28.2,True
10706,2026-06-28,Delhi,South Indian,244.34,17.55,False,3.79,28.7,True
10707,2026-06-28,Chennai,South Indian,184.79,15.16,True,3.9,35.8,True
10708,2026-06-28,Mumbai,Italian,339.31,10.26,False,3.72,32.8,True
10709,2026-06-28,Bengaluru,Desserts & Bakery,176.57,15.07,False,4.34,19.1,True
10710,2026-06-28,Pune,North Indian,221.45,14.0,True,3.93,32.7,True
10711,2026-06-28,Hyderabad,Desserts & Bakery,173.95,12.2,True,3.7,34.1,True
10712,2026-06-28,Hyderabad,Italian,564.81,13.99,True,3.9,37.9,True
10713,2026-06-28,Kochi,South Indian,276.55,16.04,False,3.91,34.3,True
10714,2026-06-28,Chennai,Italian,385.02,13.93,True,3.89,37.1,True
10715,2026-06-28,Delhi,South Indian,222.06,17.66,False,4.66,33.0,True
10716,2026-06-28,Chandigarh,North Indian,359.45,14.66,False,3.99,32.2,True
10717,2026-06-28,Bengaluru,South Indian,231.28,17.18,True,,29.1,True
10718,2026-06-28,Ahmedabad,Italian,396.08,15.94,True,4.04,24.2,True
10719,2026-06-28,Nagpur,Chinese,295.58,14.9,True,4.55,21.8,True
10720,2026-06-28,Pune,South Indian,229.47,13.84,True,3.93,16.6,True
10721,2026-06-28,Delhi,North Indian,464.26,13.77,True,3.98,29.1,True
10722,2026-06-28,Guwahati,Chinese,359.61,14.65,True,4.12,31.6,True
10723,2026-06-28,Bhopal,South Indian,313.05,14.8,True,4.05,27.8,True
10724,2026-06-28,Pune,South Indian,230.68,14.91,True,3.79,40.7,True
10725,2026-06-28,Chennai,North Indian,503.65,15.17,True,3.07,29.4,True
10726,2026-06-28,Pune,Desserts & Bakery,134.43,10.72,True,4.01,24.3,True
10727,2026-06-28,Nagpur,North Indian,318.83,16.41,True,4.28,18.8,True
10728,2026-06-28,Nagpur,South Indian,209.45,12.49,False,,41.9,True
10729,2026-06-28,Surat,Chinese,263.33,13.79,True,4.33,39.7,True
10730,2026-06-28,Kochi,Italian,614.38,17.31,True,4.44,22.5,True
10731,2026-06-28,Bhopal,Italian,533.81,19.26,True,4.3,38.8,True
10732,2026-06-28,Surat,North Indian,303.56,9.79,False,4.34,28.0,True
10733,2026-06-28,Nagpur,Desserts & Bakery,160.63,15.1,False,3.64,31.9,True
10734,2026-06-28,Hyderabad,North Indian,440.43,15.11,True,3.87,31.1,True
10735,2026-06-28,Hyderabad,North Indian,584.49,14.37,True,3.73,31.9,True
10736,2026-06-28,Hyderabad,Italian,664.61,14.44,True,4.2,40.1,True
10737,2026-06-28,Ahmedabad,Desserts & Bakery,204.79,15.22,False,4.07,34.2,True
10738,2026-06-28,Chennai,Chinese,446.31,13.07,False,4.23,39.6,True
10739,2026-06-28,Surat,Italian,422.5,13.52,False,4.07,29.4,True
10740,2026-06-28,Delhi,Chinese,314.89,12.95,True,4.05,35.0,True
10741,2026-06-28,Ranchi,Chinese,459.28,11.82,True,4.46,27.7,True
10742,2026-06-28,Mumbai,Desserts & Bakery,276.25,13.97,True,4.15,30.6,True
10743,2026-06-28,Bhopal,Italian,588.64,16.84,False,4.13,22.8,True
10744,2026-06-28,Ahmedabad,Desserts & Bakery,181.52,14.85,True,4.17,31.4,True
10745,2026-06-28,Ahmedabad,Chinese,394.35,15.73,True,4.1,21.4,True
10746,2026-06-28,Nagpur,Chinese,299.86,18.36,True,,37.1,True
10747,2026-06-28,Bhopal,Italian,516.99,17.67,True,4.15,32.3,True
10748,2026-06-28,Ahmedabad,South Indian,350.55,15.93,True,3.76,31.1,True
10749,2026-06-28,Hyderabad,Chinese,357.4,14.3,True,4.15,44.2,True
10750,2026-06-28,Pune,North Indian,283.79,13.11,False,4.38,25.6,True
10751,2026-06-28,Ranchi,Desserts & Bakery,185.37,14.44,True,3.59,40.8,True
10752,2026-06-28,Surat,Desserts & Bakery,218.9,12.35,True,3.96,21.0,True
10753,2026-06-28,Chandigarh,South Indian,324.03,12.83,True,4.51,40.7,True
10754,2026-06-28,Guwahati,North Indian,426.79,17.28,True,3.48,22.7,True
10755,2026-06-28,Bengaluru,North Indian,442.55,13.77,True,3.79,36.0,True
10756,2026-06-28,Chennai,South Indian,313.93,14.37,True,3.62,38.0,True
10757,2026-06-28,Guwahati,Chinese,403.76,16.05,True,4.02,27.7,True
10758,2026-06-28,Bengaluru,North Indian,556.3,16.32,False,4.85,28.3,True
10759,2026-06-28,Ahmedabad,Desserts & Bakery,249.5,16.99,True,4.29,36.8,True
10760,2026-06-28,Surat,Chinese,350.13,12.41,True,3.87,22.6,True
10761,2026-06-28,Hyderabad,Italian,383.28,16.71,True,4.49,28.1,True
10762,2026-06-28,Mumbai,Italian,454.58,12.01,False,4.07,36.4,True
10763,2026-06-28,Nagpur,South Indian,255.32,18.51,True,3.91,40.9,True
10764,2026-06-28,Bhopal,Chinese,450.8,14.29,True,3.45,39.3,True
10765,2026-06-28,Bengaluru,North Indian,414.65,16.45,False,4.45,41.5,True
10766,2026-06-28,Kochi,North Indian,431.52,10.95,True,4.07,35.6,True
10767,2026-06-28,Bengaluru,North Indian,631.24,16.11,False,3.95,48.8,True
10768,2026-06-28,Guwahati,South Indian,212.06,15.27,True,3.65,44.5,True
10769,2026-06-28,Chennai,Italian,437.67,13.84,False,4.29,27.1,True
10770,2026-06-28,Ranchi,South Indian,242.57,13.24,False,4.25,41.5,True
10771,2026-06-28,Mumbai,South Indian,290.17,15.17,True,4.32,24.1,True
10772,2026-06-28,Hyderabad,Desserts & Bakery,259.96,15.98,False,4.55,38.0,True
10773,2026-06-28,Ahmedabad,South Indian,257.87,12.73,False,4.1,14.8,True
10774,2026-06-28,Chennai,Italian,418.7,16.1,True,3.74,31.5,True
10775,2026-06-28,Hyderabad,Italian,685.95,11.67,True,4.11,37.5,True
10776,2026-06-28,Bhopal,Chinese,374.68,11.4,True,4.5,22.8,True
10777,2026-06-28,Hyderabad,South Indian,263.9,13.38,False,4.35,23.2,True
10778,2026-06-28,Bengaluru,North Indian,539.61,19.17,True,4.68,28.6,True
10779,2026-06-28,Bhopal,Desserts & Bakery,252.52,13.15,True,4.25,39.8,True
10780,2026-06-28,Surat,North Indian,343.73,15.95,True,4.07,31.8,True
10781,2026-06-28,Bengaluru,North Indian,431.45,17.05,True,3.78,24.7,True
10782,2026-06-28,Surat,South Indian,350.94,17.97,True,3.5,36.8,True
10783,2026-06-28,Chennai,North Indian,318.88,14.06,True,4.42,35.0,True
10784,2026-06-28,Bhopal,Chinese,240.7,10.81,True,4.65,26.1,True
10785,2026-06-28,Delhi,Chinese,372.9,11.46,False,3.96,35.6,True
10786,2026-06-28,Surat,North Indian,325.0,18.17,False,4.25,36.8,True
10787,2026-06-28,Bengaluru,Chinese,372.49,11.87,True,3.29,27.1,True
10788,2026-06-28,Bhopal,Italian,667.17,12.71,True,4.33,30.2,True
10789,2026-06-28,Chandigarh,South Indian,234.8,16.68,True,3.47,36.7,True
10790,2026-06-28,Surat,North Indian,277.27,14.38,False,3.95,43.2,True
10791,2026-06-28,Chennai,Chinese,306.97,13.54,True,4.11,36.9,True
10792,2026-06-28,Hyderabad,North Indian,419.8,15.84,True,4.05,29.1,True
10793,2026-06-28,Ahmedabad,South Indian,350.51,13.4,True,,30.9,True
10794,2026-06-28,Ranchi,South Indian,241.55,16.45,True,4.83,25.7,True
10795,2026-06-28,Bengaluru,North Indian,281.69,13.0,False,4.16,30.5,True
10796,2026-06-28,Bengaluru,Chinese,328.57,14.35,True,,24.7,True
10797,2026-06-28,Chennai,Italian,600.49,15.02,True,4.45,33.0,True
10798,2026-06-28,Pune,Italian,455.77,16.05,True,3.68,28.6,True
10799,2026-06-28,Pune,South Indian,276.8,14.82,True,4.23,34.6,True
10800,2026-06-28,Chandigarh,North Indian,414.11,15.84,False,4.2,39.4,True
10801,2026-06-28,Ahmedabad,Italian,601.46,19.14,False,4.52,49.6,True
10802,2026-06-28,Kochi,South Indian,361.67,12.96,False,3.17,34.0,True
10803,2026-06-28,Mumbai,South Indian,303.98,13.13,False,4.15,44.5,True
10804,2026-06-28,Chennai,North Indian,314.93,16.64,False,4.09,37.8,True
10805,2026-06-28,Chandigarh,North Indian,318.9,18.32,False,4.55,16.9,True
10806,2026-06-28,Pune,Italian,640.58,13.32,True,,40.8,True
10807,2026-06-28,Hyderabad,North Indian,401.38,14.31,False,4.11,32.4,True
10808,2026-06-28,Ranchi,Chinese,446.78,13.9,False,4.16,26.4,True
10809,2026-06-28,Ahmedabad,South Indian,285.66,10.09,True,3.73,33.2,True
10810,2026-06-28,Mumbai,North Indian,415.52,17.7,False,3.87,41.9,True
10811,2026-06-28,Surat,Chinese,483.44,14.13,True,4.88,38.0,True
10812,2026-06-28,Mumbai,South Indian,187.26,15.52,True,4.07,37.0,True
10813,2026-06-28,Pune,North Indian,423.14,14.83,False,4.36,36.6,True
10814,2026-06-28,Kochi,South Indian,219.79,16.85,False,4.5,23.3,True
10815,2026-06-28,Mumbai,North Indian,331.41,13.43,True,4.13,32.4,True
10816,2026-06-28,Mumbai,Desserts & Bakery,322.99,15.68,False,4.88,28.8,True
10817,2026-06-28,Delhi,South Indian,305.49,14.3,False,4.33,41.2,True
10818,2026-06-28,Chennai,Chinese,324.1,12.4,False,4.45,23.4,True
10819,2026-06-28,Bhopal,South Indian,318.68,15.32,True,3.27,38.8,True
10820,2026-06-28,Ahmedabad,South Indian,277.55,14.24,True,4.15,39.2,True
10821,2026-06-28,Hyderabad,North Indian,439.86,15.42,False,,35.9,True
10822,2026-06-28,Bhopal,North Indian,424.9,15.45,False,4.27,40.0,True
10823,2026-06-28,Chandigarh,Desserts & Bakery,259.29,12.63,True,,37.0,True
10824,2026-06-28,Kochi,North Indian,328.53,11.65,True,5.0,44.0,True
10825,2026-06-28,Bengaluru,Chinese,194.17,15.45,False,3.78,37.3,True
10826,2026-06-28,Delhi,North Indian,465.13,16.24,True,3.89,31.8,True
10827,2026-06-28,Mumbai,Chinese,246.75,16.09,False,,33.9,True
10828,2026-06-28,Bhopal,North Indian,355.49,13.98,True,3.88,36.2,True
10829,2026-06-28,Nagpur,Desserts & Bakery,146.14,15.75,False,,29.9,True
10830,2026-06-28,Guwahati,North Indian,396.02,17.54,True,3.85,35.2,True
10831,2026-06-28,Nagpur,Italian,381.22,15.94,False,,31.9,True
10832,2026-06-28,Surat,North Indian,436.29,13.69,True,4.22,33.3,True
10833,2026-06-28,Chennai,Italian,471.59,11.44,True,4.38,29.7,True
10834,2026-06-28,Ranchi,Italian,535.35,16.63,True,4.54,43.1,True
10835,2026-06-28,Pune,North Indian,358.0,13.27,True,4.52,20.8,True
10836,2026-06-28,Guwahati,North Indian,419.07,15.79,True,4.17,42.2,True
10837,2026-06-28,Mumbai,North Indian,460.8,11.24,True,3.67,27.7,True
10838,2026-06-29,Chandigarh,Chinese,358.14,12.47,True,4.19,48.0,False
10839,2026-06-29,Pune,South Indian,283.97,14.63,False,4.22,35.7,False
10840,2026-06-29,Nagpur,South Indian,249.67,15.75,False,4.03,41.9,False
10841,2026-06-29,Mumbai,Italian,727.18,13.6,True,4.03,33.7,False
10842,2026-06-29,Delhi,Italian,488.63,15.19,True,4.29,30.1,False
10843,2026-06-29,Mumbai,South Indian,281.55,12.88,False,3.99,40.4,False
10844,2026-06-29,Chennai,Chinese,460.05,15.99,True,4.38,31.0,False
10845,2026-06-29,Bengaluru,Chinese,314.07,16.71,True,4.55,28.4,False
10846,2026-06-29,Chennai,North Indian,375.2,16.19,True,4.15,33.2,False
10847,2026-06-29,Ranchi,North Indian,423.52,17.93,False,4.26,24.7,False
10848,2026-06-29,Delhi,Chinese,493.22,12.78,True,3.6,36.3,False
10849,2026-06-29,Ranchi,South Indian,218.38,14.27,True,4.94,39.1,False
10850,2026-06-29,Nagpur,South Indian,260.71,17.05,True,4.21,30.0,False
10851,2026-06-29,Mumbai,Desserts & Bakery,179.11,13.98,True,4.14,33.3,False
10852,2026-06-29,Surat,Italian,807.35,15.93,True,4.26,17.7,False
10853,2026-06-29,Delhi,North Indian,469.05,13.4,False,4.7,33.5,False
10854,2026-06-29,Pune,Italian,645.97,17.12,True,3.63,37.3,False
10855,2026-06-29,Hyderabad,Italian,420.94,13.35,False,4.55,27.1,False
10856,2026-06-29,Pune,North Indian,424.87,12.02,False,4.16,38.7,False
10857,2026-06-29,Mumbai,Chinese,494.17,11.94,False,4.11,30.9,False
10858,2026-06-29,Kochi,Chinese,431.98,14.24,True,3.79,28.3,False
10859,2026-06-29,Chennai,South Indian,269.29,12.8,False,3.64,50.3,False
10860,2026-06-29,Delhi,Chinese,221.84,10.85,True,4.78,42.4,False
10861,2026-06-29,Chennai,Chinese,361.05,15.59,False,4.49,33.0,False
10862,2026-06-29,Pune,South Indian,319.86,11.13,True,3.61,34.5,False
10863,2026-06-29,Surat,South Indian,238.88,12.18,True,3.85,28.8,False
10864,2026-06-29,Nagpur,Desserts & Bakery,249.14,16.12,True,4.52,31.9,False
10865,2026-06-29,Bengaluru,Chinese,178.75,16.41,False,4.89,31.8,False
10866,2026-06-29,Chandigarh,North Indian,384.19,15.47,True,3.76,33.1,False
10867,2026-06-29,Mumbai,South Indian,262.24,14.31,True,4.17,40.5,False
10868,2026-06-29,Hyderabad,Italian,669.57,14.26,False,3.57,22.6,False
10869,2026-06-29,Mumbai,Chinese,458.07,13.92,False,3.62,25.0,False
10870,2026-06-29,Hyderabad,North Indian,607.79,15.26,True,,38.6,False
10871,2026-06-29,Nagpur,Desserts & Bakery,290.3,12.82,True,4.22,21.1,False
10872,2026-06-29,Chandigarh,Chinese,348.26,17.69,True,3.78,32.6,False
10873,2026-06-29,Kochi,Italian,526.59,13.82,False,4.71,28.7,False
10874,2026-06-29,Hyderabad,North Indian,426.23,13.82,True,3.69,32.4,False
10875,2026-06-29,Surat,South Indian,245.54,15.97,False,3.84,41.1,False
10876,2026-06-29,Delhi,North Indian,382.17,12.96,True,3.8,21.5,False
10877,2026-06-29,Delhi,Italian,555.36,17.02,False,4.08,29.2,False
10878,2026-06-29,Bengaluru,North Indian,381.06,14.14,False,3.95,36.5,False
10879,2026-06-29,Ahmedabad,North Indian,423.77,11.23,True,3.58,30.9,False
10880,2026-06-29,Ahmedabad,South Indian,226.29,16.83,False,4.63,27.7,False
10881,2026-06-29,Pune,North Indian,521.5,14.71,True,,32.1,False
10882,2026-06-29,Bengaluru,Desserts & Bakery,188.42,16.05,True,4.52,36.2,False
10883,2026-06-29,Pune,Italian,412.28,12.04,True,4.05,34.4,False
10884,2026-06-29,Chennai,North Indian,344.35,13.97,False,4.73,35.4,False
10885,2026-06-29,Pune,Desserts & Bakery,266.52,14.71,False,4.97,28.1,False
10886,2026-06-29,Pune,South Indian,124.13,12.04,False,4.65,39.6,False
10887,2026-06-29,Delhi,North Indian,514.61,10.96,True,,36.9,False
10888,2026-06-29,Delhi,North Indian,560.66,15.24,False,4.21,37.5,False
10889,2026-06-29,Guwahati,South Indian,214.39,16.16,False,4.35,34.2,False
10890,2026-06-29,Guwahati,Desserts & Bakery,251.03,9.32,True,4.55,21.2,False
10891,2026-06-29,Pune,North Indian,354.23,16.7,True,3.93,39.4,False
10892,2026-06-29,Guwahati,Chinese,354.96,14.8,True,3.91,35.6,False
10893,2026-06-29,Nagpur,Chinese,182.64,14.89,False,,35.3,False
10894,2026-06-29,Chennai,Desserts & Bakery,290.12,18.7,True,5.0,32.9,False
10895,2026-06-29,Delhi,Desserts & Bakery,222.22,12.85,False,3.74,27.4,False
10896,2026-06-29,Mumbai,Desserts & Bakery,208.52,15.73,False,4.14,28.3,False
10897,2026-06-29,Surat,Desserts & Bakery,189.29,14.25,True,4.12,27.0,False
10898,2026-06-29,Bengaluru,South Indian,282.42,14.01,True,3.72,29.8,False
10899,2026-06-29,Mumbai,North Indian,620.87,13.58,True,,46.4,False
10900,2026-06-29,Ranchi,Chinese,312.42,18.22,False,,40.6,False
10901,2026-06-29,Guwahati,Desserts & Bakery,155.68,16.79,True,4.66,36.2,False
10902,2026-06-29,Chandigarh,South Indian,212.66,15.37,False,3.68,46.5,False
10903,2026-06-29,Chandigarh,North Indian,350.65,13.87,True,3.55,36.7,False
10904,2026-06-29,Chennai,Chinese,444.11,12.22,True,4.31,24.8,False
10905,2026-06-29,Ranchi,Italian,583.64,15.43,True,3.86,39.3,False
10906,2026-06-29,Kochi,South Indian,251.75,15.15,False,3.98,37.8,False
10907,2026-06-29,Kochi,Chinese,375.98,15.22,True,4.2,34.8,False
10908,2026-06-29,Nagpur,South Indian,371.7,14.62,True,3.3,44.8,False
10909,2026-06-29,Surat,North Indian,447.27,14.48,True,4.7,39.0,False
10910,2026-06-29,Bhopal,North Indian,473.45,16.74,True,4.32,48.8,False
10911,2026-06-29,Delhi,Chinese,236.3,14.8,False,4.22,29.4,False
10912,2026-06-29,Hyderabad,North Indian,428.49,14.46,False,3.57,30.7,False
10913,2026-06-29,Kochi,North Indian,328.32,11.31,True,4.4,34.2,False
10914,2026-06-29,Bengaluru,South Indian,265.47,10.33,False,3.98,34.8,False
10915,2026-06-29,Delhi,Desserts & Bakery,220.19,13.79,True,4.29,53.2,False
10916,2026-06-29,Ahmedabad,Chinese,244.86,15.6,False,,42.7,False
10917,2026-06-29,Kochi,Chinese,235.67,13.55,False,4.32,28.9,False
10918,2026-06-29,Chandigarh,Desserts & Bakery,150.34,14.54,True,4.01,38.7,False
10919,2026-06-29,Bengaluru,Chinese,331.47,12.62,False,3.86,37.6,False
10920,2026-06-29,Surat,Chinese,367.98,10.1,False,4.17,33.4,False
10921,2026-06-29,Pune,Chinese,361.48,14.5,True,4.23,32.6,False
10922,2026-06-29,Ranchi,Italian,523.59,16.04,True,3.71,35.8,False
10923,2026-06-29,Chennai,Chinese,396.55,16.88,True,4.78,21.7,False
10924,2026-06-29,Chennai,North Indian,553.91,17.22,True,3.75,23.8,False
10925,2026-06-29,Hyderabad,Chinese,553.65,14.59,False,4.1,34.5,False
10926,2026-06-29,Bengaluru,Italian,534.19,15.46,False,3.94,33.0,False
10927,2026-06-29,Ahmedabad,Chinese,369.92,10.38,False,4.35,27.7,False
10928,2026-06-29,Guwahati,North Indian,326.67,13.15,False,4.35,23.1,False
10929,2026-06-29,Hyderabad,South Indian,185.84,13.12,True,,38.5,False
10930,2026-06-29,Bengaluru,Chinese,385.94,15.63,False,4.01,26.2,False
10931,2026-06-29,Chandigarh,North Indian,462.34,16.22,True,4.18,21.9,False
10932,2026-06-29,Ranchi,Desserts & Bakery,246.86,17.22,False,,35.0,False
